ticker,period_end,item,tag,accession,filed
AAPL,2021-09-25,total_assets,Assets,0000320193-22-000108,2022-10-28
AAPL,2022-09-24,total_assets,Assets,0000320193-23-000106,2023-11-03
AAPL,2023-09-30,total_assets,Assets,0000320193-24-000123,2024-11-01
AAPL,2024-09-28,total_assets,Assets,0000320193-25-000079,2025-10-31
AAPL,2025-09-27,total_assets,Assets,0000320193-25-000079,2025-10-31
AAPL,2021-09-25,total_liabilities,Liabilities,0000320193-22-000108,2022-10-28
AAPL,2022-09-24,total_liabilities,Liabilities,0000320193-23-000106,2023-11-03
AAPL,2023-09-30,total_liabilities,Liabilities,0000320193-24-000123,2024-11-01
AAPL,2024-09-28,total_liabilities,Liabilities,0000320193-25-000079,2025-10-31
AAPL,2025-09-27,total_liabilities,Liabilities,0000320193-25-000079,2025-10-31
AAPL,2021-09-25,stockholders_equity,StockholdersEquity,0000320193-24-000123,2024-11-01
AAPL,2024-09-28,stockholders_equity,StockholdersEquity,0000320193-25-000079,2025-10-31
AAPL,2022-09-24,stockholders_equity,StockholdersEquity,0000320193-25-000079,2025-10-31
AAPL,2023-09-30,stockholders_equity,StockholdersEquity,0000320193-25-000079,2025-10-31
AAPL,2025-09-27,stockholders_equity,StockholdersEquity,0000320193-25-000079,2025-10-31
AAPL,2021-09-25,total_equity_incl_nci,StockholdersEquity,0000320193-24-000123,2024-11-01
AAPL,2024-09-28,total_equity_incl_nci,StockholdersEquity,0000320193-25-000079,2025-10-31
AAPL,2022-09-24,total_equity_incl_nci,StockholdersEquity,0000320193-25-000079,2025-10-31
AAPL,2023-09-30,total_equity_incl_nci,StockholdersEquity,0000320193-25-000079,2025-10-31
AAPL,2025-09-27,total_equity_incl_nci,StockholdersEquity,0000320193-25-000079,2025-10-31
AAPL,2021-09-25,current_assets,AssetsCurrent,0000320193-22-000108,2022-10-28
AAPL,2022-09-24,current_assets,AssetsCurrent,0000320193-23-000106,2023-11-03
AAPL,2023-09-30,current_assets,AssetsCurrent,0000320193-24-000123,2024-11-01
AAPL,2024-09-28,current_assets,AssetsCurrent,0000320193-25-000079,2025-10-31
AAPL,2025-09-27,current_assets,AssetsCurrent,0000320193-25-000079,2025-10-31
AAPL,2021-09-25,current_liabilities,LiabilitiesCurrent,0000320193-22-000108,2022-10-28
AAPL,2022-09-24,current_liabilities,LiabilitiesCurrent,0000320193-23-000106,2023-11-03
AAPL,2023-09-30,current_liabilities,LiabilitiesCurrent,0000320193-24-000123,2024-11-01
AAPL,2024-09-28,current_liabilities,LiabilitiesCurrent,0000320193-25-000079,2025-10-31
AAPL,2025-09-27,current_liabilities,LiabilitiesCurrent,0000320193-25-000079,2025-10-31
AAPL,2021-09-25,retained_earnings,RetainedEarningsAccumulatedDeficit,0000320193-22-000108,2022-10-28
AAPL,2022-09-24,retained_earnings,RetainedEarningsAccumulatedDeficit,0000320193-23-000106,2023-11-03
AAPL,2023-09-30,retained_earnings,RetainedEarningsAccumulatedDeficit,0000320193-24-000123,2024-11-01
AAPL,2024-09-28,retained_earnings,RetainedEarningsAccumulatedDeficit,0000320193-25-000079,2025-10-31
AAPL,2025-09-27,retained_earnings,RetainedEarningsAccumulatedDeficit,0000320193-25-000079,2025-10-31
AAPL,2021-09-25,revenue,RevenueFromContractWithCustomerExcludingAssessedTax,0000320193-23-000106,2023-11-03
AAPL,2022-09-24,revenue,RevenueFromContractWithCustomerExcludingAssessedTax,0000320193-24-000123,2024-11-01
AAPL,2023-09-30,revenue,RevenueFromContractWithCustomerExcludingAssessedTax,0000320193-25-000079,2025-10-31
AAPL,2024-09-28,revenue,RevenueFromContractWithCustomerExcludingAssessedTax,0000320193-25-000079,2025-10-31
AAPL,2025-09-27,revenue,RevenueFromContractWithCustomerExcludingAssessedTax,0000320193-25-000079,2025-10-31
AAPL,2021-09-25,operating_income,OperatingIncomeLoss,0000320193-23-000106,2023-11-03
AAPL,2022-09-24,operating_income,OperatingIncomeLoss,0000320193-24-000123,2024-11-01
AAPL,2024-09-28,operating_income,OperatingIncomeLoss,0000320193-25-000079,2025-10-31
AAPL,2023-09-30,operating_income,OperatingIncomeLoss,0000320193-25-000079,2025-10-31
AAPL,2025-09-27,operating_income,OperatingIncomeLoss,0000320193-25-000079,2025-10-31
AAPL,2021-09-25,net_income,NetIncomeLoss,0000320193-23-000106,2023-11-03
AAPL,2022-09-24,net_income,NetIncomeLoss,0000320193-24-000123,2024-11-01
AAPL,2024-09-28,net_income,NetIncomeLoss,0000320193-25-000079,2025-10-31
AAPL,2023-09-30,net_income,NetIncomeLoss,0000320193-25-000079,2025-10-31
AAPL,2025-09-27,net_income,NetIncomeLoss,0000320193-25-000079,2025-10-31
AAPL,2021-09-25,pretax_income,IncomeLossFromContinuingOperationsBeforeIncomeTaxesExtraordinaryItemsNoncontrollingInterest,0000320193-23-000106,2023-11-03
AAPL,2022-09-24,pretax_income,IncomeLossFromContinuingOperationsBeforeIncomeTaxesExtraordinaryItemsNoncontrollingInterest,0000320193-24-000123,2024-11-01
AAPL,2024-09-28,pretax_income,IncomeLossFromContinuingOperationsBeforeIncomeTaxesExtraordinaryItemsNoncontrollingInterest,0000320193-25-000079,2025-10-31
AAPL,2023-09-30,pretax_income,IncomeLossFromContinuingOperationsBeforeIncomeTaxesExtraordinaryItemsNoncontrollingInterest,0000320193-25-000079,2025-10-31
AAPL,2025-09-27,pretax_income,IncomeLossFromContinuingOperationsBeforeIncomeTaxesExtraordinaryItemsNoncontrollingInterest,0000320193-25-000079,2025-10-31
AAPL,2021-09-25,interest_expense,InterestExpense,0000320193-23-000106,2023-11-03
AAPL,2022-09-24,interest_expense,InterestExpense,0000320193-23-000106,2023-11-03
AAPL,2023-09-30,interest_expense,InterestExpense,0000320193-23-000106,2023-11-03
AAPL,2021-09-25,operating_cash_flow,NetCashProvidedByUsedInOperatingActivities,0000320193-23-000106,2023-11-03
AAPL,2022-09-24,operating_cash_flow,NetCashProvidedByUsedInOperatingActivities,0000320193-24-000123,2024-11-01
AAPL,2024-09-28,operating_cash_flow,NetCashProvidedByUsedInOperatingActivities,0000320193-25-000079,2025-10-31
AAPL,2023-09-30,operating_cash_flow,NetCashProvidedByUsedInOperatingActivities,0000320193-25-000079,2025-10-31
AAPL,2025-09-27,operating_cash_flow,NetCashProvidedByUsedInOperatingActivities,0000320193-25-000079,2025-10-31
MSFT,2022-06-30,total_assets,Assets,0000950170-23-035122,2023-07-27
MSFT,2023-06-30,total_assets,Assets,0000950170-24-087843,2024-07-30
MSFT,2024-06-30,total_assets,Assets,0000950170-25-100235,2025-07-30
MSFT,2025-06-30,total_assets,Assets,0001193125-26-323660,2026-07-29
MSFT,2026-06-30,total_assets,Assets,0001193125-26-323660,2026-07-29
MSFT,2022-06-30,total_liabilities,Liabilities,0000950170-23-035122,2023-07-27
MSFT,2023-06-30,total_liabilities,Liabilities,0000950170-24-087843,2024-07-30
MSFT,2024-06-30,total_liabilities,Liabilities,0000950170-25-100235,2025-07-30
MSFT,2025-06-30,total_liabilities,Liabilities,0001193125-26-323660,2026-07-29
MSFT,2026-06-30,total_liabilities,Liabilities,0001193125-26-323660,2026-07-29
MSFT,2022-06-30,stockholders_equity,StockholdersEquity,0000950170-24-087843,2024-07-30
MSFT,2023-06-30,stockholders_equity,StockholdersEquity,0000950170-25-100235,2025-07-30
MSFT,2025-06-30,stockholders_equity,StockholdersEquity,0001193125-26-323660,2026-07-29
MSFT,2024-06-30,stockholders_equity,StockholdersEquity,0001193125-26-323660,2026-07-29
MSFT,2026-06-30,stockholders_equity,StockholdersEquity,0001193125-26-323660,2026-07-29
MSFT,2022-06-30,total_equity_incl_nci,StockholdersEquity,0000950170-24-087843,2024-07-30
MSFT,2023-06-30,total_equity_incl_nci,StockholdersEquity,0000950170-25-100235,2025-07-30
MSFT,2025-06-30,total_equity_incl_nci,StockholdersEquity,0001193125-26-323660,2026-07-29
MSFT,2024-06-30,total_equity_incl_nci,StockholdersEquity,0001193125-26-323660,2026-07-29
MSFT,2026-06-30,total_equity_incl_nci,StockholdersEquity,0001193125-26-323660,2026-07-29
MSFT,2022-06-30,current_assets,AssetsCurrent,0000950170-23-035122,2023-07-27
MSFT,2023-06-30,current_assets,AssetsCurrent,0000950170-24-087843,2024-07-30
MSFT,2024-06-30,current_assets,AssetsCurrent,0000950170-25-100235,2025-07-30
MSFT,2025-06-30,current_assets,AssetsCurrent,0001193125-26-323660,2026-07-29
MSFT,2026-06-30,current_assets,AssetsCurrent,0001193125-26-323660,2026-07-29
MSFT,2022-06-30,current_liabilities,LiabilitiesCurrent,0000950170-23-035122,2023-07-27
MSFT,2023-06-30,current_liabilities,LiabilitiesCurrent,0000950170-24-087843,2024-07-30
MSFT,2024-06-30,current_liabilities,LiabilitiesCurrent,0000950170-25-100235,2025-07-30
MSFT,2025-06-30,current_liabilities,LiabilitiesCurrent,0001193125-26-323660,2026-07-29
MSFT,2026-06-30,current_liabilities,LiabilitiesCurrent,0001193125-26-323660,2026-07-29
MSFT,2022-06-30,retained_earnings,RetainedEarningsAccumulatedDeficit,0000950170-23-035122,2023-07-27
MSFT,2023-06-30,retained_earnings,RetainedEarningsAccumulatedDeficit,0000950170-24-087843,2024-07-30
MSFT,2024-06-30,retained_earnings,RetainedEarningsAccumulatedDeficit,0000950170-25-100235,2025-07-30
MSFT,2025-06-30,retained_earnings,RetainedEarningsAccumulatedDeficit,0001193125-26-323660,2026-07-29
MSFT,2026-06-30,retained_earnings,RetainedEarningsAccumulatedDeficit,0001193125-26-323660,2026-07-29
MSFT,2022-06-30,revenue,RevenueFromContractWithCustomerExcludingAssessedTax,0000950170-24-087843,2024-07-30
MSFT,2023-06-30,revenue,RevenueFromContractWithCustomerExcludingAssessedTax,0000950170-25-100235,2025-07-30
MSFT,2024-06-30,revenue,RevenueFromContractWithCustomerExcludingAssessedTax,0001193125-26-323660,2026-07-29
MSFT,2025-06-30,revenue,RevenueFromContractWithCustomerExcludingAssessedTax,0001193125-26-323660,2026-07-29
MSFT,2026-06-30,revenue,RevenueFromContractWithCustomerExcludingAssessedTax,0001193125-26-323660,2026-07-29
MSFT,2022-06-30,operating_income,OperatingIncomeLoss,0000950170-24-087843,2024-07-30
MSFT,2023-06-30,operating_income,OperatingIncomeLoss,0000950170-25-100235,2025-07-30
MSFT,2025-06-30,operating_income,OperatingIncomeLoss,0001193125-26-323660,2026-07-29
MSFT,2024-06-30,operating_income,OperatingIncomeLoss,0001193125-26-323660,2026-07-29
MSFT,2026-06-30,operating_income,OperatingIncomeLoss,0001193125-26-323660,2026-07-29
MSFT,2022-06-30,net_income,NetIncomeLoss,0000950170-24-087843,2024-07-30
MSFT,2023-06-30,net_income,NetIncomeLoss,0000950170-25-100235,2025-07-30
MSFT,2025-06-30,net_income,NetIncomeLoss,0001193125-26-323660,2026-07-29
MSFT,2024-06-30,net_income,NetIncomeLoss,0001193125-26-323660,2026-07-29
MSFT,2026-06-30,net_income,NetIncomeLoss,0001193125-26-323660,2026-07-29
MSFT,2022-06-30,pretax_income,IncomeLossFromContinuingOperationsBeforeIncomeTaxesExtraordinaryItemsNoncontrollingInterest,0000950170-24-087843,2024-07-30
MSFT,2023-06-30,pretax_income,IncomeLossFromContinuingOperationsBeforeIncomeTaxesExtraordinaryItemsNoncontrollingInterest,0000950170-25-100235,2025-07-30
MSFT,2024-06-30,pretax_income,IncomeLossFromContinuingOperationsBeforeIncomeTaxesExtraordinaryItemsNoncontrollingInterest,0001193125-26-323660,2026-07-29
MSFT,2025-06-30,pretax_income,IncomeLossFromContinuingOperationsBeforeIncomeTaxesExtraordinaryItemsNoncontrollingInterest,0001193125-26-323660,2026-07-29
MSFT,2026-06-30,pretax_income,IncomeLossFromContinuingOperationsBeforeIncomeTaxesExtraordinaryItemsNoncontrollingInterest,0001193125-26-323660,2026-07-29
MSFT,2023-06-30,interest_expense,InterestExpense,0000950170-24-087843,2024-07-30
MSFT,2022-06-30,interest_expense,InterestExpense,0000950170-24-087843,2024-07-30
MSFT,2024-06-30,interest_expense,InterestExpense,0000950170-24-087843,2024-07-30
MSFT,2025-06-30,interest_expense,InterestExpenseNonoperating,0001193125-26-323660,2026-07-29
MSFT,2026-06-30,interest_expense,InterestExpenseNonoperating,0001193125-26-323660,2026-07-29
MSFT,2022-06-30,operating_cash_flow,NetCashProvidedByUsedInOperatingActivities,0000950170-24-087843,2024-07-30
MSFT,2023-06-30,operating_cash_flow,NetCashProvidedByUsedInOperatingActivities,0000950170-25-100235,2025-07-30
MSFT,2025-06-30,operating_cash_flow,NetCashProvidedByUsedInOperatingActivities,0001193125-26-323660,2026-07-29
MSFT,2024-06-30,operating_cash_flow,NetCashProvidedByUsedInOperatingActivities,0001193125-26-323660,2026-07-29
MSFT,2026-06-30,operating_cash_flow,NetCashProvidedByUsedInOperatingActivities,0001193125-26-323660,2026-07-29
NVDA,2022-01-30,total_assets,Assets,0001045810-23-000017,2023-02-24
NVDA,2023-01-29,total_assets,Assets,0001045810-24-000029,2024-02-21
NVDA,2024-01-28,total_assets,Assets,0001045810-25-000023,2025-02-26
NVDA,2025-01-26,total_assets,Assets,0001045810-26-000021,2026-02-25
NVDA,2026-01-25,total_assets,Assets,0001045810-26-000021,2026-02-25
NVDA,2022-01-30,total_liabilities,Liabilities,0001045810-23-000017,2023-02-24
NVDA,2023-01-29,total_liabilities,Liabilities,0001045810-24-000029,2024-02-21
NVDA,2024-01-28,total_liabilities,Liabilities,0001045810-25-000023,2025-02-26
NVDA,2025-01-26,total_liabilities,Liabilities,0001045810-26-000021,2026-02-25
NVDA,2026-01-25,total_liabilities,Liabilities,0001045810-26-000021,2026-02-25
NVDA,2022-01-30,stockholders_equity,StockholdersEquity,0001045810-25-000023,2025-02-26
NVDA,2023-01-29,stockholders_equity,StockholdersEquity,0001045810-26-000021,2026-02-25
NVDA,2025-01-26,stockholders_equity,StockholdersEquity,0001045810-26-000021,2026-02-25
NVDA,2024-01-28,stockholders_equity,StockholdersEquity,0001045810-26-000021,2026-02-25
NVDA,2026-01-25,stockholders_equity,StockholdersEquity,0001045810-26-000021,2026-02-25
NVDA,2022-01-30,total_equity_incl_nci,StockholdersEquity,0001045810-25-000023,2025-02-26
NVDA,2023-01-29,total_equity_incl_nci,StockholdersEquity,0001045810-26-000021,2026-02-25
NVDA,2025-01-26,total_equity_incl_nci,StockholdersEquity,0001045810-26-000021,2026-02-25
NVDA,2024-01-28,total_equity_incl_nci,StockholdersEquity,0001045810-26-000021,2026-02-25
NVDA,2026-01-25,total_equity_incl_nci,StockholdersEquity,0001045810-26-000021,2026-02-25
NVDA,2022-01-30,current_assets,AssetsCurrent,0001045810-23-000017,2023-02-24
NVDA,2023-01-29,current_assets,AssetsCurrent,0001045810-24-000029,2024-02-21
NVDA,2024-01-28,current_assets,AssetsCurrent,0001045810-25-000023,2025-02-26
NVDA,2025-01-26,current_assets,AssetsCurrent,0001045810-26-000021,2026-02-25
NVDA,2026-01-25,current_assets,AssetsCurrent,0001045810-26-000021,2026-02-25
NVDA,2022-01-30,current_liabilities,LiabilitiesCurrent,0001045810-23-000017,2023-02-24
NVDA,2023-01-29,current_liabilities,LiabilitiesCurrent,0001045810-24-000029,2024-02-21
NVDA,2024-01-28,current_liabilities,LiabilitiesCurrent,0001045810-25-000023,2025-02-26
NVDA,2025-01-26,current_liabilities,LiabilitiesCurrent,0001045810-26-000021,2026-02-25
NVDA,2026-01-25,current_liabilities,LiabilitiesCurrent,0001045810-26-000021,2026-02-25
NVDA,2022-01-30,retained_earnings,RetainedEarningsAccumulatedDeficit,0001045810-23-000017,2023-02-24
NVDA,2023-01-29,retained_earnings,RetainedEarningsAccumulatedDeficit,0001045810-24-000029,2024-02-21
NVDA,2024-01-28,retained_earnings,RetainedEarningsAccumulatedDeficit,0001045810-25-000023,2025-02-26
NVDA,2025-01-26,retained_earnings,RetainedEarningsAccumulatedDeficit,0001045810-26-000021,2026-02-25
NVDA,2026-01-25,retained_earnings,RetainedEarningsAccumulatedDeficit,0001045810-26-000021,2026-02-25
NVDA,2022-01-30,revenue,Revenues,0001045810-24-000029,2024-02-21
NVDA,2023-01-29,revenue,Revenues,0001045810-25-000023,2025-02-26
NVDA,2025-01-26,revenue,Revenues,0001045810-26-000021,2026-02-25
NVDA,2024-01-28,revenue,Revenues,0001045810-26-000021,2026-02-25
NVDA,2026-01-25,revenue,Revenues,0001045810-26-000021,2026-02-25
NVDA,2022-01-30,operating_income,OperatingIncomeLoss,0001045810-24-000029,2024-02-21
NVDA,2023-01-29,operating_income,OperatingIncomeLoss,0001045810-25-000023,2025-02-26
NVDA,2025-01-26,operating_income,OperatingIncomeLoss,0001045810-26-000021,2026-02-25
NVDA,2024-01-28,operating_income,OperatingIncomeLoss,0001045810-26-000021,2026-02-25
NVDA,2026-01-25,operating_income,OperatingIncomeLoss,0001045810-26-000021,2026-02-25
NVDA,2022-01-30,net_income,NetIncomeLoss,0001045810-24-000029,2024-02-21
NVDA,2023-01-29,net_income,NetIncomeLoss,0001045810-25-000023,2025-02-26
NVDA,2025-01-26,net_income,NetIncomeLoss,0001045810-26-000021,2026-02-25
NVDA,2024-01-28,net_income,NetIncomeLoss,0001045810-26-000021,2026-02-25
NVDA,2026-01-25,net_income,NetIncomeLoss,0001045810-26-000021,2026-02-25
NVDA,2022-01-30,pretax_income,IncomeLossFromContinuingOperationsBeforeIncomeTaxesExtraordinaryItemsNoncontrollingInterest,0001045810-24-000029,2024-02-21
NVDA,2023-01-29,pretax_income,IncomeLossFromContinuingOperationsBeforeIncomeTaxesExtraordinaryItemsNoncontrollingInterest,0001045810-25-000023,2025-02-26
NVDA,2024-01-28,pretax_income,IncomeLossFromContinuingOperationsBeforeIncomeTaxesExtraordinaryItemsNoncontrollingInterest,0001045810-26-000021,2026-02-25
NVDA,2025-01-26,pretax_income,IncomeLossFromContinuingOperationsBeforeIncomeTaxesExtraordinaryItemsNoncontrollingInterest,0001045810-26-000021,2026-02-25
NVDA,2026-01-25,pretax_income,IncomeLossFromContinuingOperationsBeforeIncomeTaxesExtraordinaryItemsNoncontrollingInterest,0001045810-26-000021,2026-02-25
NVDA,2023-01-29,interest_expense,InterestExpense,0001045810-24-000029,2024-02-21
NVDA,2022-01-30,interest_expense,InterestExpense,0001045810-24-000029,2024-02-21
NVDA,2024-01-28,interest_expense,InterestExpense,0001045810-24-000029,2024-02-21
NVDA,2025-01-26,interest_expense,InterestExpenseNonoperating,0001045810-26-000021,2026-02-25
NVDA,2026-01-25,interest_expense,InterestExpenseNonoperating,0001045810-26-000021,2026-02-25
NVDA,2022-01-30,operating_cash_flow,NetCashProvidedByUsedInOperatingActivities,0001045810-24-000029,2024-02-21
NVDA,2023-01-29,operating_cash_flow,NetCashProvidedByUsedInOperatingActivities,0001045810-25-000023,2025-02-26
NVDA,2025-01-26,operating_cash_flow,NetCashProvidedByUsedInOperatingActivities,0001045810-26-000021,2026-02-25
NVDA,2024-01-28,operating_cash_flow,NetCashProvidedByUsedInOperatingActivities,0001045810-26-000021,2026-02-25
NVDA,2026-01-25,operating_cash_flow,NetCashProvidedByUsedInOperatingActivities,0001045810-26-000021,2026-02-25
ORCL,2022-05-31,total_assets,Assets,0000950170-23-028914,2023-06-20
ORCL,2023-05-31,total_assets,Assets,0000950170-24-075605,2024-06-20
ORCL,2024-05-31,total_assets,Assets,0000950170-25-087926,2025-06-18
ORCL,2025-05-31,total_assets,Assets,0001193125-26-277521,2026-06-22
ORCL,2026-05-31,total_assets,Assets,0001193125-26-277521,2026-06-22
ORCL,2022-05-31,stockholders_equity,StockholdersEquity,0000950170-23-028914,2023-06-20
ORCL,2023-05-31,stockholders_equity,StockholdersEquity,0000950170-24-075605,2024-06-20
ORCL,2024-05-31,stockholders_equity,StockholdersEquity,0000950170-25-087926,2025-06-18
ORCL,2025-05-31,stockholders_equity,StockholdersEquity,0001193125-26-277521,2026-06-22
ORCL,2026-05-31,stockholders_equity,StockholdersEquity,0001193125-26-277521,2026-06-22
ORCL,2022-05-31,total_equity_incl_nci,StockholdersEquityIncludingPortionAttributableToNoncontrollingInterest,0000950170-25-087926,2025-06-18
ORCL,2023-05-31,total_equity_incl_nci,StockholdersEquityIncludingPortionAttributableToNoncontrollingInterest,0001193125-26-277521,2026-06-22
ORCL,2025-05-31,total_equity_incl_nci,StockholdersEquityIncludingPortionAttributableToNoncontrollingInterest,0001193125-26-277521,2026-06-22
ORCL,2024-05-31,total_equity_incl_nci,StockholdersEquityIncludingPortionAttributableToNoncontrollingInterest,0001193125-26-277521,2026-06-22
ORCL,2026-05-31,total_equity_incl_nci,StockholdersEquityIncludingPortionAttributableToNoncontrollingInterest,0001193125-26-277521,2026-06-22
ORCL,2022-05-31,current_assets,AssetsCurrent,0000950170-23-028914,2023-06-20
ORCL,2023-05-31,current_assets,AssetsCurrent,0000950170-24-075605,2024-06-20
ORCL,2024-05-31,current_assets,AssetsCurrent,0000950170-25-087926,2025-06-18
ORCL,2025-05-31,current_assets,AssetsCurrent,0001193125-26-277521,2026-06-22
ORCL,2026-05-31,current_assets,AssetsCurrent,0001193125-26-277521,2026-06-22
ORCL,2022-05-31,current_liabilities,LiabilitiesCurrent,0000950170-23-028914,2023-06-20
ORCL,2023-05-31,current_liabilities,LiabilitiesCurrent,0000950170-24-075605,2024-06-20
ORCL,2024-05-31,current_liabilities,LiabilitiesCurrent,0000950170-25-087926,2025-06-18
ORCL,2025-05-31,current_liabilities,LiabilitiesCurrent,0001193125-26-277521,2026-06-22
ORCL,2026-05-31,current_liabilities,LiabilitiesCurrent,0001193125-26-277521,2026-06-22
ORCL,2022-05-31,retained_earnings,RetainedEarningsAccumulatedDeficit,0000950170-23-028914,2023-06-20
ORCL,2023-05-31,retained_earnings,RetainedEarningsAccumulatedDeficit,0000950170-24-075605,2024-06-20
ORCL,2024-05-31,retained_earnings,RetainedEarningsAccumulatedDeficit,0000950170-25-087926,2025-06-18
ORCL,2025-05-31,retained_earnings,RetainedEarningsAccumulatedDeficit,0001193125-26-277521,2026-06-22
ORCL,2026-05-31,retained_earnings,RetainedEarningsAccumulatedDeficit,0001193125-26-277521,2026-06-22
ORCL,2022-05-31,revenue,Revenues,0000950170-24-075605,2024-06-20
ORCL,2023-05-31,revenue,Revenues,0000950170-25-087926,2025-06-18
ORCL,2025-05-31,revenue,Revenues,0001193125-26-277521,2026-06-22
ORCL,2024-05-31,revenue,Revenues,0001193125-26-277521,2026-06-22
ORCL,2026-05-31,revenue,Revenues,0001193125-26-277521,2026-06-22
ORCL,2022-05-31,operating_income,OperatingIncomeLoss,0000950170-24-075605,2024-06-20
ORCL,2023-05-31,operating_income,OperatingIncomeLoss,0000950170-25-087926,2025-06-18
ORCL,2025-05-31,operating_income,OperatingIncomeLoss,0001193125-26-277521,2026-06-22
ORCL,2024-05-31,operating_income,OperatingIncomeLoss,0001193125-26-277521,2026-06-22
ORCL,2026-05-31,operating_income,OperatingIncomeLoss,0001193125-26-277521,2026-06-22
ORCL,2022-05-31,net_income,NetIncomeLoss,0000950170-24-075605,2024-06-20
ORCL,2023-05-31,net_income,NetIncomeLoss,0000950170-25-087926,2025-06-18
ORCL,2025-05-31,net_income,NetIncomeLoss,0001193125-26-277521,2026-06-22
ORCL,2024-05-31,net_income,NetIncomeLoss,0001193125-26-277521,2026-06-22
ORCL,2026-05-31,net_income,NetIncomeLoss,0001193125-26-277521,2026-06-22
ORCL,2022-05-31,pretax_income,IncomeLossFromContinuingOperationsBeforeIncomeTaxesDomestic,0000950170-24-075605,2024-06-20
ORCL,2023-05-31,pretax_income,IncomeLossFromContinuingOperationsBeforeIncomeTaxesDomestic,0000950170-25-087926,2025-06-18
ORCL,2025-05-31,pretax_income,IncomeLossFromContinuingOperationsBeforeIncomeTaxesDomestic,0001193125-26-277521,2026-06-22
ORCL,2024-05-31,pretax_income,IncomeLossFromContinuingOperationsBeforeIncomeTaxesDomestic,0001193125-26-277521,2026-06-22
ORCL,2026-05-31,pretax_income,IncomeLossFromContinuingOperationsBeforeIncomeTaxesDomestic,0001193125-26-277521,2026-06-22
ORCL,2022-05-31,interest_expense,InterestExpense,0000950170-24-075605,2024-06-20
ORCL,2023-05-31,interest_expense,InterestExpense,0000950170-25-087926,2025-06-18
ORCL,2025-05-31,interest_expense,InterestExpense,0001193125-26-277521,2026-06-22
ORCL,2024-05-31,interest_expense,InterestExpense,0001193125-26-277521,2026-06-22
ORCL,2026-05-31,interest_expense,InterestExpense,0001193125-26-277521,2026-06-22
ORCL,2022-05-31,operating_cash_flow,NetCashProvidedByUsedInOperatingActivities,0000950170-24-075605,2024-06-20
ORCL,2023-05-31,operating_cash_flow,NetCashProvidedByUsedInOperatingActivities,0000950170-25-087926,2025-06-18
ORCL,2025-05-31,operating_cash_flow,NetCashProvidedByUsedInOperatingActivities,0001193125-26-277521,2026-06-22
ORCL,2024-05-31,operating_cash_flow,NetCashProvidedByUsedInOperatingActivities,0001193125-26-277521,2026-06-22
ORCL,2026-05-31,operating_cash_flow,NetCashProvidedByUsedInOperatingActivities,0001193125-26-277521,2026-06-22
CSCO,2022-07-30,total_assets,Assets,0000858877-23-000023,2023-09-07
CSCO,2023-07-29,total_assets,Assets,0000858877-24-000017,2024-09-05
CSCO,2024-07-27,total_assets,Assets,0000858877-25-000111,2025-09-03
CSCO,2025-07-26,total_assets,Assets,0000858877-26-000132,2026-09-02
CSCO,2026-07-25,total_assets,Assets,0000858877-26-000132,2026-09-02
CSCO,2022-07-30,total_liabilities,Liabilities,0000858877-23-000023,2023-09-07
CSCO,2023-07-29,total_liabilities,Liabilities,0000858877-24-000017,2024-09-05
CSCO,2024-07-27,total_liabilities,Liabilities,0000858877-25-000111,2025-09-03
CSCO,2025-07-26,total_liabilities,Liabilities,0000858877-26-000132,2026-09-02
CSCO,2026-07-25,total_liabilities,Liabilities,0000858877-26-000132,2026-09-02
CSCO,2022-07-30,stockholders_equity,StockholdersEquity,0000858877-25-000111,2025-09-03
CSCO,2023-07-29,stockholders_equity,StockholdersEquity,0000858877-26-000132,2026-09-02
CSCO,2024-07-27,stockholders_equity,StockholdersEquity,0000858877-26-000132,2026-09-02
CSCO,2025-07-26,stockholders_equity,StockholdersEquity,0000858877-26-000132,2026-09-02
CSCO,2026-07-25,stockholders_equity,StockholdersEquity,0000858877-26-000132,2026-09-02
CSCO,2022-07-30,total_equity_incl_nci,StockholdersEquity,0000858877-25-000111,2025-09-03
CSCO,2023-07-29,total_equity_incl_nci,StockholdersEquity,0000858877-26-000132,2026-09-02
CSCO,2024-07-27,total_equity_incl_nci,StockholdersEquity,0000858877-26-000132,2026-09-02
CSCO,2025-07-26,total_equity_incl_nci,StockholdersEquity,0000858877-26-000132,2026-09-02
CSCO,2026-07-25,total_equity_incl_nci,StockholdersEquity,0000858877-26-000132,2026-09-02
CSCO,2022-07-30,current_assets,AssetsCurrent,0000858877-23-000023,2023-09-07
CSCO,2023-07-29,current_assets,AssetsCurrent,0000858877-24-000017,2024-09-05
CSCO,2024-07-27,current_assets,AssetsCurrent,0000858877-25-000111,2025-09-03
CSCO,2025-07-26,current_assets,AssetsCurrent,0000858877-26-000132,2026-09-02
CSCO,2026-07-25,current_assets,AssetsCurrent,0000858877-26-000132,2026-09-02
CSCO,2022-07-30,current_liabilities,LiabilitiesCurrent,0000858877-23-000023,2023-09-07
CSCO,2023-07-29,current_liabilities,LiabilitiesCurrent,0000858877-24-000017,2024-09-05
CSCO,2024-07-27,current_liabilities,LiabilitiesCurrent,0000858877-25-000111,2025-09-03
CSCO,2025-07-26,current_liabilities,LiabilitiesCurrent,0000858877-26-000132,2026-09-02
CSCO,2026-07-25,current_liabilities,LiabilitiesCurrent,0000858877-26-000132,2026-09-02
CSCO,2022-07-30,retained_earnings,RetainedEarningsAccumulatedDeficit,0000858877-23-000023,2023-09-07
CSCO,2023-07-29,retained_earnings,RetainedEarningsAccumulatedDeficit,0000858877-24-000017,2024-09-05
CSCO,2024-07-27,retained_earnings,RetainedEarningsAccumulatedDeficit,0000858877-25-000111,2025-09-03
CSCO,2025-07-26,retained_earnings,RetainedEarningsAccumulatedDeficit,0000858877-26-000132,2026-09-02
CSCO,2026-07-25,retained_earnings,RetainedEarningsAccumulatedDeficit,0000858877-26-000132,2026-09-02
CSCO,2022-07-30,revenue,RevenueFromContractWithCustomerExcludingAssessedTax,0000858877-24-000017,2024-09-05
CSCO,2023-07-29,revenue,RevenueFromContractWithCustomerExcludingAssessedTax,0000858877-25-000111,2025-09-03
CSCO,2025-07-26,revenue,RevenueFromContractWithCustomerExcludingAssessedTax,0000858877-26-000132,2026-09-02
CSCO,2024-07-27,revenue,RevenueFromContractWithCustomerExcludingAssessedTax,0000858877-26-000132,2026-09-02
CSCO,2026-07-25,revenue,RevenueFromContractWithCustomerExcludingAssessedTax,0000858877-26-000132,2026-09-02
CSCO,2022-07-30,operating_income,OperatingIncomeLoss,0000858877-24-000017,2024-09-05
CSCO,2023-07-29,operating_income,OperatingIncomeLoss,0000858877-25-000111,2025-09-03
CSCO,2025-07-26,operating_income,OperatingIncomeLoss,0000858877-26-000132,2026-09-02
CSCO,2024-07-27,operating_income,OperatingIncomeLoss,0000858877-26-000132,2026-09-02
CSCO,2026-07-25,operating_income,OperatingIncomeLoss,0000858877-26-000132,2026-09-02
CSCO,2022-07-30,net_income,NetIncomeLoss,0000858877-24-000017,2024-09-05
CSCO,2023-07-29,net_income,NetIncomeLoss,0000858877-25-000111,2025-09-03
CSCO,2025-07-26,net_income,NetIncomeLoss,0000858877-26-000132,2026-09-02
CSCO,2024-07-27,net_income,NetIncomeLoss,0000858877-26-000132,2026-09-02
CSCO,2026-07-25,net_income,NetIncomeLoss,0000858877-26-000132,2026-09-02
CSCO,2022-07-30,pretax_income,IncomeLossFromContinuingOperationsBeforeIncomeTaxesExtraordinaryItemsNoncontrollingInterest,0000858877-24-000017,2024-09-05
CSCO,2023-07-29,pretax_income,IncomeLossFromContinuingOperationsBeforeIncomeTaxesExtraordinaryItemsNoncontrollingInterest,0000858877-25-000111,2025-09-03
CSCO,2025-07-26,pretax_income,IncomeLossFromContinuingOperationsBeforeIncomeTaxesExtraordinaryItemsNoncontrollingInterest,0000858877-26-000132,2026-09-02
CSCO,2024-07-27,pretax_income,IncomeLossFromContinuingOperationsBeforeIncomeTaxesExtraordinaryItemsNoncontrollingInterest,0000858877-26-000132,2026-09-02
CSCO,2026-07-25,pretax_income,IncomeLossFromContinuingOperationsBeforeIncomeTaxesExtraordinaryItemsNoncontrollingInterest,0000858877-26-000132,2026-09-02
CSCO,2022-07-30,interest_expense,InterestExpense,0000858877-23-000023,2023-09-07
CSCO,2023-07-29,interest_expense,InterestExpense,0000858877-23-000023,2023-09-07
CSCO,2024-07-27,interest_expense,InterestExpenseNonoperating,0000858877-26-000132,2026-09-02
CSCO,2025-07-26,interest_expense,InterestExpenseNonoperating,0000858877-26-000132,2026-09-02
CSCO,2026-07-25,interest_expense,InterestExpenseNonoperating,0000858877-26-000132,2026-09-02
CSCO,2022-07-30,operating_cash_flow,NetCashProvidedByUsedInOperatingActivities,0000858877-24-000017,2024-09-05
CSCO,2023-07-29,operating_cash_flow,NetCashProvidedByUsedInOperatingActivities,0000858877-25-000111,2025-09-03
CSCO,2025-07-26,operating_cash_flow,NetCashProvidedByUsedInOperatingActivities,0000858877-26-000132,2026-09-02
CSCO,2024-07-27,operating_cash_flow,NetCashProvidedByUsedInOperatingActivities,0000858877-26-000132,2026-09-02
CSCO,2026-07-25,operating_cash_flow,NetCashProvidedByUsedInOperatingActivities,0000858877-26-000132,2026-09-02
JNJ,2022-01-02,total_assets,Assets,0000200406-23-000016,2023-02-16
JNJ,2023-01-01,total_assets,Assets,0000200406-24-000013,2024-02-16
JNJ,2023-12-31,total_assets,Assets,0000200406-25-000038,2025-02-13
JNJ,2024-12-29,total_assets,Assets,0000200406-26-000016,2026-02-11
JNJ,2025-12-28,total_assets,Assets,0000200406-26-000016,2026-02-11
JNJ,2022-01-02,total_liabilities,Liabilities,0000200406-23-000016,2023-02-16
JNJ,2023-01-01,total_liabilities,Liabilities,0000200406-24-000013,2024-02-16
JNJ,2023-12-31,total_liabilities,Liabilities,0000200406-25-000038,2025-02-13
JNJ,2024-12-29,total_liabilities,Liabilities,0000200406-26-000016,2026-02-11
JNJ,2025-12-28,total_liabilities,Liabilities,0000200406-26-000016,2026-02-11
JNJ,2022-01-02,stockholders_equity,StockholdersEquityIncludingPortionAttributableToNoncontrollingInterest,0000200406-25-000038,2025-02-13
JNJ,2023-01-01,stockholders_equity,StockholdersEquityIncludingPortionAttributableToNoncontrollingInterest,0000200406-26-000016,2026-02-11
JNJ,2024-12-29,stockholders_equity,StockholdersEquityIncludingPortionAttributableToNoncontrollingInterest,0000200406-26-000016,2026-02-11
JNJ,2023-12-31,stockholders_equity,StockholdersEquityIncludingPortionAttributableToNoncontrollingInterest,0000200406-26-000016,2026-02-11
JNJ,2025-12-28,stockholders_equity,StockholdersEquityIncludingPortionAttributableToNoncontrollingInterest,0000200406-26-000016,2026-02-11
JNJ,2022-01-02,total_equity_incl_nci,StockholdersEquityIncludingPortionAttributableToNoncontrollingInterest,0000200406-25-000038,2025-02-13
JNJ,2023-01-01,total_equity_incl_nci,StockholdersEquityIncludingPortionAttributableToNoncontrollingInterest,0000200406-26-000016,2026-02-11
JNJ,2024-12-29,total_equity_incl_nci,StockholdersEquityIncludingPortionAttributableToNoncontrollingInterest,0000200406-26-000016,2026-02-11
JNJ,2023-12-31,total_equity_incl_nci,StockholdersEquityIncludingPortionAttributableToNoncontrollingInterest,0000200406-26-000016,2026-02-11
JNJ,2025-12-28,total_equity_incl_nci,StockholdersEquityIncludingPortionAttributableToNoncontrollingInterest,0000200406-26-000016,2026-02-11
JNJ,2022-01-02,current_assets,AssetsCurrent,0000200406-23-000016,2023-02-16
JNJ,2023-01-01,current_assets,AssetsCurrent,0000200406-24-000013,2024-02-16
JNJ,2023-12-31,current_assets,AssetsCurrent,0000200406-25-000038,2025-02-13
JNJ,2024-12-29,current_assets,AssetsCurrent,0000200406-26-000016,2026-02-11
JNJ,2025-12-28,current_assets,AssetsCurrent,0000200406-26-000016,2026-02-11
JNJ,2022-01-02,current_liabilities,LiabilitiesCurrent,0000200406-23-000016,2023-02-16
JNJ,2023-01-01,current_liabilities,LiabilitiesCurrent,0000200406-24-000013,2024-02-16
JNJ,2023-12-31,current_liabilities,LiabilitiesCurrent,0000200406-25-000038,2025-02-13
JNJ,2024-12-29,current_liabilities,LiabilitiesCurrent,0000200406-26-000016,2026-02-11
JNJ,2025-12-28,current_liabilities,LiabilitiesCurrent,0000200406-26-000016,2026-02-11
JNJ,2022-01-02,retained_earnings,RetainedEarningsAccumulatedDeficit,0000200406-23-000016,2023-02-16
JNJ,2023-01-01,retained_earnings,RetainedEarningsAccumulatedDeficit,0000200406-24-000013,2024-02-16
JNJ,2023-12-31,retained_earnings,RetainedEarningsAccumulatedDeficit,0000200406-25-000038,2025-02-13
JNJ,2024-12-29,retained_earnings,RetainedEarningsAccumulatedDeficit,0000200406-26-000016,2026-02-11
JNJ,2025-12-28,retained_earnings,RetainedEarningsAccumulatedDeficit,0000200406-26-000016,2026-02-11
JNJ,2022-01-02,revenue,RevenueFromContractWithCustomerExcludingAssessedTax,0000200406-24-000013,2024-02-16
JNJ,2023-01-01,revenue,RevenueFromContractWithCustomerExcludingAssessedTax,0000200406-25-000038,2025-02-13
JNJ,2024-12-29,revenue,RevenueFromContractWithCustomerExcludingAssessedTax,0000200406-26-000016,2026-02-11
JNJ,2023-12-31,revenue,RevenueFromContractWithCustomerExcludingAssessedTax,0000200406-26-000016,2026-02-11
JNJ,2025-12-28,revenue,RevenueFromContractWithCustomerExcludingAssessedTax,0000200406-26-000016,2026-02-11
JNJ,2022-01-02,net_income,NetIncomeLoss,0000200406-24-000013,2024-02-16
JNJ,2023-01-01,net_income,NetIncomeLoss,0000200406-25-000038,2025-02-13
JNJ,2024-12-29,net_income,NetIncomeLoss,0000200406-26-000016,2026-02-11
JNJ,2023-12-31,net_income,NetIncomeLoss,0000200406-26-000016,2026-02-11
JNJ,2025-12-28,net_income,NetIncomeLoss,0000200406-26-000016,2026-02-11
JNJ,2022-01-02,pretax_income,IncomeLossFromContinuingOperationsBeforeIncomeTaxesExtraordinaryItemsNoncontrollingInterest,0000200406-24-000013,2024-02-16
JNJ,2023-01-01,pretax_income,IncomeLossFromContinuingOperationsBeforeIncomeTaxesExtraordinaryItemsNoncontrollingInterest,0000200406-25-000038,2025-02-13
JNJ,2023-12-31,pretax_income,IncomeLossFromContinuingOperationsBeforeIncomeTaxesExtraordinaryItemsNoncontrollingInterest,0000200406-26-000016,2026-02-11
JNJ,2024-12-29,pretax_income,IncomeLossFromContinuingOperationsBeforeIncomeTaxesExtraordinaryItemsNoncontrollingInterest,0000200406-26-000016,2026-02-11
JNJ,2025-12-28,pretax_income,IncomeLossFromContinuingOperationsBeforeIncomeTaxesExtraordinaryItemsNoncontrollingInterest,0000200406-26-000016,2026-02-11
JNJ,2023-01-01,interest_expense,InterestExpense,0000200406-24-000013,2024-02-16
JNJ,2022-01-02,interest_expense,InterestExpense,0000200406-24-000013,2024-02-16
JNJ,2023-12-31,interest_expense,InterestExpense,0000200406-24-000013,2024-02-16
JNJ,2024-12-29,interest_expense,InterestExpenseNonoperating,0000200406-26-000016,2026-02-11
JNJ,2025-12-28,interest_expense,InterestExpenseNonoperating,0000200406-26-000016,2026-02-11
JNJ,2022-01-02,operating_cash_flow,NetCashProvidedByUsedInOperatingActivities,0000200406-24-000013,2024-02-16
JNJ,2023-01-01,operating_cash_flow,NetCashProvidedByUsedInOperatingActivities,0000200406-25-000038,2025-02-13
JNJ,2024-12-29,operating_cash_flow,NetCashProvidedByUsedInOperatingActivities,0000200406-26-000016,2026-02-11
JNJ,2023-12-31,operating_cash_flow,NetCashProvidedByUsedInOperatingActivities,0000200406-26-000016,2026-02-11
JNJ,2025-12-28,operating_cash_flow,NetCashProvidedByUsedInOperatingActivities,0000200406-26-000016,2026-02-11
PFE,2021-12-31,total_assets,Assets,0000078003-23-000024,2023-02-23
PFE,2022-12-31,total_assets,Assets,0000078003-24-000039,2024-02-22
PFE,2023-12-31,total_assets,Assets,0000078003-25-000054,2025-02-27
PFE,2024-12-31,total_assets,Assets,0000078003-26-000026,2026-02-26
PFE,2025-12-31,total_assets,Assets,0000078003-26-000026,2026-02-26
PFE,2021-12-31,total_liabilities,Liabilities,0000078003-23-000024,2023-02-23
PFE,2022-12-31,total_liabilities,Liabilities,0000078003-24-000039,2024-02-22
PFE,2023-12-31,total_liabilities,Liabilities,0000078003-25-000054,2025-02-27
PFE,2024-12-31,total_liabilities,Liabilities,0000078003-26-000026,2026-02-26
PFE,2025-12-31,total_liabilities,Liabilities,0000078003-26-000026,2026-02-26
PFE,2021-12-31,stockholders_equity,StockholdersEquity,0000078003-23-000024,2023-02-23
PFE,2022-12-31,stockholders_equity,StockholdersEquity,0000078003-24-000039,2024-02-22
PFE,2023-12-31,stockholders_equity,StockholdersEquity,0000078003-25-000054,2025-02-27
PFE,2024-12-31,stockholders_equity,StockholdersEquity,0000078003-26-000026,2026-02-26
PFE,2025-12-31,stockholders_equity,StockholdersEquity,0000078003-26-000026,2026-02-26
PFE,2021-12-31,total_equity_incl_nci,StockholdersEquityIncludingPortionAttributableToNoncontrollingInterest,0000078003-25-000054,2025-02-27
PFE,2022-12-31,total_equity_incl_nci,StockholdersEquityIncludingPortionAttributableToNoncontrollingInterest,0000078003-26-000026,2026-02-26
PFE,2024-12-31,total_equity_incl_nci,StockholdersEquityIncludingPortionAttributableToNoncontrollingInterest,0000078003-26-000026,2026-02-26
PFE,2023-12-31,total_equity_incl_nci,StockholdersEquityIncludingPortionAttributableToNoncontrollingInterest,0000078003-26-000026,2026-02-26
PFE,2025-12-31,total_equity_incl_nci,StockholdersEquityIncludingPortionAttributableToNoncontrollingInterest,0000078003-26-000026,2026-02-26
PFE,2021-12-31,current_assets,AssetsCurrent,0000078003-23-000024,2023-02-23
PFE,2022-12-31,current_assets,AssetsCurrent,0000078003-24-000039,2024-02-22
PFE,2023-12-31,current_assets,AssetsCurrent,0000078003-25-000054,2025-02-27
PFE,2024-12-31,current_assets,AssetsCurrent,0000078003-26-000026,2026-02-26
PFE,2025-12-31,current_assets,AssetsCurrent,0000078003-26-000026,2026-02-26
PFE,2021-12-31,current_liabilities,LiabilitiesCurrent,0000078003-23-000024,2023-02-23
PFE,2022-12-31,current_liabilities,LiabilitiesCurrent,0000078003-24-000039,2024-02-22
PFE,2023-12-31,current_liabilities,LiabilitiesCurrent,0000078003-25-000054,2025-02-27
PFE,2024-12-31,current_liabilities,LiabilitiesCurrent,0000078003-26-000026,2026-02-26
PFE,2025-12-31,current_liabilities,LiabilitiesCurrent,0000078003-26-000026,2026-02-26
PFE,2021-12-31,retained_earnings,RetainedEarningsAccumulatedDeficit,0000078003-23-000024,2023-02-23
PFE,2022-12-31,retained_earnings,RetainedEarningsAccumulatedDeficit,0000078003-24-000039,2024-02-22
PFE,2023-12-31,retained_earnings,RetainedEarningsAccumulatedDeficit,0000078003-25-000054,2025-02-27
PFE,2024-12-31,retained_earnings,RetainedEarningsAccumulatedDeficit,0000078003-26-000026,2026-02-26
PFE,2025-12-31,retained_earnings,RetainedEarningsAccumulatedDeficit,0000078003-26-000026,2026-02-26
PFE,2021-12-31,revenue,Revenues,0000078003-24-000039,2024-02-22
PFE,2022-12-31,revenue,Revenues,0000078003-25-000054,2025-02-27
PFE,2023-12-31,revenue,Revenues,0000078003-26-000026,2026-02-26
PFE,2024-12-31,revenue,Revenues,0000078003-26-000026,2026-02-26
PFE,2025-12-31,revenue,Revenues,0000078003-26-000026,2026-02-26
PFE,2021-12-31,net_income,NetIncomeLoss,0000078003-24-000039,2024-02-22
PFE,2022-12-31,net_income,NetIncomeLoss,0000078003-25-000054,2025-02-27
PFE,2024-12-31,net_income,NetIncomeLoss,0000078003-26-000026,2026-02-26
PFE,2023-12-31,net_income,NetIncomeLoss,0000078003-26-000026,2026-02-26
PFE,2025-12-31,net_income,NetIncomeLoss,0000078003-26-000026,2026-02-26
PFE,2021-12-31,pretax_income,IncomeLossFromContinuingOperationsBeforeIncomeTaxesExtraordinaryItemsNoncontrollingInterest,0000078003-24-000039,2024-02-22
PFE,2022-12-31,pretax_income,IncomeLossFromContinuingOperationsBeforeIncomeTaxesExtraordinaryItemsNoncontrollingInterest,0000078003-25-000054,2025-02-27
PFE,2024-12-31,pretax_income,IncomeLossFromContinuingOperationsBeforeIncomeTaxesExtraordinaryItemsNoncontrollingInterest,0000078003-26-000026,2026-02-26
PFE,2023-12-31,pretax_income,IncomeLossFromContinuingOperationsBeforeIncomeTaxesExtraordinaryItemsNoncontrollingInterest,0000078003-26-000026,2026-02-26
PFE,2025-12-31,pretax_income,IncomeLossFromContinuingOperationsBeforeIncomeTaxesExtraordinaryItemsNoncontrollingInterest,0000078003-26-000026,2026-02-26
PFE,2021-12-31,interest_expense,InterestExpense,0000078003-24-000039,2024-02-22
PFE,2022-12-31,interest_expense,InterestExpense,0000078003-25-000054,2025-02-27
PFE,2024-12-31,interest_expense,InterestExpense,0000078003-26-000026,2026-02-26
PFE,2023-12-31,interest_expense,InterestExpense,0000078003-26-000026,2026-02-26
PFE,2025-12-31,interest_expense,InterestExpense,0000078003-26-000026,2026-02-26
PFE,2021-12-31,operating_cash_flow,NetCashProvidedByUsedInOperatingActivities,0000078003-24-000039,2024-02-22
PFE,2022-12-31,operating_cash_flow,NetCashProvidedByUsedInOperatingActivities,0000078003-25-000054,2025-02-27
PFE,2024-12-31,operating_cash_flow,NetCashProvidedByUsedInOperatingActivities,0000078003-26-000026,2026-02-26
PFE,2023-12-31,operating_cash_flow,NetCashProvidedByUsedInOperatingActivities,0000078003-26-000026,2026-02-26
PFE,2025-12-31,operating_cash_flow,NetCashProvidedByUsedInOperatingActivities,0000078003-26-000026,2026-02-26
MRK,2021-12-31,total_assets,Assets,0001628280-23-005061,2023-02-24
MRK,2022-12-31,total_assets,Assets,0001628280-24-006850,2024-02-26
MRK,2023-12-31,total_assets,Assets,0001628280-25-007732,2025-02-25
MRK,2024-12-31,total_assets,Assets,0000310158-26-000063,2026-02-24
MRK,2025-12-31,total_assets,Assets,0000310158-26-000063,2026-02-24
MRK,2021-12-31,stockholders_equity,StockholdersEquity,0001628280-23-005061,2023-02-24
MRK,2022-12-31,stockholders_equity,StockholdersEquity,0001628280-24-006850,2024-02-26
MRK,2023-12-31,stockholders_equity,StockholdersEquity,0001628280-25-007732,2025-02-25
MRK,2024-12-31,stockholders_equity,StockholdersEquity,0000310158-26-000063,2026-02-24
MRK,2025-12-31,stockholders_equity,StockholdersEquity,0000310158-26-000063,2026-02-24
MRK,2021-12-31,total_equity_incl_nci,StockholdersEquityIncludingPortionAttributableToNoncontrollingInterest,0001628280-25-007732,2025-02-25
MRK,2022-12-31,total_equity_incl_nci,StockholdersEquityIncludingPortionAttributableToNoncontrollingInterest,0000310158-26-000063,2026-02-24
MRK,2024-12-31,total_equity_incl_nci,StockholdersEquityIncludingPortionAttributableToNoncontrollingInterest,0000310158-26-000063,2026-02-24
MRK,2023-12-31,total_equity_incl_nci,StockholdersEquityIncludingPortionAttributableToNoncontrollingInterest,0000310158-26-000063,2026-02-24
MRK,2025-12-31,total_equity_incl_nci,StockholdersEquityIncludingPortionAttributableToNoncontrollingInterest,0000310158-26-000063,2026-02-24
MRK,2021-12-31,current_assets,AssetsCurrent,0001628280-23-005061,2023-02-24
MRK,2022-12-31,current_assets,AssetsCurrent,0001628280-24-006850,2024-02-26
MRK,2023-12-31,current_assets,AssetsCurrent,0001628280-25-007732,2025-02-25
MRK,2024-12-31,current_assets,AssetsCurrent,0000310158-26-000063,2026-02-24
MRK,2025-12-31,current_assets,AssetsCurrent,0000310158-26-000063,2026-02-24
MRK,2021-12-31,current_liabilities,LiabilitiesCurrent,0001628280-23-005061,2023-02-24
MRK,2022-12-31,current_liabilities,LiabilitiesCurrent,0001628280-24-006850,2024-02-26
MRK,2023-12-31,current_liabilities,LiabilitiesCurrent,0001628280-25-007732,2025-02-25
MRK,2024-12-31,current_liabilities,LiabilitiesCurrent,0000310158-26-000063,2026-02-24
MRK,2025-12-31,current_liabilities,LiabilitiesCurrent,0000310158-26-000063,2026-02-24
MRK,2021-12-31,retained_earnings,RetainedEarningsAccumulatedDeficit,0001628280-23-005061,2023-02-24
MRK,2022-12-31,retained_earnings,RetainedEarningsAccumulatedDeficit,0001628280-24-006850,2024-02-26
MRK,2023-12-31,retained_earnings,RetainedEarningsAccumulatedDeficit,0001628280-25-007732,2025-02-25
MRK,2024-12-31,retained_earnings,RetainedEarningsAccumulatedDeficit,0000310158-26-000063,2026-02-24
MRK,2025-12-31,retained_earnings,RetainedEarningsAccumulatedDeficit,0000310158-26-000063,2026-02-24
MRK,2021-12-31,revenue,Revenues,0001628280-24-006850,2024-02-26
MRK,2022-12-31,revenue,Revenues,0001628280-25-007732,2025-02-25
MRK,2024-12-31,revenue,Revenues,0000310158-26-000063,2026-02-24
MRK,2023-12-31,revenue,Revenues,0000310158-26-000063,2026-02-24
MRK,2025-12-31,revenue,Revenues,0000310158-26-000063,2026-02-24
MRK,2021-12-31,net_income,NetIncomeLoss,0001628280-24-006850,2024-02-26
MRK,2022-12-31,net_income,NetIncomeLoss,0001628280-25-007732,2025-02-25
MRK,2024-12-31,net_income,NetIncomeLoss,0000310158-26-000063,2026-02-24
MRK,2023-12-31,net_income,NetIncomeLoss,0000310158-26-000063,2026-02-24
MRK,2025-12-31,net_income,NetIncomeLoss,0000310158-26-000063,2026-02-24
MRK,2021-12-31,pretax_income,IncomeLossFromContinuingOperationsBeforeIncomeTaxesExtraordinaryItemsNoncontrollingInterest,0001628280-24-006850,2024-02-26
MRK,2022-12-31,pretax_income,IncomeLossFromContinuingOperationsBeforeIncomeTaxesExtraordinaryItemsNoncontrollingInterest,0001628280-25-007732,2025-02-25
MRK,2024-12-31,pretax_income,IncomeLossFromContinuingOperationsBeforeIncomeTaxesExtraordinaryItemsNoncontrollingInterest,0000310158-26-000063,2026-02-24
MRK,2023-12-31,pretax_income,IncomeLossFromContinuingOperationsBeforeIncomeTaxesExtraordinaryItemsNoncontrollingInterest,0000310158-26-000063,2026-02-24
MRK,2025-12-31,pretax_income,IncomeLossFromContinuingOperationsBeforeIncomeTaxesExtraordinaryItemsNoncontrollingInterest,0000310158-26-000063,2026-02-24
MRK,2022-12-31,interest_expense,InterestExpense,0001628280-24-006850,2024-02-26
MRK,2021-12-31,interest_expense,InterestExpense,0001628280-24-006850,2024-02-26
MRK,2023-12-31,interest_expense,InterestExpense,0001628280-24-006850,2024-02-26
MRK,2024-12-31,interest_expense,InterestExpenseNonoperating,0000310158-26-000063,2026-02-24
MRK,2025-12-31,interest_expense,InterestExpenseNonoperating,0000310158-26-000063,2026-02-24
MRK,2022-12-31,operating_cash_flow,NetCashProvidedByUsedInOperatingActivities,0001628280-25-007732,2025-02-25
MRK,2024-12-31,operating_cash_flow,NetCashProvidedByUsedInOperatingActivities,0000310158-26-000063,2026-02-24
MRK,2023-12-31,operating_cash_flow,NetCashProvidedByUsedInOperatingActivities,0000310158-26-000063,2026-02-24
MRK,2025-12-31,operating_cash_flow,NetCashProvidedByUsedInOperatingActivities,0000310158-26-000063,2026-02-24
MRK,2021-12-31,operating_cash_flow,NetCashProvidedByUsedInOperatingActivitiesContinuingOperations,0001628280-24-006850,2024-02-26
UNH,2021-12-31,total_assets,Assets,0000731766-24-000081,2024-02-28
UNH,2022-12-31,total_assets,Assets,0000731766-25-000063,2025-02-27
UNH,2024-12-31,total_assets,Assets,0000731766-26-000062,2026-03-02
UNH,2023-12-31,total_assets,Assets,0000731766-26-000062,2026-03-02
UNH,2025-12-31,total_assets,Assets,0000731766-26-000062,2026-03-02
UNH,2021-12-31,total_liabilities,Liabilities,0000731766-23-000008,2023-02-24
UNH,2022-12-31,total_liabilities,Liabilities,0000731766-24-000081,2024-02-28
UNH,2023-12-31,total_liabilities,Liabilities,0000731766-25-000063,2025-02-27
UNH,2024-12-31,total_liabilities,Liabilities,0000731766-26-000062,2026-03-02
UNH,2025-12-31,total_liabilities,Liabilities,0000731766-26-000062,2026-03-02
UNH,2021-12-31,stockholders_equity,StockholdersEquityIncludingPortionAttributableToNoncontrollingInterest,0000731766-25-000063,2025-02-27
UNH,2024-12-31,stockholders_equity,StockholdersEquityIncludingPortionAttributableToNoncontrollingInterest,0000731766-26-000062,2026-03-02
UNH,2022-12-31,stockholders_equity,StockholdersEquityIncludingPortionAttributableToNoncontrollingInterest,0000731766-26-000062,2026-03-02
UNH,2023-12-31,stockholders_equity,StockholdersEquityIncludingPortionAttributableToNoncontrollingInterest,0000731766-26-000062,2026-03-02
UNH,2025-12-31,stockholders_equity,StockholdersEquityIncludingPortionAttributableToNoncontrollingInterest,0000731766-26-000062,2026-03-02
UNH,2021-12-31,total_equity_incl_nci,StockholdersEquityIncludingPortionAttributableToNoncontrollingInterest,0000731766-25-000063,2025-02-27
UNH,2024-12-31,total_equity_incl_nci,StockholdersEquityIncludingPortionAttributableToNoncontrollingInterest,0000731766-26-000062,2026-03-02
UNH,2022-12-31,total_equity_incl_nci,StockholdersEquityIncludingPortionAttributableToNoncontrollingInterest,0000731766-26-000062,2026-03-02
UNH,2023-12-31,total_equity_incl_nci,StockholdersEquityIncludingPortionAttributableToNoncontrollingInterest,0000731766-26-000062,2026-03-02
UNH,2025-12-31,total_equity_incl_nci,StockholdersEquityIncludingPortionAttributableToNoncontrollingInterest,0000731766-26-000062,2026-03-02
UNH,2021-12-31,current_assets,AssetsCurrent,0000731766-23-000008,2023-02-24
UNH,2022-12-31,current_assets,AssetsCurrent,0000731766-24-000081,2024-02-28
UNH,2023-12-31,current_assets,AssetsCurrent,0000731766-25-000063,2025-02-27
UNH,2024-12-31,current_assets,AssetsCurrent,0000731766-26-000062,2026-03-02
UNH,2025-12-31,current_assets,AssetsCurrent,0000731766-26-000062,2026-03-02
UNH,2021-12-31,current_liabilities,LiabilitiesCurrent,0000731766-23-000008,2023-02-24
UNH,2022-12-31,current_liabilities,LiabilitiesCurrent,0000731766-24-000081,2024-02-28
UNH,2023-12-31,current_liabilities,LiabilitiesCurrent,0000731766-25-000063,2025-02-27
UNH,2024-12-31,current_liabilities,LiabilitiesCurrent,0000731766-26-000062,2026-03-02
UNH,2025-12-31,current_liabilities,LiabilitiesCurrent,0000731766-26-000062,2026-03-02
UNH,2021-12-31,retained_earnings,RetainedEarningsAccumulatedDeficit,0000731766-23-000008,2023-02-24
UNH,2022-12-31,retained_earnings,RetainedEarningsAccumulatedDeficit,0000731766-24-000081,2024-02-28
UNH,2023-12-31,retained_earnings,RetainedEarningsAccumulatedDeficit,0000731766-25-000063,2025-02-27
UNH,2024-12-31,retained_earnings,RetainedEarningsAccumulatedDeficit,0000731766-26-000062,2026-03-02
UNH,2025-12-31,retained_earnings,RetainedEarningsAccumulatedDeficit,0000731766-26-000062,2026-03-02
UNH,2021-12-31,revenue,Revenues,0000731766-24-000081,2024-02-28
UNH,2022-12-31,revenue,Revenues,0000731766-25-000063,2025-02-27
UNH,2024-12-31,revenue,Revenues,0000731766-26-000062,2026-03-02
UNH,2023-12-31,revenue,Revenues,0000731766-26-000062,2026-03-02
UNH,2025-12-31,revenue,Revenues,0000731766-26-000062,2026-03-02
UNH,2021-12-31,operating_income,OperatingIncomeLoss,0000731766-24-000081,2024-02-28
UNH,2022-12-31,operating_income,OperatingIncomeLoss,0000731766-25-000063,2025-02-27
UNH,2024-12-31,operating_income,OperatingIncomeLoss,0000731766-26-000062,2026-03-02
UNH,2023-12-31,operating_income,OperatingIncomeLoss,0000731766-26-000062,2026-03-02
UNH,2025-12-31,operating_income,OperatingIncomeLoss,0000731766-26-000062,2026-03-02
UNH,2021-12-31,net_income,NetIncomeLoss,0000731766-24-000081,2024-02-28
UNH,2022-12-31,net_income,NetIncomeLoss,0000731766-25-000063,2025-02-27
UNH,2024-12-31,net_income,NetIncomeLoss,0000731766-26-000062,2026-03-02
UNH,2023-12-31,net_income,NetIncomeLoss,0000731766-26-000062,2026-03-02
UNH,2025-12-31,net_income,NetIncomeLoss,0000731766-26-000062,2026-03-02
UNH,2021-12-31,pretax_income,IncomeLossFromContinuingOperationsBeforeIncomeTaxesExtraordinaryItemsNoncontrollingInterest,0000731766-24-000081,2024-02-28
UNH,2022-12-31,pretax_income,IncomeLossFromContinuingOperationsBeforeIncomeTaxesExtraordinaryItemsNoncontrollingInterest,0000731766-25-000063,2025-02-27
UNH,2023-12-31,pretax_income,IncomeLossFromContinuingOperationsBeforeIncomeTaxesExtraordinaryItemsNoncontrollingInterest,0000731766-26-000062,2026-03-02
UNH,2024-12-31,pretax_income,IncomeLossFromContinuingOperationsBeforeIncomeTaxesExtraordinaryItemsNoncontrollingInterest,0000731766-26-000062,2026-03-02
UNH,2025-12-31,pretax_income,IncomeLossFromContinuingOperationsBeforeIncomeTaxesExtraordinaryItemsNoncontrollingInterest,0000731766-26-000062,2026-03-02
UNH,2021-12-31,interest_expense,InterestExpense,0000731766-24-000081,2024-02-28
UNH,2022-12-31,interest_expense,InterestExpense,0000731766-25-000063,2025-02-27
UNH,2024-12-31,interest_expense,InterestExpense,0000731766-26-000062,2026-03-02
UNH,2023-12-31,interest_expense,InterestExpense,0000731766-26-000062,2026-03-02
UNH,2025-12-31,interest_expense,InterestExpense,0000731766-26-000062,2026-03-02
UNH,2021-12-31,operating_cash_flow,NetCashProvidedByUsedInOperatingActivities,0000731766-24-000081,2024-02-28
UNH,2022-12-31,operating_cash_flow,NetCashProvidedByUsedInOperatingActivities,0000731766-25-000063,2025-02-27
UNH,2024-12-31,operating_cash_flow,NetCashProvidedByUsedInOperatingActivities,0000731766-26-000062,2026-03-02
UNH,2023-12-31,operating_cash_flow,NetCashProvidedByUsedInOperatingActivities,0000731766-26-000062,2026-03-02
UNH,2025-12-31,operating_cash_flow,NetCashProvidedByUsedInOperatingActivities,0000731766-26-000062,2026-03-02
ABT,2021-12-31,total_assets,Assets,0001628280-23-004026,2023-02-17
ABT,2022-12-31,total_assets,Assets,0001628280-24-005348,2024-02-16
ABT,2023-12-31,total_assets,Assets,0001628280-25-007110,2025-02-21
ABT,2024-12-31,total_assets,Assets,0001628280-26-010185,2026-02-20
ABT,2025-12-31,total_assets,Assets,0001628280-26-010185,2026-02-20
ABT,2021-12-31,stockholders_equity,StockholdersEquity,0001628280-23-004026,2023-02-17
ABT,2022-12-31,stockholders_equity,StockholdersEquity,0001628280-24-005348,2024-02-16
ABT,2023-12-31,stockholders_equity,StockholdersEquity,0001628280-25-007110,2025-02-21
ABT,2024-12-31,stockholders_equity,StockholdersEquity,0001628280-26-010185,2026-02-20
ABT,2025-12-31,stockholders_equity,StockholdersEquity,0001628280-26-010185,2026-02-20
ABT,2021-12-31,total_equity_incl_nci,StockholdersEquityIncludingPortionAttributableToNoncontrollingInterest,0001628280-23-004026,2023-02-17
ABT,2022-12-31,total_equity_incl_nci,StockholdersEquityIncludingPortionAttributableToNoncontrollingInterest,0001628280-24-005348,2024-02-16
ABT,2023-12-31,total_equity_incl_nci,StockholdersEquityIncludingPortionAttributableToNoncontrollingInterest,0001628280-25-007110,2025-02-21
ABT,2024-12-31,total_equity_incl_nci,StockholdersEquityIncludingPortionAttributableToNoncontrollingInterest,0001628280-26-010185,2026-02-20
ABT,2025-12-31,total_equity_incl_nci,StockholdersEquityIncludingPortionAttributableToNoncontrollingInterest,0001628280-26-010185,2026-02-20
ABT,2021-12-31,current_assets,AssetsCurrent,0001628280-23-004026,2023-02-17
ABT,2022-12-31,current_assets,AssetsCurrent,0001628280-24-005348,2024-02-16
ABT,2023-12-31,current_assets,AssetsCurrent,0001628280-25-007110,2025-02-21
ABT,2024-12-31,current_assets,AssetsCurrent,0001628280-26-010185,2026-02-20
ABT,2025-12-31,current_assets,AssetsCurrent,0001628280-26-010185,2026-02-20
ABT,2021-12-31,current_liabilities,LiabilitiesCurrent,0001628280-23-004026,2023-02-17
ABT,2022-12-31,current_liabilities,LiabilitiesCurrent,0001628280-24-005348,2024-02-16
ABT,2023-12-31,current_liabilities,LiabilitiesCurrent,0001628280-25-007110,2025-02-21
ABT,2024-12-31,current_liabilities,LiabilitiesCurrent,0001628280-26-010185,2026-02-20
ABT,2025-12-31,current_liabilities,LiabilitiesCurrent,0001628280-26-010185,2026-02-20
ABT,2021-12-31,retained_earnings,RetainedEarningsAccumulatedDeficit,0001628280-23-004026,2023-02-17
ABT,2022-12-31,retained_earnings,RetainedEarningsAccumulatedDeficit,0001628280-24-005348,2024-02-16
ABT,2023-12-31,retained_earnings,RetainedEarningsAccumulatedDeficit,0001628280-25-007110,2025-02-21
ABT,2024-12-31,retained_earnings,RetainedEarningsAccumulatedDeficit,0001628280-26-010185,2026-02-20
ABT,2025-12-31,retained_earnings,RetainedEarningsAccumulatedDeficit,0001628280-26-010185,2026-02-20
ABT,2021-12-31,revenue,RevenueFromContractWithCustomerExcludingAssessedTax,0001628280-24-005348,2024-02-16
ABT,2022-12-31,revenue,RevenueFromContractWithCustomerExcludingAssessedTax,0001628280-25-007110,2025-02-21
ABT,2024-12-31,revenue,RevenueFromContractWithCustomerExcludingAssessedTax,0001628280-26-010185,2026-02-20
ABT,2023-12-31,revenue,RevenueFromContractWithCustomerExcludingAssessedTax,0001628280-26-010185,2026-02-20
ABT,2025-12-31,revenue,RevenueFromContractWithCustomerExcludingAssessedTax,0001628280-26-010185,2026-02-20
ABT,2021-12-31,operating_income,OperatingIncomeLoss,0001628280-24-005348,2024-02-16
ABT,2022-12-31,operating_income,OperatingIncomeLoss,0001628280-25-007110,2025-02-21
ABT,2024-12-31,operating_income,OperatingIncomeLoss,0001628280-26-010185,2026-02-20
ABT,2023-12-31,operating_income,OperatingIncomeLoss,0001628280-26-010185,2026-02-20
ABT,2025-12-31,operating_income,OperatingIncomeLoss,0001628280-26-010185,2026-02-20
ABT,2021-12-31,net_income,NetIncomeLoss,0001628280-24-005348,2024-02-16
ABT,2022-12-31,net_income,NetIncomeLoss,0001628280-25-007110,2025-02-21
ABT,2024-12-31,net_income,NetIncomeLoss,0001628280-26-010185,2026-02-20
ABT,2023-12-31,net_income,NetIncomeLoss,0001628280-26-010185,2026-02-20
ABT,2025-12-31,net_income,NetIncomeLoss,0001628280-26-010185,2026-02-20
ABT,2021-12-31,pretax_income,IncomeLossFromContinuingOperationsBeforeIncomeTaxesExtraordinaryItemsNoncontrollingInterest,0001628280-24-005348,2024-02-16
ABT,2022-12-31,pretax_income,IncomeLossFromContinuingOperationsBeforeIncomeTaxesExtraordinaryItemsNoncontrollingInterest,0001628280-25-007110,2025-02-21
ABT,2024-12-31,pretax_income,IncomeLossFromContinuingOperationsBeforeIncomeTaxesExtraordinaryItemsNoncontrollingInterest,0001628280-26-010185,2026-02-20
ABT,2023-12-31,pretax_income,IncomeLossFromContinuingOperationsBeforeIncomeTaxesExtraordinaryItemsNoncontrollingInterest,0001628280-26-010185,2026-02-20
ABT,2025-12-31,pretax_income,IncomeLossFromContinuingOperationsBeforeIncomeTaxesExtraordinaryItemsNoncontrollingInterest,0001628280-26-010185,2026-02-20
ABT,2022-12-31,interest_expense,InterestExpense,0001628280-24-005348,2024-02-16
ABT,2021-12-31,interest_expense,InterestExpense,0001628280-24-005348,2024-02-16
ABT,2023-12-31,interest_expense,InterestExpense,0001628280-24-005348,2024-02-16
ABT,2024-12-31,interest_expense,InterestExpenseNonoperating,0001628280-26-010185,2026-02-20
ABT,2025-12-31,interest_expense,InterestExpenseNonoperating,0001628280-26-010185,2026-02-20
ABT,2021-12-31,operating_cash_flow,NetCashProvidedByUsedInOperatingActivities,0001628280-24-005348,2024-02-16
ABT,2022-12-31,operating_cash_flow,NetCashProvidedByUsedInOperatingActivities,0001628280-25-007110,2025-02-21
ABT,2024-12-31,operating_cash_flow,NetCashProvidedByUsedInOperatingActivities,0001628280-26-010185,2026-02-20
ABT,2023-12-31,operating_cash_flow,NetCashProvidedByUsedInOperatingActivities,0001628280-26-010185,2026-02-20
ABT,2025-12-31,operating_cash_flow,NetCashProvidedByUsedInOperatingActivities,0001628280-26-010185,2026-02-20
XOM,2021-12-31,total_assets,Assets,0000034088-24-000018,2024-02-28
XOM,2022-12-31,total_assets,Assets,0000034088-25-000010,2025-02-19
XOM,2023-12-31,total_assets,Assets,0000034088-25-000010,2025-02-19
XOM,2024-12-31,total_assets,Assets,0000034088-26-000045,2026-02-18
XOM,2025-12-31,total_assets,Assets,0000034088-26-000045,2026-02-18
XOM,2021-12-31,total_liabilities,Liabilities,0000034088-23-000020,2023-02-22
XOM,2022-12-31,total_liabilities,Liabilities,0000034088-24-000018,2024-02-28
XOM,2023-12-31,total_liabilities,Liabilities,0000034088-25-000010,2025-02-19
XOM,2024-12-31,total_liabilities,Liabilities,0000034088-26-000045,2026-02-18
XOM,2025-12-31,total_liabilities,Liabilities,0000034088-26-000045,2026-02-18
XOM,2021-12-31,stockholders_equity,StockholdersEquity,0000034088-23-000020,2023-02-22
XOM,2022-12-31,stockholders_equity,StockholdersEquity,0000034088-24-000018,2024-02-28
XOM,2023-12-31,stockholders_equity,StockholdersEquity,0000034088-25-000010,2025-02-19
XOM,2024-12-31,stockholders_equity,StockholdersEquity,0000034088-26-000045,2026-02-18
XOM,2025-12-31,stockholders_equity,StockholdersEquity,0000034088-26-000045,2026-02-18
XOM,2021-12-31,total_equity_incl_nci,StockholdersEquityIncludingPortionAttributableToNoncontrollingInterest,0000034088-25-000010,2025-02-19
XOM,2024-12-31,total_equity_incl_nci,StockholdersEquityIncludingPortionAttributableToNoncontrollingInterest,0000034088-26-000045,2026-02-18
XOM,2022-12-31,total_equity_incl_nci,StockholdersEquityIncludingPortionAttributableToNoncontrollingInterest,0000034088-26-000045,2026-02-18
XOM,2023-12-31,total_equity_incl_nci,StockholdersEquityIncludingPortionAttributableToNoncontrollingInterest,0000034088-26-000045,2026-02-18
XOM,2025-12-31,total_equity_incl_nci,StockholdersEquityIncludingPortionAttributableToNoncontrollingInterest,0000034088-26-000045,2026-02-18
XOM,2021-12-31,current_assets,AssetsCurrent,0000034088-23-000020,2023-02-22
XOM,2022-12-31,current_assets,AssetsCurrent,0000034088-24-000018,2024-02-28
XOM,2023-12-31,current_assets,AssetsCurrent,0000034088-25-000010,2025-02-19
XOM,2024-12-31,current_assets,AssetsCurrent,0000034088-26-000045,2026-02-18
XOM,2025-12-31,current_assets,AssetsCurrent,0000034088-26-000045,2026-02-18
XOM,2021-12-31,current_liabilities,LiabilitiesCurrent,0000034088-23-000020,2023-02-22
XOM,2022-12-31,current_liabilities,LiabilitiesCurrent,0000034088-24-000018,2024-02-28
XOM,2023-12-31,current_liabilities,LiabilitiesCurrent,0000034088-25-000010,2025-02-19
XOM,2024-12-31,current_liabilities,LiabilitiesCurrent,0000034088-26-000045,2026-02-18
XOM,2025-12-31,current_liabilities,LiabilitiesCurrent,0000034088-26-000045,2026-02-18
XOM,2021-12-31,retained_earnings,RetainedEarningsAccumulatedDeficit,0000034088-23-000020,2023-02-22
XOM,2022-12-31,retained_earnings,RetainedEarningsAccumulatedDeficit,0000034088-24-000018,2024-02-28
XOM,2023-12-31,retained_earnings,RetainedEarningsAccumulatedDeficit,0000034088-25-000010,2025-02-19
XOM,2024-12-31,retained_earnings,RetainedEarningsAccumulatedDeficit,0000034088-26-000045,2026-02-18
XOM,2025-12-31,retained_earnings,RetainedEarningsAccumulatedDeficit,0000034088-26-000045,2026-02-18
XOM,2021-12-31,revenue,Revenues,0000034088-24-000018,2024-02-28
XOM,2022-12-31,revenue,Revenues,0000034088-25-000010,2025-02-19
XOM,2024-12-31,revenue,Revenues,0000034088-26-000045,2026-02-18
XOM,2023-12-31,revenue,Revenues,0000034088-26-000045,2026-02-18
XOM,2025-12-31,revenue,Revenues,0000034088-26-000045,2026-02-18
XOM,2021-12-31,net_income,NetIncomeLoss,0000034088-24-000018,2024-02-28
XOM,2022-12-31,net_income,NetIncomeLoss,0000034088-25-000010,2025-02-19
XOM,2024-12-31,net_income,NetIncomeLoss,0000034088-26-000045,2026-02-18
XOM,2023-12-31,net_income,NetIncomeLoss,0000034088-26-000045,2026-02-18
XOM,2025-12-31,net_income,NetIncomeLoss,0000034088-26-000045,2026-02-18
XOM,2021-12-31,pretax_income,IncomeLossFromContinuingOperationsBeforeIncomeTaxesExtraordinaryItemsNoncontrollingInterest,0000034088-24-000018,2024-02-28
XOM,2022-12-31,pretax_income,IncomeLossFromContinuingOperationsBeforeIncomeTaxesExtraordinaryItemsNoncontrollingInterest,0000034088-25-000010,2025-02-19
XOM,2024-12-31,pretax_income,IncomeLossFromContinuingOperationsBeforeIncomeTaxesExtraordinaryItemsNoncontrollingInterest,0000034088-26-000045,2026-02-18
XOM,2023-12-31,pretax_income,IncomeLossFromContinuingOperationsBeforeIncomeTaxesExtraordinaryItemsNoncontrollingInterest,0000034088-26-000045,2026-02-18
XOM,2025-12-31,pretax_income,IncomeLossFromContinuingOperationsBeforeIncomeTaxesExtraordinaryItemsNoncontrollingInterest,0000034088-26-000045,2026-02-18
XOM,2021-12-31,interest_expense,InterestExpense,0000034088-24-000018,2024-02-28
XOM,2022-12-31,interest_expense,InterestExpense,0000034088-25-000010,2025-02-19
XOM,2024-12-31,interest_expense,InterestExpense,0000034088-26-000045,2026-02-18
XOM,2023-12-31,interest_expense,InterestExpense,0000034088-26-000045,2026-02-18
XOM,2025-12-31,interest_expense,InterestExpense,0000034088-26-000045,2026-02-18
XOM,2021-12-31,operating_cash_flow,NetCashProvidedByUsedInOperatingActivities,0000034088-24-000018,2024-02-28
XOM,2022-12-31,operating_cash_flow,NetCashProvidedByUsedInOperatingActivities,0000034088-25-000010,2025-02-19
XOM,2024-12-31,operating_cash_flow,NetCashProvidedByUsedInOperatingActivities,0000034088-26-000045,2026-02-18
XOM,2023-12-31,operating_cash_flow,NetCashProvidedByUsedInOperatingActivities,0000034088-26-000045,2026-02-18
XOM,2025-12-31,operating_cash_flow,NetCashProvidedByUsedInOperatingActivities,0000034088-26-000045,2026-02-18
CVX,2021-12-31,total_assets,Assets,0000093410-23-000009,2023-02-23
CVX,2022-12-31,total_assets,Assets,0000093410-24-000013,2024-02-26
CVX,2023-12-31,total_assets,Assets,0000093410-25-000009,2025-02-21
CVX,2024-12-31,total_assets,Assets,0000093410-26-000078,2026-02-24
CVX,2025-12-31,total_assets,Assets,0000093410-26-000078,2026-02-24
CVX,2021-12-31,total_liabilities,Liabilities,0000093410-23-000009,2023-02-23
CVX,2022-12-31,total_liabilities,Liabilities,0000093410-24-000013,2024-02-26
CVX,2023-12-31,total_liabilities,Liabilities,0000093410-25-000009,2025-02-21
CVX,2024-12-31,total_liabilities,Liabilities,0000093410-26-000078,2026-02-24
CVX,2025-12-31,total_liabilities,Liabilities,0000093410-26-000078,2026-02-24
CVX,2021-12-31,stockholders_equity,StockholdersEquity,0000093410-23-000009,2023-02-23
CVX,2022-12-31,stockholders_equity,StockholdersEquity,0000093410-24-000013,2024-02-26
CVX,2023-12-31,stockholders_equity,StockholdersEquity,0000093410-25-000009,2025-02-21
CVX,2024-12-31,stockholders_equity,StockholdersEquity,0000093410-26-000078,2026-02-24
CVX,2025-12-31,stockholders_equity,StockholdersEquity,0000093410-26-000078,2026-02-24
CVX,2021-12-31,total_equity_incl_nci,StockholdersEquityIncludingPortionAttributableToNoncontrollingInterest,0000093410-25-000009,2025-02-21
CVX,2022-12-31,total_equity_incl_nci,StockholdersEquityIncludingPortionAttributableToNoncontrollingInterest,0000093410-26-000078,2026-02-24
CVX,2023-12-31,total_equity_incl_nci,StockholdersEquityIncludingPortionAttributableToNoncontrollingInterest,0000093410-26-000078,2026-02-24
CVX,2024-12-31,total_equity_incl_nci,StockholdersEquityIncludingPortionAttributableToNoncontrollingInterest,0000093410-26-000078,2026-02-24
CVX,2025-12-31,total_equity_incl_nci,StockholdersEquityIncludingPortionAttributableToNoncontrollingInterest,0000093410-26-000078,2026-02-24
CVX,2021-12-31,current_assets,AssetsCurrent,0000093410-23-000009,2023-02-23
CVX,2022-12-31,current_assets,AssetsCurrent,0000093410-24-000013,2024-02-26
CVX,2023-12-31,current_assets,AssetsCurrent,0000093410-25-000009,2025-02-21
CVX,2024-12-31,current_assets,AssetsCurrent,0000093410-26-000078,2026-02-24
CVX,2025-12-31,current_assets,AssetsCurrent,0000093410-26-000078,2026-02-24
CVX,2021-12-31,current_liabilities,LiabilitiesCurrent,0000093410-23-000009,2023-02-23
CVX,2022-12-31,current_liabilities,LiabilitiesCurrent,0000093410-24-000013,2024-02-26
CVX,2023-12-31,current_liabilities,LiabilitiesCurrent,0000093410-25-000009,2025-02-21
CVX,2024-12-31,current_liabilities,LiabilitiesCurrent,0000093410-26-000078,2026-02-24
CVX,2025-12-31,current_liabilities,LiabilitiesCurrent,0000093410-26-000078,2026-02-24
CVX,2021-12-31,retained_earnings,RetainedEarningsAccumulatedDeficit,0000093410-23-000009,2023-02-23
CVX,2022-12-31,retained_earnings,RetainedEarningsAccumulatedDeficit,0000093410-24-000013,2024-02-26
CVX,2023-12-31,retained_earnings,RetainedEarningsAccumulatedDeficit,0000093410-25-000009,2025-02-21
CVX,2024-12-31,retained_earnings,RetainedEarningsAccumulatedDeficit,0000093410-26-000078,2026-02-24
CVX,2025-12-31,retained_earnings,RetainedEarningsAccumulatedDeficit,0000093410-26-000078,2026-02-24
CVX,2021-12-31,revenue,Revenues,0000093410-24-000013,2024-02-26
CVX,2022-12-31,revenue,Revenues,0000093410-25-000009,2025-02-21
CVX,2024-12-31,revenue,Revenues,0000093410-26-000078,2026-02-24
CVX,2023-12-31,revenue,Revenues,0000093410-26-000078,2026-02-24
CVX,2025-12-31,revenue,Revenues,0000093410-26-000078,2026-02-24
CVX,2021-12-31,net_income,NetIncomeLoss,0000093410-24-000013,2024-02-26
CVX,2022-12-31,net_income,NetIncomeLoss,0000093410-25-000009,2025-02-21
CVX,2024-12-31,net_income,NetIncomeLoss,0000093410-26-000078,2026-02-24
CVX,2023-12-31,net_income,NetIncomeLoss,0000093410-26-000078,2026-02-24
CVX,2025-12-31,net_income,NetIncomeLoss,0000093410-26-000078,2026-02-24
CVX,2021-12-31,pretax_income,IncomeLossFromContinuingOperationsBeforeIncomeTaxesMinorityInterestAndIncomeLossFromEquityMethodInvestments,0000093410-24-000013,2024-02-26
CVX,2022-12-31,pretax_income,IncomeLossFromContinuingOperationsBeforeIncomeTaxesMinorityInterestAndIncomeLossFromEquityMethodInvestments,0000093410-25-000009,2025-02-21
CVX,2024-12-31,pretax_income,IncomeLossFromContinuingOperationsBeforeIncomeTaxesMinorityInterestAndIncomeLossFromEquityMethodInvestments,0000093410-26-000078,2026-02-24
CVX,2023-12-31,pretax_income,IncomeLossFromContinuingOperationsBeforeIncomeTaxesMinorityInterestAndIncomeLossFromEquityMethodInvestments,0000093410-26-000078,2026-02-24
CVX,2025-12-31,pretax_income,IncomeLossFromContinuingOperationsBeforeIncomeTaxesMinorityInterestAndIncomeLossFromEquityMethodInvestments,0000093410-26-000078,2026-02-24
CVX,2021-12-31,interest_expense,InterestExpenseDebt,0000093410-24-000013,2024-02-26
CVX,2022-12-31,interest_expense,InterestExpenseDebt,0000093410-25-000009,2025-02-21
CVX,2024-12-31,interest_expense,InterestExpenseDebt,0000093410-26-000078,2026-02-24
CVX,2023-12-31,interest_expense,InterestExpenseDebt,0000093410-26-000078,2026-02-24
CVX,2025-12-31,interest_expense,InterestExpenseDebt,0000093410-26-000078,2026-02-24
CVX,2021-12-31,operating_cash_flow,NetCashProvidedByUsedInOperatingActivities,0000093410-24-000013,2024-02-26
CVX,2022-12-31,operating_cash_flow,NetCashProvidedByUsedInOperatingActivities,0000093410-25-000009,2025-02-21
CVX,2024-12-31,operating_cash_flow,NetCashProvidedByUsedInOperatingActivities,0000093410-26-000078,2026-02-24
CVX,2023-12-31,operating_cash_flow,NetCashProvidedByUsedInOperatingActivities,0000093410-26-000078,2026-02-24
CVX,2025-12-31,operating_cash_flow,NetCashProvidedByUsedInOperatingActivities,0000093410-26-000078,2026-02-24
COP,2021-12-31,total_assets,Assets,0001163165-24-000010,2024-02-15
COP,2022-12-31,total_assets,Assets,0001163165-25-000012,2025-02-18
COP,2024-12-31,total_assets,Assets,0001163165-26-000009,2026-02-17
COP,2023-12-31,total_assets,Assets,0001163165-26-000009,2026-02-17
COP,2025-12-31,total_assets,Assets,0001163165-26-000009,2026-02-17
COP,2021-12-31,total_liabilities,Liabilities,0001163165-23-000006,2023-02-16
COP,2022-12-31,total_liabilities,Liabilities,0001163165-24-000010,2024-02-15
COP,2023-12-31,total_liabilities,Liabilities,0001163165-25-000012,2025-02-18
COP,2024-12-31,total_liabilities,Liabilities,0001163165-26-000009,2026-02-17
COP,2025-12-31,total_liabilities,Liabilities,0001163165-26-000009,2026-02-17
COP,2021-12-31,stockholders_equity,StockholdersEquity,0001163165-25-000012,2025-02-18
COP,2024-12-31,stockholders_equity,StockholdersEquity,0001163165-26-000009,2026-02-17
COP,2022-12-31,stockholders_equity,StockholdersEquity,0001163165-26-000009,2026-02-17
COP,2023-12-31,stockholders_equity,StockholdersEquity,0001163165-26-000009,2026-02-17
COP,2025-12-31,stockholders_equity,StockholdersEquity,0001163165-26-000009,2026-02-17
COP,2021-12-31,total_equity_incl_nci,StockholdersEquityIncludingPortionAttributableToNoncontrollingInterest,0001163165-23-000006,2023-02-16
COP,2022-12-31,total_equity_incl_nci,StockholdersEquityIncludingPortionAttributableToNoncontrollingInterest,0001163165-23-000006,2023-02-16
COP,2024-12-31,total_equity_incl_nci,StockholdersEquity,0001163165-26-000009,2026-02-17
COP,2023-12-31,total_equity_incl_nci,StockholdersEquity,0001163165-26-000009,2026-02-17
COP,2025-12-31,total_equity_incl_nci,StockholdersEquity,0001163165-26-000009,2026-02-17
COP,2021-12-31,current_assets,AssetsCurrent,0001163165-23-000006,2023-02-16
COP,2022-12-31,current_assets,AssetsCurrent,0001163165-24-000010,2024-02-15
COP,2023-12-31,current_assets,AssetsCurrent,0001163165-25-000012,2025-02-18
COP,2024-12-31,current_assets,AssetsCurrent,0001163165-26-000009,2026-02-17
COP,2025-12-31,current_assets,AssetsCurrent,0001163165-26-000009,2026-02-17
COP,2021-12-31,current_liabilities,LiabilitiesCurrent,0001163165-23-000006,2023-02-16
COP,2022-12-31,current_liabilities,LiabilitiesCurrent,0001163165-24-000010,2024-02-15
COP,2023-12-31,current_liabilities,LiabilitiesCurrent,0001163165-25-000012,2025-02-18
COP,2024-12-31,current_liabilities,LiabilitiesCurrent,0001163165-26-000009,2026-02-17
COP,2025-12-31,current_liabilities,LiabilitiesCurrent,0001163165-26-000009,2026-02-17
COP,2021-12-31,retained_earnings,RetainedEarningsAccumulatedDeficit,0001163165-23-000006,2023-02-16
COP,2022-12-31,retained_earnings,RetainedEarningsAccumulatedDeficit,0001163165-24-000010,2024-02-15
COP,2023-12-31,retained_earnings,RetainedEarningsAccumulatedDeficit,0001163165-25-000012,2025-02-18
COP,2024-12-31,retained_earnings,RetainedEarningsAccumulatedDeficit,0001163165-26-000009,2026-02-17
COP,2025-12-31,retained_earnings,RetainedEarningsAccumulatedDeficit,0001163165-26-000009,2026-02-17
COP,2021-12-31,revenue,Revenues,0001163165-24-000010,2024-02-15
COP,2022-12-31,revenue,Revenues,0001163165-25-000012,2025-02-18
COP,2024-12-31,revenue,Revenues,0001163165-26-000009,2026-02-17
COP,2023-12-31,revenue,Revenues,0001163165-26-000009,2026-02-17
COP,2025-12-31,revenue,Revenues,0001163165-26-000009,2026-02-17
COP,2021-12-31,net_income,NetIncomeLoss,0001163165-24-000010,2024-02-15
COP,2022-12-31,net_income,NetIncomeLoss,0001163165-25-000012,2025-02-18
COP,2024-12-31,net_income,NetIncomeLoss,0001163165-26-000009,2026-02-17
COP,2023-12-31,net_income,NetIncomeLoss,0001163165-26-000009,2026-02-17
COP,2025-12-31,net_income,NetIncomeLoss,0001163165-26-000009,2026-02-17
COP,2021-12-31,pretax_income,IncomeLossFromContinuingOperationsBeforeIncomeTaxesExtraordinaryItemsNoncontrollingInterest,0001163165-24-000010,2024-02-15
COP,2022-12-31,pretax_income,IncomeLossFromContinuingOperationsBeforeIncomeTaxesExtraordinaryItemsNoncontrollingInterest,0001163165-25-000012,2025-02-18
COP,2023-12-31,pretax_income,IncomeLossFromContinuingOperationsBeforeIncomeTaxesExtraordinaryItemsNoncontrollingInterest,0001163165-26-000009,2026-02-17
COP,2024-12-31,pretax_income,IncomeLossFromContinuingOperationsBeforeIncomeTaxesExtraordinaryItemsNoncontrollingInterest,0001163165-26-000009,2026-02-17
COP,2025-12-31,pretax_income,IncomeLossFromContinuingOperationsBeforeIncomeTaxesExtraordinaryItemsNoncontrollingInterest,0001163165-26-000009,2026-02-17
COP,2021-12-31,interest_expense,InterestExpenseDebt,0001163165-24-000010,2024-02-15
COP,2022-12-31,interest_expense,InterestExpenseDebt,0001163165-25-000012,2025-02-18
COP,2024-12-31,interest_expense,InterestExpenseDebt,0001163165-26-000009,2026-02-17
COP,2023-12-31,interest_expense,InterestExpenseDebt,0001163165-26-000009,2026-02-17
COP,2025-12-31,interest_expense,InterestExpenseDebt,0001163165-26-000009,2026-02-17
COP,2021-12-31,operating_cash_flow,NetCashProvidedByUsedInOperatingActivities,0001163165-24-000010,2024-02-15
COP,2022-12-31,operating_cash_flow,NetCashProvidedByUsedInOperatingActivities,0001163165-25-000012,2025-02-18
COP,2024-12-31,operating_cash_flow,NetCashProvidedByUsedInOperatingActivities,0001163165-26-000009,2026-02-17
COP,2023-12-31,operating_cash_flow,NetCashProvidedByUsedInOperatingActivities,0001163165-26-000009,2026-02-17
COP,2025-12-31,operating_cash_flow,NetCashProvidedByUsedInOperatingActivities,0001163165-26-000009,2026-02-17
SLB,2021-12-31,total_assets,Assets,0000950170-24-006884,2024-01-24
SLB,2022-12-31,total_assets,Assets,0000950170-25-007638,2025-01-22
SLB,2024-12-31,total_assets,Assets,0001193125-26-021017,2026-01-23
SLB,2023-12-31,total_assets,Assets,0001193125-26-021017,2026-01-23
SLB,2025-12-31,total_assets,Assets,0001193125-26-021017,2026-01-23
SLB,2021-12-31,total_liabilities,Liabilities,0001564590-23-000762,2023-01-25
SLB,2022-12-31,total_liabilities,Liabilities,0000950170-24-006884,2024-01-24
SLB,2023-12-31,total_liabilities,Liabilities,0000950170-25-007638,2025-01-22
SLB,2024-12-31,total_liabilities,Liabilities,0001193125-26-021017,2026-01-23
SLB,2025-12-31,total_liabilities,Liabilities,0001193125-26-021017,2026-01-23
SLB,2021-12-31,stockholders_equity,StockholdersEquity,0001564590-23-000762,2023-01-25
SLB,2022-12-31,stockholders_equity,StockholdersEquity,0000950170-24-006884,2024-01-24
SLB,2023-12-31,stockholders_equity,StockholdersEquity,0000950170-25-007638,2025-01-22
SLB,2024-12-31,stockholders_equity,StockholdersEquity,0001193125-26-021017,2026-01-23
SLB,2025-12-31,stockholders_equity,StockholdersEquity,0001193125-26-021017,2026-01-23
SLB,2021-12-31,total_equity_incl_nci,StockholdersEquityIncludingPortionAttributableToNoncontrollingInterest,0000950170-25-007638,2025-01-22
SLB,2022-12-31,total_equity_incl_nci,StockholdersEquityIncludingPortionAttributableToNoncontrollingInterest,0001193125-26-021017,2026-01-23
SLB,2024-12-31,total_equity_incl_nci,StockholdersEquityIncludingPortionAttributableToNoncontrollingInterest,0001193125-26-021017,2026-01-23
SLB,2023-12-31,total_equity_incl_nci,StockholdersEquityIncludingPortionAttributableToNoncontrollingInterest,0001193125-26-021017,2026-01-23
SLB,2025-12-31,total_equity_incl_nci,StockholdersEquityIncludingPortionAttributableToNoncontrollingInterest,0001193125-26-021017,2026-01-23
SLB,2021-12-31,current_assets,AssetsCurrent,0001564590-23-000762,2023-01-25
SLB,2022-12-31,current_assets,AssetsCurrent,0000950170-24-006884,2024-01-24
SLB,2023-12-31,current_assets,AssetsCurrent,0000950170-25-007638,2025-01-22
SLB,2024-12-31,current_assets,AssetsCurrent,0001193125-26-021017,2026-01-23
SLB,2025-12-31,current_assets,AssetsCurrent,0001193125-26-021017,2026-01-23
SLB,2021-12-31,current_liabilities,LiabilitiesCurrent,0001564590-23-000762,2023-01-25
SLB,2022-12-31,current_liabilities,LiabilitiesCurrent,0000950170-24-006884,2024-01-24
SLB,2023-12-31,current_liabilities,LiabilitiesCurrent,0000950170-25-007638,2025-01-22
SLB,2024-12-31,current_liabilities,LiabilitiesCurrent,0001193125-26-021017,2026-01-23
SLB,2025-12-31,current_liabilities,LiabilitiesCurrent,0001193125-26-021017,2026-01-23
SLB,2021-12-31,retained_earnings,RetainedEarningsAccumulatedDeficit,0001564590-23-000762,2023-01-25
SLB,2022-12-31,retained_earnings,RetainedEarningsAccumulatedDeficit,0000950170-24-006884,2024-01-24
SLB,2023-12-31,retained_earnings,RetainedEarningsAccumulatedDeficit,0000950170-25-007638,2025-01-22
SLB,2024-12-31,retained_earnings,RetainedEarningsAccumulatedDeficit,0001193125-26-021017,2026-01-23
SLB,2025-12-31,retained_earnings,RetainedEarningsAccumulatedDeficit,0001193125-26-021017,2026-01-23
SLB,2021-12-31,revenue,RevenueFromContractWithCustomerExcludingAssessedTax,0000950170-24-006884,2024-01-24
SLB,2022-12-31,revenue,RevenueFromContractWithCustomerExcludingAssessedTax,0000950170-25-007638,2025-01-22
SLB,2024-12-31,revenue,RevenueFromContractWithCustomerExcludingAssessedTax,0001193125-26-021017,2026-01-23
SLB,2023-12-31,revenue,RevenueFromContractWithCustomerExcludingAssessedTax,0001193125-26-021017,2026-01-23
SLB,2025-12-31,revenue,RevenueFromContractWithCustomerExcludingAssessedTax,0001193125-26-021017,2026-01-23
SLB,2021-12-31,operating_income,OperatingIncomeLoss,0000950170-24-006884,2024-01-24
SLB,2022-12-31,operating_income,OperatingIncomeLoss,0000950170-24-006884,2024-01-24
SLB,2023-12-31,operating_income,OperatingIncomeLoss,0000950170-24-006884,2024-01-24
SLB,2021-12-31,net_income,NetIncomeLoss,0000950170-24-006884,2024-01-24
SLB,2022-12-31,net_income,NetIncomeLoss,0000950170-25-007638,2025-01-22
SLB,2024-12-31,net_income,NetIncomeLoss,0001193125-26-021017,2026-01-23
SLB,2023-12-31,net_income,NetIncomeLoss,0001193125-26-021017,2026-01-23
SLB,2025-12-31,net_income,NetIncomeLoss,0001193125-26-021017,2026-01-23
SLB,2021-12-31,pretax_income,IncomeLossFromContinuingOperationsBeforeIncomeTaxesExtraordinaryItemsNoncontrollingInterest,0000950170-24-006884,2024-01-24
SLB,2022-12-31,pretax_income,IncomeLossFromContinuingOperationsBeforeIncomeTaxesExtraordinaryItemsNoncontrollingInterest,0000950170-25-007638,2025-01-22
SLB,2024-12-31,pretax_income,IncomeLossFromContinuingOperationsBeforeIncomeTaxesExtraordinaryItemsNoncontrollingInterest,0001193125-26-021017,2026-01-23
SLB,2023-12-31,pretax_income,IncomeLossFromContinuingOperationsBeforeIncomeTaxesExtraordinaryItemsNoncontrollingInterest,0001193125-26-021017,2026-01-23
SLB,2025-12-31,pretax_income,IncomeLossFromContinuingOperationsBeforeIncomeTaxesExtraordinaryItemsNoncontrollingInterest,0001193125-26-021017,2026-01-23
SLB,2021-12-31,interest_expense,InterestExpense,0000950170-24-006884,2024-01-24
SLB,2022-12-31,interest_expense,InterestExpense,0000950170-25-007638,2025-01-22
SLB,2024-12-31,interest_expense,InterestExpense,0001193125-26-021017,2026-01-23
SLB,2023-12-31,interest_expense,InterestExpense,0001193125-26-021017,2026-01-23
SLB,2025-12-31,interest_expense,InterestExpense,0001193125-26-021017,2026-01-23
SLB,2021-12-31,operating_cash_flow,NetCashProvidedByUsedInOperatingActivities,0000950170-24-006884,2024-01-24
SLB,2022-12-31,operating_cash_flow,NetCashProvidedByUsedInOperatingActivities,0000950170-25-007638,2025-01-22
SLB,2024-12-31,operating_cash_flow,NetCashProvidedByUsedInOperatingActivities,0001193125-26-021017,2026-01-23
SLB,2023-12-31,operating_cash_flow,NetCashProvidedByUsedInOperatingActivities,0001193125-26-021017,2026-01-23
SLB,2025-12-31,operating_cash_flow,NetCashProvidedByUsedInOperatingActivities,0001193125-26-021017,2026-01-23
OXY,2021-12-31,total_assets,Assets,0000797468-24-000034,2024-02-14
OXY,2022-12-31,total_assets,Assets,0000797468-24-000034,2024-02-14
OXY,2023-12-31,total_assets,Assets,0000797468-25-000029,2025-02-18
OXY,2024-12-31,total_assets,Assets,0001628280-26-009059,2026-02-18
OXY,2025-12-31,total_assets,Assets,0001628280-26-009059,2026-02-18
OXY,2021-12-31,stockholders_equity,StockholdersEquity,0000797468-23-000031,2023-05-09
OXY,2022-12-31,stockholders_equity,StockholdersEquity,0000797468-24-000034,2024-02-14
OXY,2023-12-31,stockholders_equity,StockholdersEquity,0000797468-25-000029,2025-02-18
OXY,2024-12-31,stockholders_equity,StockholdersEquity,0001628280-26-009059,2026-02-18
OXY,2025-12-31,stockholders_equity,StockholdersEquity,0001628280-26-009059,2026-02-18
OXY,2021-12-31,total_equity_incl_nci,StockholdersEquityIncludingPortionAttributableToNoncontrollingInterest,0000797468-25-000029,2025-02-18
OXY,2024-12-31,total_equity_incl_nci,StockholdersEquityIncludingPortionAttributableToNoncontrollingInterest,0001628280-26-009059,2026-02-18
OXY,2022-12-31,total_equity_incl_nci,StockholdersEquityIncludingPortionAttributableToNoncontrollingInterest,0001628280-26-009059,2026-02-18
OXY,2023-12-31,total_equity_incl_nci,StockholdersEquityIncludingPortionAttributableToNoncontrollingInterest,0001628280-26-009059,2026-02-18
OXY,2025-12-31,total_equity_incl_nci,StockholdersEquityIncludingPortionAttributableToNoncontrollingInterest,0001628280-26-009059,2026-02-18
OXY,2021-12-31,current_assets,AssetsCurrent,0000797468-23-000031,2023-05-09
OXY,2022-12-31,current_assets,AssetsCurrent,0000797468-24-000034,2024-02-14
OXY,2023-12-31,current_assets,AssetsCurrent,0000797468-25-000029,2025-02-18
OXY,2024-12-31,current_assets,AssetsCurrent,0001628280-26-009059,2026-02-18
OXY,2025-12-31,current_assets,AssetsCurrent,0001628280-26-009059,2026-02-18
OXY,2021-12-31,current_liabilities,LiabilitiesCurrent,0000797468-23-000031,2023-05-09
OXY,2022-12-31,current_liabilities,LiabilitiesCurrent,0000797468-24-000034,2024-02-14
OXY,2023-12-31,current_liabilities,LiabilitiesCurrent,0000797468-25-000029,2025-02-18
OXY,2024-12-31,current_liabilities,LiabilitiesCurrent,0001628280-26-009059,2026-02-18
OXY,2025-12-31,current_liabilities,LiabilitiesCurrent,0001628280-26-009059,2026-02-18
OXY,2021-12-31,retained_earnings,RetainedEarningsAccumulatedDeficit,0000797468-23-000031,2023-05-09
OXY,2022-12-31,retained_earnings,RetainedEarningsAccumulatedDeficit,0000797468-24-000034,2024-02-14
OXY,2023-12-31,retained_earnings,RetainedEarningsAccumulatedDeficit,0000797468-25-000029,2025-02-18
OXY,2024-12-31,retained_earnings,RetainedEarningsAccumulatedDeficit,0001628280-26-009059,2026-02-18
OXY,2025-12-31,retained_earnings,RetainedEarningsAccumulatedDeficit,0001628280-26-009059,2026-02-18
OXY,2021-12-31,revenue,Revenues,0000797468-24-000034,2024-02-14
OXY,2022-12-31,revenue,Revenues,0000797468-25-000029,2025-02-18
OXY,2024-12-31,revenue,Revenues,0001628280-26-009059,2026-02-18
OXY,2023-12-31,revenue,Revenues,0001628280-26-009059,2026-02-18
OXY,2025-12-31,revenue,Revenues,0001628280-26-009059,2026-02-18
OXY,2022-12-31,net_income,NetIncomeLoss,0000797468-24-000034,2024-02-14
OXY,2021-12-31,net_income,NetIncomeLoss,0000797468-24-000034,2024-02-14
OXY,2023-12-31,net_income,NetIncomeLoss,0000797468-24-000034,2024-02-14
OXY,2024-12-31,net_income,ProfitLoss,0001628280-26-009059,2026-02-18
OXY,2025-12-31,net_income,ProfitLoss,0001628280-26-009059,2026-02-18
OXY,2021-12-31,pretax_income,IncomeLossFromContinuingOperationsBeforeIncomeTaxesExtraordinaryItemsNoncontrollingInterest,0000797468-24-000034,2024-02-14
OXY,2022-12-31,pretax_income,IncomeLossFromContinuingOperationsBeforeIncomeTaxesExtraordinaryItemsNoncontrollingInterest,0000797468-25-000029,2025-02-18
OXY,2023-12-31,pretax_income,IncomeLossFromContinuingOperationsBeforeIncomeTaxesExtraordinaryItemsNoncontrollingInterest,0001628280-26-009059,2026-02-18
OXY,2024-12-31,pretax_income,IncomeLossFromContinuingOperationsBeforeIncomeTaxesExtraordinaryItemsNoncontrollingInterest,0001628280-26-009059,2026-02-18
OXY,2025-12-31,pretax_income,IncomeLossFromContinuingOperationsBeforeIncomeTaxesExtraordinaryItemsNoncontrollingInterest,0001628280-26-009059,2026-02-18
OXY,2021-12-31,interest_expense,InterestAndDebtExpense,0000797468-24-000034,2024-02-14
OXY,2022-12-31,interest_expense,InterestAndDebtExpense,0000797468-25-000029,2025-02-18
OXY,2024-12-31,interest_expense,InterestAndDebtExpense,0001628280-26-009059,2026-02-18
OXY,2023-12-31,interest_expense,InterestAndDebtExpense,0001628280-26-009059,2026-02-18
OXY,2025-12-31,interest_expense,InterestAndDebtExpense,0001628280-26-009059,2026-02-18
OXY,2021-12-31,operating_cash_flow,NetCashProvidedByUsedInOperatingActivities,0000797468-24-000034,2024-02-14
OXY,2022-12-31,operating_cash_flow,NetCashProvidedByUsedInOperatingActivities,0000797468-25-000029,2025-02-18
OXY,2024-12-31,operating_cash_flow,NetCashProvidedByUsedInOperatingActivities,0001628280-26-009059,2026-02-18
OXY,2023-12-31,operating_cash_flow,NetCashProvidedByUsedInOperatingActivities,0001628280-26-009059,2026-02-18
OXY,2025-12-31,operating_cash_flow,NetCashProvidedByUsedInOperatingActivities,0001628280-26-009059,2026-02-18
WMT,2022-01-31,total_assets,Assets,0000104169-24-000056,2024-03-15
WMT,2023-01-31,total_assets,Assets,0000104169-25-000021,2025-03-14
WMT,2025-01-31,total_assets,Assets,0000104169-26-000055,2026-03-13
WMT,2024-01-31,total_assets,Assets,0000104169-26-000055,2026-03-13
WMT,2026-01-31,total_assets,Assets,0000104169-26-000055,2026-03-13
WMT,2022-01-31,stockholders_equity,StockholdersEquity,0000104169-23-000020,2023-03-17
WMT,2023-01-31,stockholders_equity,StockholdersEquity,0000104169-24-000056,2024-03-15
WMT,2024-01-31,stockholders_equity,StockholdersEquity,0000104169-25-000021,2025-03-14
WMT,2025-01-31,stockholders_equity,StockholdersEquity,0000104169-26-000055,2026-03-13
WMT,2026-01-31,stockholders_equity,StockholdersEquity,0000104169-26-000055,2026-03-13
WMT,2022-01-31,total_equity_incl_nci,StockholdersEquityIncludingPortionAttributableToNoncontrollingInterest,0000104169-25-000021,2025-03-14
WMT,2023-01-31,total_equity_incl_nci,StockholdersEquityIncludingPortionAttributableToNoncontrollingInterest,0000104169-26-000055,2026-03-13
WMT,2025-01-31,total_equity_incl_nci,StockholdersEquityIncludingPortionAttributableToNoncontrollingInterest,0000104169-26-000055,2026-03-13
WMT,2024-01-31,total_equity_incl_nci,StockholdersEquityIncludingPortionAttributableToNoncontrollingInterest,0000104169-26-000055,2026-03-13
WMT,2026-01-31,total_equity_incl_nci,StockholdersEquityIncludingPortionAttributableToNoncontrollingInterest,0000104169-26-000055,2026-03-13
WMT,2022-01-31,current_assets,AssetsCurrent,0000104169-23-000020,2023-03-17
WMT,2023-01-31,current_assets,AssetsCurrent,0000104169-24-000056,2024-03-15
WMT,2024-01-31,current_assets,AssetsCurrent,0000104169-25-000021,2025-03-14
WMT,2025-01-31,current_assets,AssetsCurrent,0000104169-26-000055,2026-03-13
WMT,2026-01-31,current_assets,AssetsCurrent,0000104169-26-000055,2026-03-13
WMT,2022-01-31,current_liabilities,LiabilitiesCurrent,0000104169-23-000020,2023-03-17
WMT,2023-01-31,current_liabilities,LiabilitiesCurrent,0000104169-24-000056,2024-03-15
WMT,2024-01-31,current_liabilities,LiabilitiesCurrent,0000104169-25-000021,2025-03-14
WMT,2025-01-31,current_liabilities,LiabilitiesCurrent,0000104169-26-000055,2026-03-13
WMT,2026-01-31,current_liabilities,LiabilitiesCurrent,0000104169-26-000055,2026-03-13
WMT,2022-01-31,retained_earnings,RetainedEarningsAccumulatedDeficit,0000104169-23-000020,2023-03-17
WMT,2023-01-31,retained_earnings,RetainedEarningsAccumulatedDeficit,0000104169-24-000056,2024-03-15
WMT,2024-01-31,retained_earnings,RetainedEarningsAccumulatedDeficit,0000104169-25-000021,2025-03-14
WMT,2025-01-31,retained_earnings,RetainedEarningsAccumulatedDeficit,0000104169-26-000055,2026-03-13
WMT,2026-01-31,retained_earnings,RetainedEarningsAccumulatedDeficit,0000104169-26-000055,2026-03-13
WMT,2022-01-31,revenue,Revenues,0000104169-24-000056,2024-03-15
WMT,2023-01-31,revenue,Revenues,0000104169-25-000021,2025-03-14
WMT,2025-01-31,revenue,Revenues,0000104169-26-000055,2026-03-13
WMT,2024-01-31,revenue,Revenues,0000104169-26-000055,2026-03-13
WMT,2026-01-31,revenue,Revenues,0000104169-26-000055,2026-03-13
WMT,2022-01-31,operating_income,OperatingIncomeLoss,0000104169-24-000056,2024-03-15
WMT,2023-01-31,operating_income,OperatingIncomeLoss,0000104169-25-000021,2025-03-14
WMT,2025-01-31,operating_income,OperatingIncomeLoss,0000104169-26-000055,2026-03-13
WMT,2024-01-31,operating_income,OperatingIncomeLoss,0000104169-26-000055,2026-03-13
WMT,2026-01-31,operating_income,OperatingIncomeLoss,0000104169-26-000055,2026-03-13
WMT,2022-01-31,net_income,NetIncomeLoss,0000104169-24-000056,2024-03-15
WMT,2023-01-31,net_income,NetIncomeLoss,0000104169-25-000021,2025-03-14
WMT,2025-01-31,net_income,NetIncomeLoss,0000104169-26-000055,2026-03-13
WMT,2024-01-31,net_income,NetIncomeLoss,0000104169-26-000055,2026-03-13
WMT,2026-01-31,net_income,NetIncomeLoss,0000104169-26-000055,2026-03-13
WMT,2022-01-31,pretax_income,IncomeLossFromContinuingOperationsBeforeIncomeTaxesExtraordinaryItemsNoncontrollingInterest,0000104169-24-000056,2024-03-15
WMT,2023-01-31,pretax_income,IncomeLossFromContinuingOperationsBeforeIncomeTaxesExtraordinaryItemsNoncontrollingInterest,0000104169-25-000021,2025-03-14
WMT,2024-01-31,pretax_income,IncomeLossFromContinuingOperationsBeforeIncomeTaxesExtraordinaryItemsNoncontrollingInterest,0000104169-26-000055,2026-03-13
WMT,2025-01-31,pretax_income,IncomeLossFromContinuingOperationsBeforeIncomeTaxesExtraordinaryItemsNoncontrollingInterest,0000104169-26-000055,2026-03-13
WMT,2026-01-31,pretax_income,IncomeLossFromContinuingOperationsBeforeIncomeTaxesExtraordinaryItemsNoncontrollingInterest,0000104169-26-000055,2026-03-13
WMT,2022-01-31,interest_expense,InterestExpenseDebt,0000104169-24-000056,2024-03-15
WMT,2023-01-31,interest_expense,InterestExpenseDebt,0000104169-25-000021,2025-03-14
WMT,2025-01-31,interest_expense,InterestExpenseDebt,0000104169-26-000055,2026-03-13
WMT,2024-01-31,interest_expense,InterestExpenseDebt,0000104169-26-000055,2026-03-13
WMT,2026-01-31,interest_expense,InterestExpenseDebt,0000104169-26-000055,2026-03-13
WMT,2022-01-31,operating_cash_flow,NetCashProvidedByUsedInOperatingActivities,0000104169-24-000056,2024-03-15
WMT,2023-01-31,operating_cash_flow,NetCashProvidedByUsedInOperatingActivities,0000104169-25-000021,2025-03-14
WMT,2025-01-31,operating_cash_flow,NetCashProvidedByUsedInOperatingActivities,0000104169-26-000055,2026-03-13
WMT,2024-01-31,operating_cash_flow,NetCashProvidedByUsedInOperatingActivities,0000104169-26-000055,2026-03-13
WMT,2026-01-31,operating_cash_flow,NetCashProvidedByUsedInOperatingActivities,0000104169-26-000055,2026-03-13
PG,2022-06-30,total_assets,Assets,0000080424-24-000083,2024-08-05
PG,2023-06-30,total_assets,Assets,0000080424-24-000083,2024-08-05
PG,2024-06-30,total_assets,Assets,0000080424-25-000076,2025-08-04
PG,2025-06-30,total_assets,Assets,0000080424-26-000103,2026-08-04
PG,2026-06-30,total_assets,Assets,0000080424-26-000103,2026-08-04
PG,2022-06-30,total_liabilities,Liabilities,0000080424-23-000073,2023-08-04
PG,2023-06-30,total_liabilities,Liabilities,0000080424-24-000083,2024-08-05
PG,2024-06-30,total_liabilities,Liabilities,0000080424-25-000076,2025-08-04
PG,2025-06-30,total_liabilities,Liabilities,0000080424-26-000103,2026-08-04
PG,2026-06-30,total_liabilities,Liabilities,0000080424-26-000103,2026-08-04
PG,2022-06-30,stockholders_equity,StockholdersEquityIncludingPortionAttributableToNoncontrollingInterest,0000080424-25-000076,2025-08-04
PG,2025-06-30,stockholders_equity,StockholdersEquityIncludingPortionAttributableToNoncontrollingInterest,0000080424-26-000103,2026-08-04
PG,2023-06-30,stockholders_equity,StockholdersEquityIncludingPortionAttributableToNoncontrollingInterest,0000080424-26-000103,2026-08-04
PG,2024-06-30,stockholders_equity,StockholdersEquityIncludingPortionAttributableToNoncontrollingInterest,0000080424-26-000103,2026-08-04
PG,2026-06-30,stockholders_equity,StockholdersEquityIncludingPortionAttributableToNoncontrollingInterest,0000080424-26-000103,2026-08-04
PG,2022-06-30,total_equity_incl_nci,StockholdersEquityIncludingPortionAttributableToNoncontrollingInterest,0000080424-25-000076,2025-08-04
PG,2025-06-30,total_equity_incl_nci,StockholdersEquityIncludingPortionAttributableToNoncontrollingInterest,0000080424-26-000103,2026-08-04
PG,2023-06-30,total_equity_incl_nci,StockholdersEquityIncludingPortionAttributableToNoncontrollingInterest,0000080424-26-000103,2026-08-04
PG,2024-06-30,total_equity_incl_nci,StockholdersEquityIncludingPortionAttributableToNoncontrollingInterest,0000080424-26-000103,2026-08-04
PG,2026-06-30,total_equity_incl_nci,StockholdersEquityIncludingPortionAttributableToNoncontrollingInterest,0000080424-26-000103,2026-08-04
PG,2022-06-30,current_assets,AssetsCurrent,0000080424-23-000073,2023-08-04
PG,2023-06-30,current_assets,AssetsCurrent,0000080424-24-000083,2024-08-05
PG,2024-06-30,current_assets,AssetsCurrent,0000080424-25-000076,2025-08-04
PG,2025-06-30,current_assets,AssetsCurrent,0000080424-26-000103,2026-08-04
PG,2026-06-30,current_assets,AssetsCurrent,0000080424-26-000103,2026-08-04
PG,2022-06-30,current_liabilities,LiabilitiesCurrent,0000080424-23-000073,2023-08-04
PG,2023-06-30,current_liabilities,LiabilitiesCurrent,0000080424-24-000083,2024-08-05
PG,2024-06-30,current_liabilities,LiabilitiesCurrent,0000080424-25-000076,2025-08-04
PG,2025-06-30,current_liabilities,LiabilitiesCurrent,0000080424-26-000103,2026-08-04
PG,2026-06-30,current_liabilities,LiabilitiesCurrent,0000080424-26-000103,2026-08-04
PG,2022-06-30,retained_earnings,RetainedEarningsAccumulatedDeficit,0000080424-23-000073,2023-08-04
PG,2023-06-30,retained_earnings,RetainedEarningsAccumulatedDeficit,0000080424-24-000083,2024-08-05
PG,2024-06-30,retained_earnings,RetainedEarningsAccumulatedDeficit,0000080424-25-000076,2025-08-04
PG,2025-06-30,retained_earnings,RetainedEarningsAccumulatedDeficit,0000080424-26-000103,2026-08-04
PG,2026-06-30,retained_earnings,RetainedEarningsAccumulatedDeficit,0000080424-26-000103,2026-08-04
PG,2022-06-30,revenue,Revenues,0000080424-24-000083,2024-08-05
PG,2023-06-30,revenue,Revenues,0000080424-25-000076,2025-08-04
PG,2025-06-30,revenue,Revenues,0000080424-26-000103,2026-08-04
PG,2024-06-30,revenue,Revenues,0000080424-26-000103,2026-08-04
PG,2026-06-30,revenue,Revenues,0000080424-26-000103,2026-08-04
PG,2022-06-30,operating_income,OperatingIncomeLoss,0000080424-24-000083,2024-08-05
PG,2023-06-30,operating_income,OperatingIncomeLoss,0000080424-25-000076,2025-08-04
PG,2025-06-30,operating_income,OperatingIncomeLoss,0000080424-26-000103,2026-08-04
PG,2024-06-30,operating_income,OperatingIncomeLoss,0000080424-26-000103,2026-08-04
PG,2026-06-30,operating_income,OperatingIncomeLoss,0000080424-26-000103,2026-08-04
PG,2022-06-30,net_income,NetIncomeLoss,0000080424-24-000083,2024-08-05
PG,2023-06-30,net_income,NetIncomeLoss,0000080424-25-000076,2025-08-04
PG,2025-06-30,net_income,NetIncomeLoss,0000080424-26-000103,2026-08-04
PG,2024-06-30,net_income,NetIncomeLoss,0000080424-26-000103,2026-08-04
PG,2026-06-30,net_income,NetIncomeLoss,0000080424-26-000103,2026-08-04
PG,2022-06-30,pretax_income,IncomeLossFromContinuingOperationsBeforeIncomeTaxesExtraordinaryItemsNoncontrollingInterest,0000080424-24-000083,2024-08-05
PG,2023-06-30,pretax_income,IncomeLossFromContinuingOperationsBeforeIncomeTaxesExtraordinaryItemsNoncontrollingInterest,0000080424-25-000076,2025-08-04
PG,2024-06-30,pretax_income,IncomeLossFromContinuingOperationsBeforeIncomeTaxesExtraordinaryItemsNoncontrollingInterest,0000080424-26-000103,2026-08-04
PG,2025-06-30,pretax_income,IncomeLossFromContinuingOperationsBeforeIncomeTaxesExtraordinaryItemsNoncontrollingInterest,0000080424-26-000103,2026-08-04
PG,2026-06-30,pretax_income,IncomeLossFromContinuingOperationsBeforeIncomeTaxesExtraordinaryItemsNoncontrollingInterest,0000080424-26-000103,2026-08-04
PG,2022-06-30,interest_expense,InterestExpense,0000080424-23-000073,2023-08-04
PG,2023-06-30,interest_expense,InterestExpense,0000080424-23-000073,2023-08-04
PG,2024-06-30,interest_expense,InterestExpenseNonoperating,0000080424-26-000103,2026-08-04
PG,2025-06-30,interest_expense,InterestExpenseNonoperating,0000080424-26-000103,2026-08-04
PG,2026-06-30,interest_expense,InterestExpenseNonoperating,0000080424-26-000103,2026-08-04
PG,2022-06-30,operating_cash_flow,NetCashProvidedByUsedInOperatingActivities,0000080424-24-000083,2024-08-05
PG,2023-06-30,operating_cash_flow,NetCashProvidedByUsedInOperatingActivities,0000080424-25-000076,2025-08-04
PG,2025-06-30,operating_cash_flow,NetCashProvidedByUsedInOperatingActivities,0000080424-26-000103,2026-08-04
PG,2024-06-30,operating_cash_flow,NetCashProvidedByUsedInOperatingActivities,0000080424-26-000103,2026-08-04
PG,2026-06-30,operating_cash_flow,NetCashProvidedByUsedInOperatingActivities,0000080424-26-000103,2026-08-04
KO,2021-12-31,total_assets,Assets,0000021344-23-000011,2023-02-21
KO,2022-12-31,total_assets,Assets,0000021344-24-000009,2024-02-20
KO,2023-12-31,total_assets,Assets,0000021344-25-000011,2025-02-20
KO,2024-12-31,total_assets,Assets,0001628280-26-010047,2026-02-20
KO,2025-12-31,total_assets,Assets,0001628280-26-010047,2026-02-20
KO,2021-12-31,stockholders_equity,StockholdersEquity,0000021344-23-000011,2023-02-21
KO,2022-12-31,stockholders_equity,StockholdersEquity,0000021344-24-000009,2024-02-20
KO,2023-12-31,stockholders_equity,StockholdersEquity,0000021344-25-000011,2025-02-20
KO,2024-12-31,stockholders_equity,StockholdersEquity,0001628280-26-010047,2026-02-20
KO,2025-12-31,stockholders_equity,StockholdersEquity,0001628280-26-010047,2026-02-20
KO,2021-12-31,total_equity_incl_nci,StockholdersEquityIncludingPortionAttributableToNoncontrollingInterest,0000021344-23-000011,2023-02-21
KO,2022-12-31,total_equity_incl_nci,StockholdersEquityIncludingPortionAttributableToNoncontrollingInterest,0000021344-24-000009,2024-02-20
KO,2023-12-31,total_equity_incl_nci,StockholdersEquityIncludingPortionAttributableToNoncontrollingInterest,0000021344-25-000011,2025-02-20
KO,2024-12-31,total_equity_incl_nci,StockholdersEquityIncludingPortionAttributableToNoncontrollingInterest,0001628280-26-010047,2026-02-20
KO,2025-12-31,total_equity_incl_nci,StockholdersEquityIncludingPortionAttributableToNoncontrollingInterest,0001628280-26-010047,2026-02-20
KO,2021-12-31,current_assets,AssetsCurrent,0000021344-23-000011,2023-02-21
KO,2022-12-31,current_assets,AssetsCurrent,0000021344-24-000009,2024-02-20
KO,2023-12-31,current_assets,AssetsCurrent,0000021344-25-000011,2025-02-20
KO,2024-12-31,current_assets,AssetsCurrent,0001628280-26-010047,2026-02-20
KO,2025-12-31,current_assets,AssetsCurrent,0001628280-26-010047,2026-02-20
KO,2021-12-31,current_liabilities,LiabilitiesCurrent,0000021344-23-000011,2023-02-21
KO,2022-12-31,current_liabilities,LiabilitiesCurrent,0000021344-24-000009,2024-02-20
KO,2023-12-31,current_liabilities,LiabilitiesCurrent,0000021344-25-000011,2025-02-20
KO,2024-12-31,current_liabilities,LiabilitiesCurrent,0001628280-26-010047,2026-02-20
KO,2025-12-31,current_liabilities,LiabilitiesCurrent,0001628280-26-010047,2026-02-20
KO,2021-12-31,retained_earnings,RetainedEarningsAccumulatedDeficit,0000021344-23-000011,2023-02-21
KO,2022-12-31,retained_earnings,RetainedEarningsAccumulatedDeficit,0000021344-24-000009,2024-02-20
KO,2023-12-31,retained_earnings,RetainedEarningsAccumulatedDeficit,0000021344-25-000011,2025-02-20
KO,2024-12-31,retained_earnings,RetainedEarningsAccumulatedDeficit,0001628280-26-010047,2026-02-20
KO,2025-12-31,retained_earnings,RetainedEarningsAccumulatedDeficit,0001628280-26-010047,2026-02-20
KO,2021-12-31,revenue,Revenues,0000021344-24-000009,2024-02-20
KO,2022-12-31,revenue,Revenues,0000021344-25-000011,2025-02-20
KO,2024-12-31,revenue,Revenues,0001628280-26-010047,2026-02-20
KO,2023-12-31,revenue,Revenues,0001628280-26-010047,2026-02-20
KO,2025-12-31,revenue,Revenues,0001628280-26-010047,2026-02-20
KO,2021-12-31,operating_income,OperatingIncomeLoss,0000021344-24-000009,2024-02-20
KO,2022-12-31,operating_income,OperatingIncomeLoss,0000021344-25-000011,2025-02-20
KO,2024-12-31,operating_income,OperatingIncomeLoss,0001628280-26-010047,2026-02-20
KO,2023-12-31,operating_income,OperatingIncomeLoss,0001628280-26-010047,2026-02-20
KO,2025-12-31,operating_income,OperatingIncomeLoss,0001628280-26-010047,2026-02-20
KO,2021-12-31,net_income,NetIncomeLoss,0000021344-24-000009,2024-02-20
KO,2022-12-31,net_income,NetIncomeLoss,0000021344-25-000011,2025-02-20
KO,2024-12-31,net_income,NetIncomeLoss,0001628280-26-010047,2026-02-20
KO,2023-12-31,net_income,NetIncomeLoss,0001628280-26-010047,2026-02-20
KO,2025-12-31,net_income,NetIncomeLoss,0001628280-26-010047,2026-02-20
KO,2021-12-31,pretax_income,IncomeLossFromContinuingOperationsBeforeIncomeTaxesExtraordinaryItemsNoncontrollingInterest,0000021344-24-000009,2024-02-20
KO,2022-12-31,pretax_income,IncomeLossFromContinuingOperationsBeforeIncomeTaxesExtraordinaryItemsNoncontrollingInterest,0000021344-25-000011,2025-02-20
KO,2024-12-31,pretax_income,IncomeLossFromContinuingOperationsBeforeIncomeTaxesExtraordinaryItemsNoncontrollingInterest,0001628280-26-010047,2026-02-20
KO,2023-12-31,pretax_income,IncomeLossFromContinuingOperationsBeforeIncomeTaxesExtraordinaryItemsNoncontrollingInterest,0001628280-26-010047,2026-02-20
KO,2025-12-31,pretax_income,IncomeLossFromContinuingOperationsBeforeIncomeTaxesExtraordinaryItemsNoncontrollingInterest,0001628280-26-010047,2026-02-20
KO,2021-12-31,interest_expense,InterestExpense,0000021344-24-000009,2024-02-20
KO,2022-12-31,interest_expense,InterestExpense,0000021344-25-000011,2025-02-20
KO,2024-12-31,interest_expense,InterestExpense,0001628280-26-010047,2026-02-20
KO,2023-12-31,interest_expense,InterestExpense,0001628280-26-010047,2026-02-20
KO,2025-12-31,interest_expense,InterestExpense,0001628280-26-010047,2026-02-20
KO,2021-12-31,operating_cash_flow,NetCashProvidedByUsedInOperatingActivities,0000021344-24-000009,2024-02-20
KO,2022-12-31,operating_cash_flow,NetCashProvidedByUsedInOperatingActivities,0000021344-25-000011,2025-02-20
KO,2024-12-31,operating_cash_flow,NetCashProvidedByUsedInOperatingActivities,0001628280-26-010047,2026-02-20
KO,2023-12-31,operating_cash_flow,NetCashProvidedByUsedInOperatingActivities,0001628280-26-010047,2026-02-20
KO,2025-12-31,operating_cash_flow,NetCashProvidedByUsedInOperatingActivities,0001628280-26-010047,2026-02-20
MCD,2021-12-31,total_assets,Assets,0000063908-24-000072,2024-02-22
MCD,2022-12-31,total_assets,Assets,0000063908-25-000012,2025-02-25
MCD,2024-12-31,total_assets,Assets,0000063908-26-000035,2026-02-24
MCD,2023-12-31,total_assets,Assets,0000063908-26-000035,2026-02-24
MCD,2025-12-31,total_assets,Assets,0000063908-26-000035,2026-02-24
MCD,2021-12-31,stockholders_equity,StockholdersEquity,0000063908-25-000012,2025-02-25
MCD,2022-12-31,stockholders_equity,StockholdersEquity,0000063908-26-000035,2026-02-24
MCD,2024-12-31,stockholders_equity,StockholdersEquity,0000063908-26-000035,2026-02-24
MCD,2023-12-31,stockholders_equity,StockholdersEquity,0000063908-26-000035,2026-02-24
MCD,2025-12-31,stockholders_equity,StockholdersEquity,0000063908-26-000035,2026-02-24
MCD,2021-12-31,total_equity_incl_nci,StockholdersEquity,0000063908-25-000012,2025-02-25
MCD,2022-12-31,total_equity_incl_nci,StockholdersEquity,0000063908-26-000035,2026-02-24
MCD,2024-12-31,total_equity_incl_nci,StockholdersEquity,0000063908-26-000035,2026-02-24
MCD,2023-12-31,total_equity_incl_nci,StockholdersEquity,0000063908-26-000035,2026-02-24
MCD,2025-12-31,total_equity_incl_nci,StockholdersEquity,0000063908-26-000035,2026-02-24
MCD,2021-12-31,current_assets,AssetsCurrent,0000063908-23-000012,2023-02-24
MCD,2022-12-31,current_assets,AssetsCurrent,0000063908-24-000072,2024-02-22
MCD,2023-12-31,current_assets,AssetsCurrent,0000063908-25-000012,2025-02-25
MCD,2024-12-31,current_assets,AssetsCurrent,0000063908-26-000035,2026-02-24
MCD,2025-12-31,current_assets,AssetsCurrent,0000063908-26-000035,2026-02-24
MCD,2021-12-31,current_liabilities,LiabilitiesCurrent,0000063908-23-000012,2023-02-24
MCD,2022-12-31,current_liabilities,LiabilitiesCurrent,0000063908-24-000072,2024-02-22
MCD,2023-12-31,current_liabilities,LiabilitiesCurrent,0000063908-25-000012,2025-02-25
MCD,2024-12-31,current_liabilities,LiabilitiesCurrent,0000063908-26-000035,2026-02-24
MCD,2025-12-31,current_liabilities,LiabilitiesCurrent,0000063908-26-000035,2026-02-24
MCD,2021-12-31,retained_earnings,RetainedEarningsAccumulatedDeficit,0000063908-23-000012,2023-02-24
MCD,2022-12-31,retained_earnings,RetainedEarningsAccumulatedDeficit,0000063908-24-000072,2024-02-22
MCD,2023-12-31,retained_earnings,RetainedEarningsAccumulatedDeficit,0000063908-25-000012,2025-02-25
MCD,2024-12-31,retained_earnings,RetainedEarningsAccumulatedDeficit,0000063908-26-000035,2026-02-24
MCD,2025-12-31,retained_earnings,RetainedEarningsAccumulatedDeficit,0000063908-26-000035,2026-02-24
MCD,2021-12-31,revenue,Revenues,0000063908-24-000072,2024-02-22
MCD,2022-12-31,revenue,Revenues,0000063908-25-000012,2025-02-25
MCD,2024-12-31,revenue,Revenues,0000063908-26-000035,2026-02-24
MCD,2023-12-31,revenue,Revenues,0000063908-26-000035,2026-02-24
MCD,2025-12-31,revenue,Revenues,0000063908-26-000035,2026-02-24
MCD,2021-12-31,operating_income,OperatingIncomeLoss,0000063908-24-000072,2024-02-22
MCD,2022-12-31,operating_income,OperatingIncomeLoss,0000063908-25-000012,2025-02-25
MCD,2024-12-31,operating_income,OperatingIncomeLoss,0000063908-26-000035,2026-02-24
MCD,2023-12-31,operating_income,OperatingIncomeLoss,0000063908-26-000035,2026-02-24
MCD,2025-12-31,operating_income,OperatingIncomeLoss,0000063908-26-000035,2026-02-24
MCD,2021-12-31,net_income,NetIncomeLoss,0000063908-24-000072,2024-02-22
MCD,2022-12-31,net_income,NetIncomeLoss,0000063908-25-000012,2025-02-25
MCD,2024-12-31,net_income,NetIncomeLoss,0000063908-26-000035,2026-02-24
MCD,2023-12-31,net_income,NetIncomeLoss,0000063908-26-000035,2026-02-24
MCD,2025-12-31,net_income,NetIncomeLoss,0000063908-26-000035,2026-02-24
MCD,2021-12-31,pretax_income,IncomeLossFromContinuingOperationsBeforeIncomeTaxesDomestic,0000063908-24-000072,2024-02-22
MCD,2022-12-31,pretax_income,IncomeLossFromContinuingOperationsBeforeIncomeTaxesDomestic,0000063908-25-000012,2025-02-25
MCD,2024-12-31,pretax_income,IncomeLossFromContinuingOperationsBeforeIncomeTaxesDomestic,0000063908-26-000035,2026-02-24
MCD,2023-12-31,pretax_income,IncomeLossFromContinuingOperationsBeforeIncomeTaxesDomestic,0000063908-26-000035,2026-02-24
MCD,2025-12-31,pretax_income,IncomeLossFromContinuingOperationsBeforeIncomeTaxesDomestic,0000063908-26-000035,2026-02-24
MCD,2021-12-31,interest_expense,InterestExpense,0000063908-24-000072,2024-02-22
MCD,2022-12-31,interest_expense,InterestExpense,0000063908-25-000012,2025-02-25
MCD,2024-12-31,interest_expense,InterestExpense,0000063908-26-000035,2026-02-24
MCD,2023-12-31,interest_expense,InterestExpense,0000063908-26-000035,2026-02-24
MCD,2025-12-31,interest_expense,InterestExpense,0000063908-26-000035,2026-02-24
MCD,2021-12-31,operating_cash_flow,NetCashProvidedByUsedInOperatingActivities,0000063908-24-000072,2024-02-22
MCD,2022-12-31,operating_cash_flow,NetCashProvidedByUsedInOperatingActivities,0000063908-25-000012,2025-02-25
MCD,2024-12-31,operating_cash_flow,NetCashProvidedByUsedInOperatingActivities,0000063908-26-000035,2026-02-24
MCD,2023-12-31,operating_cash_flow,NetCashProvidedByUsedInOperatingActivities,0000063908-26-000035,2026-02-24
MCD,2025-12-31,operating_cash_flow,NetCashProvidedByUsedInOperatingActivities,0000063908-26-000035,2026-02-24
HD,2022-01-30,total_assets,Assets,0000354950-23-000059,2023-03-15
HD,2023-01-29,total_assets,Assets,0000354950-24-000062,2024-03-13
HD,2024-01-28,total_assets,Assets,0000354950-25-000085,2025-03-21
HD,2025-02-02,total_assets,Assets,0001628280-26-019436,2026-03-18
HD,2026-02-01,total_assets,Assets,0001628280-26-019436,2026-03-18
HD,2022-01-30,total_liabilities,Liabilities,0000354950-23-000059,2023-03-15
HD,2023-01-29,total_liabilities,Liabilities,0000354950-24-000062,2024-03-13
HD,2024-01-28,total_liabilities,Liabilities,0000354950-25-000085,2025-03-21
HD,2025-02-02,total_liabilities,Liabilities,0001628280-26-019436,2026-03-18
HD,2026-02-01,total_liabilities,Liabilities,0001628280-26-019436,2026-03-18
HD,2022-01-30,stockholders_equity,StockholdersEquity,0000354950-24-000062,2024-03-13
HD,2023-01-29,stockholders_equity,StockholdersEquity,0000354950-25-000085,2025-03-21
HD,2025-02-02,stockholders_equity,StockholdersEquity,0001628280-26-019436,2026-03-18
HD,2024-01-28,stockholders_equity,StockholdersEquity,0001628280-26-019436,2026-03-18
HD,2026-02-01,stockholders_equity,StockholdersEquity,0001628280-26-019436,2026-03-18
HD,2022-01-30,total_equity_incl_nci,StockholdersEquity,0000354950-24-000062,2024-03-13
HD,2023-01-29,total_equity_incl_nci,StockholdersEquity,0000354950-25-000085,2025-03-21
HD,2025-02-02,total_equity_incl_nci,StockholdersEquity,0001628280-26-019436,2026-03-18
HD,2024-01-28,total_equity_incl_nci,StockholdersEquity,0001628280-26-019436,2026-03-18
HD,2026-02-01,total_equity_incl_nci,StockholdersEquity,0001628280-26-019436,2026-03-18
HD,2022-01-30,current_assets,AssetsCurrent,0000354950-23-000059,2023-03-15
HD,2023-01-29,current_assets,AssetsCurrent,0000354950-24-000062,2024-03-13
HD,2024-01-28,current_assets,AssetsCurrent,0000354950-25-000085,2025-03-21
HD,2025-02-02,current_assets,AssetsCurrent,0001628280-26-019436,2026-03-18
HD,2026-02-01,current_assets,AssetsCurrent,0001628280-26-019436,2026-03-18
HD,2022-01-30,current_liabilities,LiabilitiesCurrent,0000354950-23-000059,2023-03-15
HD,2023-01-29,current_liabilities,LiabilitiesCurrent,0000354950-24-000062,2024-03-13
HD,2024-01-28,current_liabilities,LiabilitiesCurrent,0000354950-25-000085,2025-03-21
HD,2025-02-02,current_liabilities,LiabilitiesCurrent,0001628280-26-019436,2026-03-18
HD,2026-02-01,current_liabilities,LiabilitiesCurrent,0001628280-26-019436,2026-03-18
HD,2022-01-30,retained_earnings,RetainedEarningsAccumulatedDeficit,0000354950-23-000059,2023-03-15
HD,2023-01-29,retained_earnings,RetainedEarningsAccumulatedDeficit,0000354950-24-000062,2024-03-13
HD,2024-01-28,retained_earnings,RetainedEarningsAccumulatedDeficit,0000354950-25-000085,2025-03-21
HD,2025-02-02,retained_earnings,RetainedEarningsAccumulatedDeficit,0001628280-26-019436,2026-03-18
HD,2026-02-01,retained_earnings,RetainedEarningsAccumulatedDeficit,0001628280-26-019436,2026-03-18
HD,2022-01-30,revenue,RevenueFromContractWithCustomerExcludingAssessedTax,0000354950-24-000062,2024-03-13
HD,2023-01-29,revenue,RevenueFromContractWithCustomerExcludingAssessedTax,0000354950-25-000085,2025-03-21
HD,2025-02-02,revenue,RevenueFromContractWithCustomerExcludingAssessedTax,0001628280-26-019436,2026-03-18
HD,2024-01-28,revenue,RevenueFromContractWithCustomerExcludingAssessedTax,0001628280-26-019436,2026-03-18
HD,2026-02-01,revenue,RevenueFromContractWithCustomerExcludingAssessedTax,0001628280-26-019436,2026-03-18
HD,2022-01-30,operating_income,OperatingIncomeLoss,0000354950-24-000062,2024-03-13
HD,2023-01-29,operating_income,OperatingIncomeLoss,0000354950-25-000085,2025-03-21
HD,2025-02-02,operating_income,OperatingIncomeLoss,0001628280-26-019436,2026-03-18
HD,2024-01-28,operating_income,OperatingIncomeLoss,0001628280-26-019436,2026-03-18
HD,2026-02-01,operating_income,OperatingIncomeLoss,0001628280-26-019436,2026-03-18
HD,2022-01-30,net_income,NetIncomeLoss,0000354950-24-000062,2024-03-13
HD,2023-01-29,net_income,NetIncomeLoss,0000354950-25-000085,2025-03-21
HD,2025-02-02,net_income,NetIncomeLoss,0001628280-26-019436,2026-03-18
HD,2024-01-28,net_income,NetIncomeLoss,0001628280-26-019436,2026-03-18
HD,2026-02-01,net_income,NetIncomeLoss,0001628280-26-019436,2026-03-18
HD,2022-01-30,pretax_income,IncomeLossFromContinuingOperationsBeforeIncomeTaxesExtraordinaryItemsNoncontrollingInterest,0000354950-24-000062,2024-03-13
HD,2023-01-29,pretax_income,IncomeLossFromContinuingOperationsBeforeIncomeTaxesExtraordinaryItemsNoncontrollingInterest,0000354950-25-000085,2025-03-21
HD,2024-01-28,pretax_income,IncomeLossFromContinuingOperationsBeforeIncomeTaxesExtraordinaryItemsNoncontrollingInterest,0001628280-26-019436,2026-03-18
HD,2025-02-02,pretax_income,IncomeLossFromContinuingOperationsBeforeIncomeTaxesExtraordinaryItemsNoncontrollingInterest,0001628280-26-019436,2026-03-18
HD,2026-02-01,pretax_income,IncomeLossFromContinuingOperationsBeforeIncomeTaxesExtraordinaryItemsNoncontrollingInterest,0001628280-26-019436,2026-03-18
HD,2023-01-29,interest_expense,InterestExpense,0000354950-24-000062,2024-03-13
HD,2022-01-30,interest_expense,InterestExpense,0000354950-24-000062,2024-03-13
HD,2024-01-28,interest_expense,InterestExpense,0000354950-24-000062,2024-03-13
HD,2025-02-02,interest_expense,InterestExpenseNonoperating,0001628280-26-019436,2026-03-18
HD,2026-02-01,interest_expense,InterestExpenseNonoperating,0001628280-26-019436,2026-03-18
HD,2022-01-30,operating_cash_flow,NetCashProvidedByUsedInOperatingActivities,0000354950-24-000062,2024-03-13
HD,2023-01-29,operating_cash_flow,NetCashProvidedByUsedInOperatingActivities,0000354950-25-000085,2025-03-21
HD,2025-02-02,operating_cash_flow,NetCashProvidedByUsedInOperatingActivities,0001628280-26-019436,2026-03-18
HD,2024-01-28,operating_cash_flow,NetCashProvidedByUsedInOperatingActivities,0001628280-26-019436,2026-03-18
HD,2026-02-01,operating_cash_flow,NetCashProvidedByUsedInOperatingActivities,0001628280-26-019436,2026-03-18
CAT,2021-12-31,total_assets,Assets,0000018230-23-000011,2023-02-15
CAT,2022-12-31,total_assets,Assets,0000018230-24-000009,2024-02-16
CAT,2023-12-31,total_assets,Assets,0000018230-25-000008,2025-02-14
CAT,2024-12-31,total_assets,Assets,0000018230-26-000008,2026-02-13
CAT,2025-12-31,total_assets,Assets,0000018230-26-000008,2026-02-13
CAT,2021-12-31,total_liabilities,Liabilities,0000018230-23-000011,2023-02-15
CAT,2022-12-31,total_liabilities,Liabilities,0000018230-24-000009,2024-02-16
CAT,2023-12-31,total_liabilities,Liabilities,0000018230-25-000008,2025-02-14
CAT,2024-12-31,total_liabilities,Liabilities,0000018230-26-000008,2026-02-13
CAT,2025-12-31,total_liabilities,Liabilities,0000018230-26-000008,2026-02-13
CAT,2021-12-31,stockholders_equity,StockholdersEquityIncludingPortionAttributableToNoncontrollingInterest,0000018230-25-000008,2025-02-14
CAT,2022-12-31,stockholders_equity,StockholdersEquityIncludingPortionAttributableToNoncontrollingInterest,0000018230-26-000008,2026-02-13
CAT,2023-12-31,stockholders_equity,StockholdersEquityIncludingPortionAttributableToNoncontrollingInterest,0000018230-26-000008,2026-02-13
CAT,2024-12-31,stockholders_equity,StockholdersEquityIncludingPortionAttributableToNoncontrollingInterest,0000018230-26-000008,2026-02-13
CAT,2025-12-31,stockholders_equity,StockholdersEquityIncludingPortionAttributableToNoncontrollingInterest,0000018230-26-000008,2026-02-13
CAT,2021-12-31,total_equity_incl_nci,StockholdersEquityIncludingPortionAttributableToNoncontrollingInterest,0000018230-25-000008,2025-02-14
CAT,2022-12-31,total_equity_incl_nci,StockholdersEquityIncludingPortionAttributableToNoncontrollingInterest,0000018230-26-000008,2026-02-13
CAT,2023-12-31,total_equity_incl_nci,StockholdersEquityIncludingPortionAttributableToNoncontrollingInterest,0000018230-26-000008,2026-02-13
CAT,2024-12-31,total_equity_incl_nci,StockholdersEquityIncludingPortionAttributableToNoncontrollingInterest,0000018230-26-000008,2026-02-13
CAT,2025-12-31,total_equity_incl_nci,StockholdersEquityIncludingPortionAttributableToNoncontrollingInterest,0000018230-26-000008,2026-02-13
CAT,2021-12-31,current_assets,AssetsCurrent,0000018230-23-000011,2023-02-15
CAT,2022-12-31,current_assets,AssetsCurrent,0000018230-24-000009,2024-02-16
CAT,2023-12-31,current_assets,AssetsCurrent,0000018230-25-000008,2025-02-14
CAT,2024-12-31,current_assets,AssetsCurrent,0000018230-26-000008,2026-02-13
CAT,2025-12-31,current_assets,AssetsCurrent,0000018230-26-000008,2026-02-13
CAT,2021-12-31,current_liabilities,LiabilitiesCurrent,0000018230-23-000011,2023-02-15
CAT,2022-12-31,current_liabilities,LiabilitiesCurrent,0000018230-24-000009,2024-02-16
CAT,2023-12-31,current_liabilities,LiabilitiesCurrent,0000018230-25-000008,2025-02-14
CAT,2024-12-31,current_liabilities,LiabilitiesCurrent,0000018230-26-000008,2026-02-13
CAT,2025-12-31,current_liabilities,LiabilitiesCurrent,0000018230-26-000008,2026-02-13
CAT,2021-12-31,retained_earnings,RetainedEarningsAccumulatedDeficit,0000018230-23-000011,2023-02-15
CAT,2022-12-31,retained_earnings,RetainedEarningsAccumulatedDeficit,0000018230-24-000009,2024-02-16
CAT,2023-12-31,retained_earnings,RetainedEarningsAccumulatedDeficit,0000018230-25-000008,2025-02-14
CAT,2024-12-31,retained_earnings,RetainedEarningsAccumulatedDeficit,0000018230-26-000008,2026-02-13
CAT,2025-12-31,retained_earnings,RetainedEarningsAccumulatedDeficit,0000018230-26-000008,2026-02-13
CAT,2021-12-31,revenue,Revenues,0000018230-24-000009,2024-02-16
CAT,2022-12-31,revenue,Revenues,0000018230-25-000008,2025-02-14
CAT,2024-12-31,revenue,Revenues,0000018230-26-000008,2026-02-13
CAT,2023-12-31,revenue,Revenues,0000018230-26-000008,2026-02-13
CAT,2025-12-31,revenue,Revenues,0000018230-26-000008,2026-02-13
CAT,2021-12-31,operating_income,OperatingIncomeLoss,0000018230-24-000009,2024-02-16
CAT,2022-12-31,operating_income,OperatingIncomeLoss,0000018230-25-000008,2025-02-14
CAT,2024-12-31,operating_income,OperatingIncomeLoss,0000018230-26-000008,2026-02-13
CAT,2023-12-31,operating_income,OperatingIncomeLoss,0000018230-26-000008,2026-02-13
CAT,2025-12-31,operating_income,OperatingIncomeLoss,0000018230-26-000008,2026-02-13
CAT,2021-12-31,net_income,ProfitLoss,0000018230-24-000009,2024-02-16
CAT,2022-12-31,net_income,ProfitLoss,0000018230-25-000008,2025-02-14
CAT,2024-12-31,net_income,ProfitLoss,0000018230-26-000008,2026-02-13
CAT,2023-12-31,net_income,ProfitLoss,0000018230-26-000008,2026-02-13
CAT,2025-12-31,net_income,ProfitLoss,0000018230-26-000008,2026-02-13
CAT,2021-12-31,pretax_income,IncomeLossFromContinuingOperationsBeforeIncomeTaxesMinorityInterestAndIncomeLossFromEquityMethodInvestments,0000018230-24-000009,2024-02-16
CAT,2022-12-31,pretax_income,IncomeLossFromContinuingOperationsBeforeIncomeTaxesMinorityInterestAndIncomeLossFromEquityMethodInvestments,0000018230-25-000008,2025-02-14
CAT,2024-12-31,pretax_income,IncomeLossFromContinuingOperationsBeforeIncomeTaxesMinorityInterestAndIncomeLossFromEquityMethodInvestments,0000018230-26-000008,2026-02-13
CAT,2023-12-31,pretax_income,IncomeLossFromContinuingOperationsBeforeIncomeTaxesMinorityInterestAndIncomeLossFromEquityMethodInvestments,0000018230-26-000008,2026-02-13
CAT,2025-12-31,pretax_income,IncomeLossFromContinuingOperationsBeforeIncomeTaxesMinorityInterestAndIncomeLossFromEquityMethodInvestments,0000018230-26-000008,2026-02-13
CAT,2021-12-31,interest_expense,InterestPaidNet,0000018230-24-000009,2024-02-16
CAT,2022-12-31,interest_expense,InterestPaidNet,0000018230-25-000008,2025-02-14
CAT,2024-12-31,interest_expense,InterestPaidNet,0000018230-26-000008,2026-02-13
CAT,2023-12-31,interest_expense,InterestPaidNet,0000018230-26-000008,2026-02-13
CAT,2025-12-31,interest_expense,InterestPaidNet,0000018230-26-000008,2026-02-13
CAT,2021-12-31,operating_cash_flow,NetCashProvidedByUsedInOperatingActivities,0000018230-24-000009,2024-02-16
CAT,2022-12-31,operating_cash_flow,NetCashProvidedByUsedInOperatingActivities,0000018230-25-000008,2025-02-14
CAT,2023-12-31,operating_cash_flow,NetCashProvidedByUsedInOperatingActivities,0000018230-26-000008,2026-02-13
CAT,2024-12-31,operating_cash_flow,NetCashProvidedByUsedInOperatingActivities,0000018230-26-000008,2026-02-13
CAT,2025-12-31,operating_cash_flow,NetCashProvidedByUsedInOperatingActivities,0000018230-26-000008,2026-02-13
BA,2021-12-31,total_assets,Assets,0000012927-23-000007,2023-01-27
BA,2022-12-31,total_assets,Assets,0000012927-24-000010,2024-01-31
BA,2023-12-31,total_assets,Assets,0000012927-25-000015,2025-02-03
BA,2024-12-31,total_assets,Assets,0001628280-26-004357,2026-01-30
BA,2025-12-31,total_assets,Assets,0001628280-26-004357,2026-01-30
BA,2021-12-31,total_liabilities,Liabilities,0000012927-23-000007,2023-01-27
BA,2022-12-31,total_liabilities,Liabilities,0000012927-24-000010,2024-01-31
BA,2023-12-31,total_liabilities,Liabilities,0000012927-25-000015,2025-02-03
BA,2024-12-31,total_liabilities,Liabilities,0001628280-26-004357,2026-01-30
BA,2025-12-31,total_liabilities,Liabilities,0001628280-26-004357,2026-01-30
BA,2021-12-31,stockholders_equity,StockholdersEquity,0000012927-23-000007,2023-01-27
BA,2022-12-31,stockholders_equity,StockholdersEquity,0000012927-24-000010,2024-01-31
BA,2023-12-31,stockholders_equity,StockholdersEquity,0000012927-25-000015,2025-02-03
BA,2024-12-31,stockholders_equity,StockholdersEquity,0001628280-26-004357,2026-01-30
BA,2025-12-31,stockholders_equity,StockholdersEquity,0001628280-26-004357,2026-01-30
BA,2021-12-31,total_equity_incl_nci,StockholdersEquityIncludingPortionAttributableToNoncontrollingInterest,0000012927-25-000015,2025-02-03
BA,2024-12-31,total_equity_incl_nci,StockholdersEquityIncludingPortionAttributableToNoncontrollingInterest,0001628280-26-004357,2026-01-30
BA,2022-12-31,total_equity_incl_nci,StockholdersEquityIncludingPortionAttributableToNoncontrollingInterest,0001628280-26-004357,2026-01-30
BA,2023-12-31,total_equity_incl_nci,StockholdersEquityIncludingPortionAttributableToNoncontrollingInterest,0001628280-26-004357,2026-01-30
BA,2025-12-31,total_equity_incl_nci,StockholdersEquityIncludingPortionAttributableToNoncontrollingInterest,0001628280-26-004357,2026-01-30
BA,2021-12-31,current_assets,AssetsCurrent,0000012927-23-000007,2023-01-27
BA,2022-12-31,current_assets,AssetsCurrent,0000012927-24-000010,2024-01-31
BA,2023-12-31,current_assets,AssetsCurrent,0000012927-25-000015,2025-02-03
BA,2024-12-31,current_assets,AssetsCurrent,0001628280-26-004357,2026-01-30
BA,2025-12-31,current_assets,AssetsCurrent,0001628280-26-004357,2026-01-30
BA,2021-12-31,current_liabilities,LiabilitiesCurrent,0000012927-23-000007,2023-01-27
BA,2022-12-31,current_liabilities,LiabilitiesCurrent,0000012927-24-000010,2024-01-31
BA,2023-12-31,current_liabilities,LiabilitiesCurrent,0000012927-25-000015,2025-02-03
BA,2024-12-31,current_liabilities,LiabilitiesCurrent,0001628280-26-004357,2026-01-30
BA,2025-12-31,current_liabilities,LiabilitiesCurrent,0001628280-26-004357,2026-01-30
BA,2021-12-31,retained_earnings,RetainedEarningsAccumulatedDeficit,0000012927-23-000007,2023-01-27
BA,2022-12-31,retained_earnings,RetainedEarningsAccumulatedDeficit,0000012927-24-000010,2024-01-31
BA,2023-12-31,retained_earnings,RetainedEarningsAccumulatedDeficit,0000012927-25-000015,2025-02-03
BA,2024-12-31,retained_earnings,RetainedEarningsAccumulatedDeficit,0001628280-26-004357,2026-01-30
BA,2025-12-31,retained_earnings,RetainedEarningsAccumulatedDeficit,0001628280-26-004357,2026-01-30
BA,2021-12-31,revenue,Revenues,0000012927-24-000010,2024-01-31
BA,2022-12-31,revenue,Revenues,0000012927-25-000015,2025-02-03
BA,2024-12-31,revenue,Revenues,0001628280-26-004357,2026-01-30
BA,2023-12-31,revenue,Revenues,0001628280-26-004357,2026-01-30
BA,2025-12-31,revenue,Revenues,0001628280-26-004357,2026-01-30
BA,2021-12-31,operating_income,OperatingIncomeLoss,0000012927-24-000010,2024-01-31
BA,2022-12-31,operating_income,OperatingIncomeLoss,0000012927-25-000015,2025-02-03
BA,2024-12-31,operating_income,OperatingIncomeLoss,0001628280-26-004357,2026-01-30
BA,2023-12-31,operating_income,OperatingIncomeLoss,0001628280-26-004357,2026-01-30
BA,2025-12-31,operating_income,OperatingIncomeLoss,0001628280-26-004357,2026-01-30
BA,2021-12-31,net_income,NetIncomeLoss,0000012927-24-000010,2024-01-31
BA,2022-12-31,net_income,NetIncomeLoss,0000012927-25-000015,2025-02-03
BA,2024-12-31,net_income,NetIncomeLoss,0001628280-26-004357,2026-01-30
BA,2023-12-31,net_income,NetIncomeLoss,0001628280-26-004357,2026-01-30
BA,2025-12-31,net_income,NetIncomeLoss,0001628280-26-004357,2026-01-30
BA,2021-12-31,pretax_income,IncomeLossFromContinuingOperationsBeforeIncomeTaxesExtraordinaryItemsNoncontrollingInterest,0000012927-24-000010,2024-01-31
BA,2022-12-31,pretax_income,IncomeLossFromContinuingOperationsBeforeIncomeTaxesExtraordinaryItemsNoncontrollingInterest,0000012927-25-000015,2025-02-03
BA,2024-12-31,pretax_income,IncomeLossFromContinuingOperationsBeforeIncomeTaxesExtraordinaryItemsNoncontrollingInterest,0001628280-26-004357,2026-01-30
BA,2023-12-31,pretax_income,IncomeLossFromContinuingOperationsBeforeIncomeTaxesExtraordinaryItemsNoncontrollingInterest,0001628280-26-004357,2026-01-30
BA,2025-12-31,pretax_income,IncomeLossFromContinuingOperationsBeforeIncomeTaxesExtraordinaryItemsNoncontrollingInterest,0001628280-26-004357,2026-01-30
BA,2021-12-31,interest_expense,InterestAndDebtExpense,0000012927-24-000010,2024-01-31
BA,2022-12-31,interest_expense,InterestAndDebtExpense,0000012927-25-000015,2025-02-03
BA,2024-12-31,interest_expense,InterestAndDebtExpense,0001628280-26-004357,2026-01-30
BA,2023-12-31,interest_expense,InterestAndDebtExpense,0001628280-26-004357,2026-01-30
BA,2025-12-31,interest_expense,InterestAndDebtExpense,0001628280-26-004357,2026-01-30
BA,2021-12-31,operating_cash_flow,NetCashProvidedByUsedInOperatingActivities,0000012927-24-000010,2024-01-31
BA,2022-12-31,operating_cash_flow,NetCashProvidedByUsedInOperatingActivities,0000012927-25-000015,2025-02-03
BA,2024-12-31,operating_cash_flow,NetCashProvidedByUsedInOperatingActivities,0001628280-26-004357,2026-01-30
BA,2023-12-31,operating_cash_flow,NetCashProvidedByUsedInOperatingActivities,0001628280-26-004357,2026-01-30
BA,2025-12-31,operating_cash_flow,NetCashProvidedByUsedInOperatingActivities,0001628280-26-004357,2026-01-30
HON,2021-12-31,total_assets,Assets,0000773840-23-000013,2023-02-10
HON,2022-12-31,total_assets,Assets,0000773840-24-000014,2024-02-16
HON,2023-12-31,total_assets,Assets,0000773840-25-000010,2025-02-14
HON,2024-12-31,total_assets,Assets,0000773840-26-000013,2026-02-17
HON,2025-12-31,total_assets,Assets,0000773840-26-000013,2026-02-17
HON,2021-12-31,stockholders_equity,StockholdersEquity,0000773840-23-000013,2023-02-10
HON,2022-12-31,stockholders_equity,StockholdersEquity,0000773840-24-000014,2024-02-16
HON,2023-12-31,stockholders_equity,StockholdersEquity,0000773840-25-000010,2025-02-14
HON,2024-12-31,stockholders_equity,StockholdersEquity,0000773840-26-000013,2026-02-17
HON,2025-12-31,stockholders_equity,StockholdersEquity,0000773840-26-000013,2026-02-17
HON,2021-12-31,total_equity_incl_nci,StockholdersEquityIncludingPortionAttributableToNoncontrollingInterest,0000773840-24-000014,2024-02-16
HON,2022-12-31,total_equity_incl_nci,StockholdersEquityIncludingPortionAttributableToNoncontrollingInterest,0000773840-25-000010,2025-02-14
HON,2024-12-31,total_equity_incl_nci,StockholdersEquityIncludingPortionAttributableToNoncontrollingInterest,0000773840-26-000013,2026-02-17
HON,2023-12-31,total_equity_incl_nci,StockholdersEquityIncludingPortionAttributableToNoncontrollingInterest,0000773840-26-000013,2026-02-17
HON,2025-12-31,total_equity_incl_nci,StockholdersEquityIncludingPortionAttributableToNoncontrollingInterest,0000773840-26-000013,2026-02-17
HON,2021-12-31,current_assets,AssetsCurrent,0000773840-23-000013,2023-02-10
HON,2022-12-31,current_assets,AssetsCurrent,0000773840-24-000014,2024-02-16
HON,2023-12-31,current_assets,AssetsCurrent,0000773840-25-000010,2025-02-14
HON,2024-12-31,current_assets,AssetsCurrent,0000773840-26-000013,2026-02-17
HON,2025-12-31,current_assets,AssetsCurrent,0000773840-26-000013,2026-02-17
HON,2021-12-31,current_liabilities,LiabilitiesCurrent,0000773840-23-000013,2023-02-10
HON,2022-12-31,current_liabilities,LiabilitiesCurrent,0000773840-24-000014,2024-02-16
HON,2023-12-31,current_liabilities,LiabilitiesCurrent,0000773840-25-000010,2025-02-14
HON,2024-12-31,current_liabilities,LiabilitiesCurrent,0000773840-26-000013,2026-02-17
HON,2025-12-31,current_liabilities,LiabilitiesCurrent,0000773840-26-000013,2026-02-17
HON,2021-12-31,retained_earnings,RetainedEarningsAccumulatedDeficit,0000773840-23-000013,2023-02-10
HON,2022-12-31,retained_earnings,RetainedEarningsAccumulatedDeficit,0000773840-24-000014,2024-02-16
HON,2023-12-31,retained_earnings,RetainedEarningsAccumulatedDeficit,0000773840-25-000010,2025-02-14
HON,2024-12-31,retained_earnings,RetainedEarningsAccumulatedDeficit,0000773840-26-000013,2026-02-17
HON,2025-12-31,retained_earnings,RetainedEarningsAccumulatedDeficit,0000773840-26-000013,2026-02-17
HON,2021-12-31,revenue,RevenueFromContractWithCustomerExcludingAssessedTax,0000773840-24-000014,2024-02-16
HON,2022-12-31,revenue,RevenueFromContractWithCustomerExcludingAssessedTax,0000773840-25-000010,2025-02-14
HON,2024-12-31,revenue,RevenueFromContractWithCustomerExcludingAssessedTax,0000773840-26-000013,2026-02-17
HON,2023-12-31,revenue,RevenueFromContractWithCustomerExcludingAssessedTax,0000773840-26-000013,2026-02-17
HON,2025-12-31,revenue,RevenueFromContractWithCustomerExcludingAssessedTax,0000773840-26-000013,2026-02-17
HON,2022-12-31,operating_income,OperatingIncomeLoss,0000773840-25-000010,2025-02-14
HON,2023-12-31,operating_income,OperatingIncomeLoss,0000773840-26-000013,2026-02-17
HON,2024-12-31,operating_income,OperatingIncomeLoss,0000773840-26-000013,2026-02-17
HON,2025-12-31,operating_income,OperatingIncomeLoss,0000773840-26-000013,2026-02-17
HON,2021-12-31,net_income,NetIncomeLoss,0000773840-24-000014,2024-02-16
HON,2022-12-31,net_income,NetIncomeLoss,0000773840-25-000010,2025-02-14
HON,2024-12-31,net_income,NetIncomeLoss,0000773840-26-000013,2026-02-17
HON,2023-12-31,net_income,NetIncomeLoss,0000773840-26-000013,2026-02-17
HON,2025-12-31,net_income,NetIncomeLoss,0000773840-26-000013,2026-02-17
HON,2021-12-31,pretax_income,IncomeLossFromContinuingOperationsBeforeIncomeTaxesExtraordinaryItemsNoncontrollingInterest,0000773840-24-000014,2024-02-16
HON,2022-12-31,pretax_income,IncomeLossFromContinuingOperationsBeforeIncomeTaxesExtraordinaryItemsNoncontrollingInterest,0000773840-25-000010,2025-02-14
HON,2024-12-31,pretax_income,IncomeLossFromContinuingOperationsBeforeIncomeTaxesExtraordinaryItemsNoncontrollingInterest,0000773840-26-000013,2026-02-17
HON,2023-12-31,pretax_income,IncomeLossFromContinuingOperationsBeforeIncomeTaxesExtraordinaryItemsNoncontrollingInterest,0000773840-26-000013,2026-02-17
HON,2025-12-31,pretax_income,IncomeLossFromContinuingOperationsBeforeIncomeTaxesExtraordinaryItemsNoncontrollingInterest,0000773840-26-000013,2026-02-17
HON,2021-12-31,interest_expense,InterestAndDebtExpense,0000773840-24-000014,2024-02-16
HON,2022-12-31,interest_expense,InterestAndDebtExpense,0000773840-25-000010,2025-02-14
HON,2024-12-31,interest_expense,InterestAndDebtExpense,0000773840-26-000013,2026-02-17
HON,2023-12-31,interest_expense,InterestAndDebtExpense,0000773840-26-000013,2026-02-17
HON,2025-12-31,interest_expense,InterestAndDebtExpense,0000773840-26-000013,2026-02-17
HON,2021-12-31,operating_cash_flow,NetCashProvidedByUsedInOperatingActivities,0000773840-24-000014,2024-02-16
HON,2022-12-31,operating_cash_flow,NetCashProvidedByUsedInOperatingActivities,0000773840-25-000010,2025-02-14
HON,2024-12-31,operating_cash_flow,NetCashProvidedByUsedInOperatingActivities,0000773840-26-000013,2026-02-17
HON,2023-12-31,operating_cash_flow,NetCashProvidedByUsedInOperatingActivities,0000773840-26-000013,2026-02-17
HON,2025-12-31,operating_cash_flow,NetCashProvidedByUsedInOperatingActivities,0000773840-26-000013,2026-02-17
UPS,2021-12-31,total_assets,Assets,0001090727-24-000008,2024-02-20
UPS,2022-12-31,total_assets,Assets,0001090727-25-000019,2025-02-18
UPS,2023-12-31,total_assets,Assets,0001090727-25-000019,2025-02-18
UPS,2024-12-31,total_assets,Assets,0001628280-26-008432,2026-02-17
UPS,2025-12-31,total_assets,Assets,0001628280-26-008432,2026-02-17
UPS,2021-12-31,stockholders_equity,StockholdersEquity,0001090727-23-000006,2023-02-21
UPS,2022-12-31,stockholders_equity,StockholdersEquity,0001090727-24-000008,2024-02-20
UPS,2023-12-31,stockholders_equity,StockholdersEquity,0001090727-25-000019,2025-02-18
UPS,2024-12-31,stockholders_equity,StockholdersEquity,0001628280-26-008432,2026-02-17
UPS,2025-12-31,stockholders_equity,StockholdersEquity,0001628280-26-008432,2026-02-17
UPS,2021-12-31,total_equity_incl_nci,StockholdersEquityIncludingPortionAttributableToNoncontrollingInterest,0001090727-23-000006,2023-02-21
UPS,2022-12-31,total_equity_incl_nci,StockholdersEquityIncludingPortionAttributableToNoncontrollingInterest,0001090727-24-000008,2024-02-20
UPS,2023-12-31,total_equity_incl_nci,StockholdersEquityIncludingPortionAttributableToNoncontrollingInterest,0001090727-25-000019,2025-02-18
UPS,2024-12-31,total_equity_incl_nci,StockholdersEquityIncludingPortionAttributableToNoncontrollingInterest,0001628280-26-008432,2026-02-17
UPS,2025-12-31,total_equity_incl_nci,StockholdersEquityIncludingPortionAttributableToNoncontrollingInterest,0001628280-26-008432,2026-02-17
UPS,2021-12-31,current_assets,AssetsCurrent,0001090727-23-000006,2023-02-21
UPS,2022-12-31,current_assets,AssetsCurrent,0001090727-24-000008,2024-02-20
UPS,2023-12-31,current_assets,AssetsCurrent,0001090727-25-000019,2025-02-18
UPS,2024-12-31,current_assets,AssetsCurrent,0001628280-26-008432,2026-02-17
UPS,2025-12-31,current_assets,AssetsCurrent,0001628280-26-008432,2026-02-17
UPS,2021-12-31,current_liabilities,LiabilitiesCurrent,0001090727-23-000006,2023-02-21
UPS,2022-12-31,current_liabilities,LiabilitiesCurrent,0001090727-24-000008,2024-02-20
UPS,2023-12-31,current_liabilities,LiabilitiesCurrent,0001090727-25-000019,2025-02-18
UPS,2024-12-31,current_liabilities,LiabilitiesCurrent,0001628280-26-008432,2026-02-17
UPS,2025-12-31,current_liabilities,LiabilitiesCurrent,0001628280-26-008432,2026-02-17
UPS,2021-12-31,retained_earnings,RetainedEarningsAccumulatedDeficit,0001090727-23-000006,2023-02-21
UPS,2022-12-31,retained_earnings,RetainedEarningsAccumulatedDeficit,0001090727-24-000008,2024-02-20
UPS,2023-12-31,retained_earnings,RetainedEarningsAccumulatedDeficit,0001090727-25-000019,2025-02-18
UPS,2024-12-31,retained_earnings,RetainedEarningsAccumulatedDeficit,0001628280-26-008432,2026-02-17
UPS,2025-12-31,retained_earnings,RetainedEarningsAccumulatedDeficit,0001628280-26-008432,2026-02-17
UPS,2021-12-31,revenue,RevenueFromContractWithCustomerExcludingAssessedTax,0001090727-24-000008,2024-02-20
UPS,2022-12-31,revenue,RevenueFromContractWithCustomerExcludingAssessedTax,0001090727-25-000019,2025-02-18
UPS,2024-12-31,revenue,RevenueFromContractWithCustomerExcludingAssessedTax,0001628280-26-008432,2026-02-17
UPS,2023-12-31,revenue,RevenueFromContractWithCustomerExcludingAssessedTax,0001628280-26-008432,2026-02-17
UPS,2025-12-31,revenue,RevenueFromContractWithCustomerExcludingAssessedTax,0001628280-26-008432,2026-02-17
UPS,2021-12-31,operating_income,OperatingIncomeLoss,0001090727-24-000008,2024-02-20
UPS,2022-12-31,operating_income,OperatingIncomeLoss,0001090727-25-000019,2025-02-18
UPS,2024-12-31,operating_income,OperatingIncomeLoss,0001628280-26-008432,2026-02-17
UPS,2023-12-31,operating_income,OperatingIncomeLoss,0001628280-26-008432,2026-02-17
UPS,2025-12-31,operating_income,OperatingIncomeLoss,0001628280-26-008432,2026-02-17
UPS,2021-12-31,net_income,NetIncomeLoss,0001090727-24-000008,2024-02-20
UPS,2022-12-31,net_income,NetIncomeLoss,0001090727-25-000019,2025-02-18
UPS,2024-12-31,net_income,NetIncomeLoss,0001628280-26-008432,2026-02-17
UPS,2023-12-31,net_income,NetIncomeLoss,0001628280-26-008432,2026-02-17
UPS,2025-12-31,net_income,NetIncomeLoss,0001628280-26-008432,2026-02-17
UPS,2021-12-31,pretax_income,IncomeLossFromContinuingOperationsBeforeIncomeTaxesExtraordinaryItemsNoncontrollingInterest,0001090727-24-000008,2024-02-20
UPS,2022-12-31,pretax_income,IncomeLossFromContinuingOperationsBeforeIncomeTaxesExtraordinaryItemsNoncontrollingInterest,0001090727-25-000019,2025-02-18
UPS,2023-12-31,pretax_income,IncomeLossFromContinuingOperationsBeforeIncomeTaxesExtraordinaryItemsNoncontrollingInterest,0001628280-26-008432,2026-02-17
UPS,2024-12-31,pretax_income,IncomeLossFromContinuingOperationsBeforeIncomeTaxesExtraordinaryItemsNoncontrollingInterest,0001628280-26-008432,2026-02-17
UPS,2025-12-31,pretax_income,IncomeLossFromContinuingOperationsBeforeIncomeTaxesExtraordinaryItemsNoncontrollingInterest,0001628280-26-008432,2026-02-17
UPS,2022-12-31,interest_expense,InterestExpense,0001090727-24-000008,2024-02-20
UPS,2021-12-31,interest_expense,InterestExpense,0001090727-24-000008,2024-02-20
UPS,2023-12-31,interest_expense,InterestExpense,0001090727-24-000008,2024-02-20
UPS,2024-12-31,interest_expense,InterestExpenseNonoperating,0001628280-26-008432,2026-02-17
UPS,2025-12-31,interest_expense,InterestExpenseNonoperating,0001628280-26-008432,2026-02-17
UPS,2021-12-31,operating_cash_flow,NetCashProvidedByUsedInOperatingActivities,0001090727-24-000008,2024-02-20
UPS,2022-12-31,operating_cash_flow,NetCashProvidedByUsedInOperatingActivities,0001090727-25-000019,2025-02-18
UPS,2024-12-31,operating_cash_flow,NetCashProvidedByUsedInOperatingActivities,0001628280-26-008432,2026-02-17
UPS,2023-12-31,operating_cash_flow,NetCashProvidedByUsedInOperatingActivities,0001628280-26-008432,2026-02-17
UPS,2025-12-31,operating_cash_flow,NetCashProvidedByUsedInOperatingActivities,0001628280-26-008432,2026-02-17
DE,2021-10-31,total_assets,Assets,0001558370-23-019812,2023-12-15
DE,2022-10-30,total_assets,Assets,0001558370-24-016169,2024-12-12
DE,2024-10-27,total_assets,Assets,0001104659-25-122321,2025-12-18
DE,2023-10-29,total_assets,Assets,0001104659-25-122321,2025-12-18
DE,2025-11-02,total_assets,Assets,0001104659-25-122321,2025-12-18
DE,2021-10-31,total_liabilities,Liabilities,0001558370-22-018703,2022-12-15
DE,2022-10-30,total_liabilities,Liabilities,0001558370-23-019812,2023-12-15
DE,2023-10-29,total_liabilities,Liabilities,0001558370-24-016169,2024-12-12
DE,2024-10-27,total_liabilities,Liabilities,0001104659-25-122321,2025-12-18
DE,2025-11-02,total_liabilities,Liabilities,0001104659-25-122321,2025-12-18
DE,2021-10-31,stockholders_equity,StockholdersEquity,0001558370-22-018703,2022-12-15
DE,2022-10-30,stockholders_equity,StockholdersEquity,0001558370-23-019812,2023-12-15
DE,2023-10-29,stockholders_equity,StockholdersEquity,0001558370-24-016169,2024-12-12
DE,2024-10-27,stockholders_equity,StockholdersEquity,0001104659-25-122321,2025-12-18
DE,2025-11-02,stockholders_equity,StockholdersEquity,0001104659-25-122321,2025-12-18
DE,2021-10-31,total_equity_incl_nci,StockholdersEquityIncludingPortionAttributableToNoncontrollingInterest,0001558370-24-016169,2024-12-12
DE,2024-10-27,total_equity_incl_nci,StockholdersEquityIncludingPortionAttributableToNoncontrollingInterest,0001104659-25-122321,2025-12-18
DE,2022-10-30,total_equity_incl_nci,StockholdersEquityIncludingPortionAttributableToNoncontrollingInterest,0001104659-25-122321,2025-12-18
DE,2023-10-29,total_equity_incl_nci,StockholdersEquityIncludingPortionAttributableToNoncontrollingInterest,0001104659-25-122321,2025-12-18
DE,2025-11-02,total_equity_incl_nci,StockholdersEquityIncludingPortionAttributableToNoncontrollingInterest,0001104659-25-122321,2025-12-18
DE,2021-10-31,retained_earnings,RetainedEarningsAccumulatedDeficit,0001558370-22-018703,2022-12-15
DE,2022-10-30,retained_earnings,RetainedEarningsAccumulatedDeficit,0001558370-23-019812,2023-12-15
DE,2023-10-29,retained_earnings,RetainedEarningsAccumulatedDeficit,0001558370-24-016169,2024-12-12
DE,2024-10-27,retained_earnings,RetainedEarningsAccumulatedDeficit,0001104659-25-122321,2025-12-18
DE,2025-11-02,retained_earnings,RetainedEarningsAccumulatedDeficit,0001104659-25-122321,2025-12-18
DE,2021-10-31,revenue,Revenues,0001558370-23-019812,2023-12-15
DE,2022-10-30,revenue,Revenues,0001558370-24-016169,2024-12-12
DE,2024-10-27,revenue,Revenues,0001104659-25-122321,2025-12-18
DE,2023-10-29,revenue,Revenues,0001104659-25-122321,2025-12-18
DE,2025-11-02,revenue,Revenues,0001104659-25-122321,2025-12-18
DE,2021-10-31,operating_income,OperatingIncomeLoss,0001558370-23-019812,2023-12-15
DE,2023-10-29,operating_income,OperatingIncomeLoss,0001558370-24-016169,2024-12-12
DE,2022-10-30,operating_income,OperatingIncomeLoss,0001558370-24-016169,2024-12-12
DE,2024-10-27,operating_income,OperatingIncomeLoss,0001558370-24-016169,2024-12-12
DE,2021-10-31,net_income,NetIncomeLoss,0001558370-23-019812,2023-12-15
DE,2022-10-30,net_income,NetIncomeLoss,0001558370-24-016169,2024-12-12
DE,2024-10-27,net_income,NetIncomeLoss,0001104659-25-122321,2025-12-18
DE,2023-10-29,net_income,NetIncomeLoss,0001104659-25-122321,2025-12-18
DE,2025-11-02,net_income,NetIncomeLoss,0001104659-25-122321,2025-12-18
DE,2021-10-31,pretax_income,IncomeLossFromContinuingOperationsBeforeIncomeTaxesMinorityInterestAndIncomeLossFromEquityMethodInvestments,0001558370-23-019812,2023-12-15
DE,2022-10-30,pretax_income,IncomeLossFromContinuingOperationsBeforeIncomeTaxesMinorityInterestAndIncomeLossFromEquityMethodInvestments,0001558370-24-016169,2024-12-12
DE,2024-10-27,pretax_income,IncomeLossFromContinuingOperationsBeforeIncomeTaxesMinorityInterestAndIncomeLossFromEquityMethodInvestments,0001104659-25-122321,2025-12-18
DE,2023-10-29,pretax_income,IncomeLossFromContinuingOperationsBeforeIncomeTaxesMinorityInterestAndIncomeLossFromEquityMethodInvestments,0001104659-25-122321,2025-12-18
DE,2025-11-02,pretax_income,IncomeLossFromContinuingOperationsBeforeIncomeTaxesMinorityInterestAndIncomeLossFromEquityMethodInvestments,0001104659-25-122321,2025-12-18
DE,2021-10-31,interest_expense,InterestExpense,0001558370-23-019812,2023-12-15
DE,2022-10-30,interest_expense,InterestExpense,0001558370-24-016169,2024-12-12
DE,2024-10-27,interest_expense,InterestExpense,0001104659-25-122321,2025-12-18
DE,2023-10-29,interest_expense,InterestExpense,0001104659-25-122321,2025-12-18
DE,2025-11-02,interest_expense,InterestExpense,0001104659-25-122321,2025-12-18
DE,2021-10-31,operating_cash_flow,NetCashProvidedByUsedInOperatingActivities,0001558370-23-019812,2023-12-15
DE,2022-10-30,operating_cash_flow,NetCashProvidedByUsedInOperatingActivities,0001558370-24-016169,2024-12-12
DE,2024-10-27,operating_cash_flow,NetCashProvidedByUsedInOperatingActivities,0001104659-25-122321,2025-12-18
DE,2023-10-29,operating_cash_flow,NetCashProvidedByUsedInOperatingActivities,0001104659-25-122321,2025-12-18
DE,2025-11-02,operating_cash_flow,NetCashProvidedByUsedInOperatingActivities,0001104659-25-122321,2025-12-18
