date,spx,ust10y_yield_pct
1993-01-04,435.3800048828125,6.599999904632568
1993-01-05,434.3399963378906,6.610000133514404
1993-01-06,434.5199890136719,6.630000114440918
1993-01-07,430.7300109863281,6.760000228881836
1993-01-08,429.04998779296875,6.75
1993-01-11,430.95001220703125,6.710000038146973
1993-01-12,431.0400085449219,6.71999979019165
1993-01-13,433.0299987792969,6.710000038146973
1993-01-14,435.94000244140625,6.650000095367432
1993-01-15,437.1499938964844,6.599999904632568
1993-01-18,436.8399963378906,
1993-01-19,435.1300048828125,6.590000152587891
1993-01-20,433.3699951171875,6.610000133514404
1993-01-21,435.489990234375,6.599999904632568
1993-01-22,436.1099853515625,6.570000171661377
1993-01-25,440.010009765625,6.480000019073486
1993-01-26,439.95001220703125,6.5
1993-01-27,438.1099853515625,6.480000019073486
1993-01-28,438.6600036621094,6.440000057220459
1993-01-29,438.7799987792969,6.389999866485596
1993-02-01,442.5199890136719,6.380000114440918
1993-02-02,442.54998779296875,6.460000038146973
1993-02-03,447.20001220703125,6.449999809265137
1993-02-04,449.55999755859375,6.389999866485596
1993-02-05,448.92999267578125,6.320000171661377
1993-02-08,447.8500061035156,6.369999885559082
1993-02-09,445.3299865722656,6.409999847412109
1993-02-10,446.2300109863281,6.400000095367432
1993-02-11,447.6600036621094,6.369999885559082
1993-02-12,444.5799865722656,6.349999904632568
1993-02-16,433.9100036621094,6.340000152587891
1993-02-17,433.29998779296875,6.28000020980835
1993-02-18,431.8999938964844,6.170000076293945
1993-02-19,434.2200012207031,6.150000095367432
1993-02-22,435.239990234375,6.090000152587891
1993-02-23,434.79998779296875,5.920000076293945
1993-02-24,440.8699951171875,6.010000228881836
1993-02-25,442.3399963378906,6.03000020980835
1993-02-26,443.3800048828125,6.03000020980835
1993-03-01,442.010009765625,5.940000057220459
1993-03-02,447.8999938964844,5.949999809265137
1993-03-03,449.260009765625,5.880000114440918
1993-03-04,447.3399963378906,5.829999923706055
1993-03-05,446.1099853515625,5.900000095367432
1993-03-08,454.7099914550781,5.849999904632568
1993-03-09,454.3999938964844,5.909999847412109
1993-03-10,456.3299865722656,5.96999979019165
1993-03-11,453.7200012207031,5.960000038146973
1993-03-12,449.8299865722656,6.110000133514404
1993-03-15,451.42999267578125,6.170000076293945
1993-03-16,451.3699951171875,6.059999942779541
1993-03-17,448.30999755859375,6.019999980926514
1993-03-18,451.8900146484375,5.929999828338623
1993-03-19,450.17999267578125,5.949999809265137
1993-03-22,448.8800048828125,5.960000038146973
1993-03-23,448.760009765625,5.909999847412109
1993-03-24,448.07000732421875,5.949999809265137
1993-03-25,450.8800048828125,5.980000019073486
1993-03-26,447.7799987792969,6.090000152587891
1993-03-29,450.7699890136719,6.059999942779541
1993-03-30,451.9700012207031,6.019999980926514
1993-03-31,451.6700134277344,6.03000020980835
1993-04-01,450.29998779296875,6.059999942779541
1993-04-02,441.3900146484375,6.159999847412109
1993-04-05,442.2900085449219,6.130000114440918
1993-04-06,441.1600036621094,6.079999923706055
1993-04-07,442.7300109863281,6.070000171661377
1993-04-08,441.8399963378906,5.96999979019165
1993-04-12,448.3699951171875,5.920000076293945
1993-04-13,449.2200012207031,5.929999828338623
1993-04-14,448.6600036621094,5.900000095367432
1993-04-15,448.3999938964844,5.880000114440918
1993-04-16,448.94000244140625,5.889999866485596
1993-04-19,447.4599914550781,5.869999885559082
1993-04-20,445.1000061035156,5.869999885559082
1993-04-21,443.6300048828125,5.860000133514404
1993-04-22,439.4599914550781,5.849999904632568
1993-04-23,437.0299987792969,5.889999866485596
1993-04-26,433.5400085449219,5.940000057220459
1993-04-27,438.010009765625,6.019999980926514
1993-04-28,438.0199890136719,6.03000020980835
1993-04-29,438.8900146484375,5.989999771118164
1993-04-30,440.19000244140625,6.050000190734863
1993-05-03,442.4599914550781,5.960000038146973
1993-05-04,444.04998779296875,5.920000076293945
1993-05-05,444.5199890136719,5.929999828338623
1993-05-06,443.260009765625,5.889999866485596
1993-05-07,442.30999755859375,5.920000076293945
1993-05-10,442.79998779296875,5.889999866485596
1993-05-11,444.3599853515625,5.889999866485596
1993-05-12,444.79998779296875,5.960000038146973
1993-05-13,439.2300109863281,6.019999980926514
1993-05-14,439.55999755859375,6.03000020980835
1993-05-17,440.3699951171875,6.070000171661377
1993-05-18,440.32000732421875,6.150000095367432
1993-05-19,447.57000732421875,6.110000133514404
1993-05-20,450.5899963378906,6.090000152587891
1993-05-21,445.8399963378906,6.159999847412109
1993-05-24,448.0,6.159999847412109
1993-05-25,448.8500061035156,6.170000076293945
1993-05-26,453.44000244140625,6.119999885559082
1993-05-27,452.4100036621094,6.110000133514404
1993-05-28,450.19000244140625,6.159999847412109
1993-06-01,453.8299865722656,6.070000171661377
1993-06-02,453.8500061035156,6.059999942779541
1993-06-03,452.489990234375,6.019999980926514
1993-06-04,450.05999755859375,6.110000133514404
1993-06-07,447.69000244140625,6.079999923706055
1993-06-08,444.7099914550781,6.090000152587891
1993-06-09,445.7799987792969,6.070000171661377
1993-06-10,445.3800048828125,6.070000171661377
1993-06-11,447.260009765625,5.96999979019165
1993-06-14,447.7099914550781,5.96999979019165
1993-06-15,446.2699890136719,5.960000038146973
1993-06-16,447.42999267578125,5.960000038146973
1993-06-17,448.5400085449219,5.929999828338623
1993-06-18,443.67999267578125,5.96999979019165
1993-06-21,446.2200012207031,5.920000076293945
1993-06-22,445.92999267578125,5.909999847412109
1993-06-23,443.19000244140625,5.909999847412109
1993-06-24,446.6199951171875,5.880000114440918
1993-06-25,447.6000061035156,5.840000152587891
1993-06-28,451.8500061035156,5.800000190734863
1993-06-29,450.69000244140625,5.789999961853027
1993-06-30,450.5299987792969,5.800000190734863
1993-07-01,449.0199890136719,5.800000190734863
1993-07-02,445.8399963378906,5.760000228881836
1993-07-06,441.42999267578125,5.800000190734863
1993-07-07,442.8299865722656,5.800000190734863
1993-07-08,448.6400146484375,5.78000020980835
1993-07-09,448.1099853515625,5.760000228881836
1993-07-12,448.9800109863281,5.75
1993-07-13,448.0899963378906,5.78000020980835
1993-07-14,450.0799865722656,5.71999979019165
1993-07-15,449.2200012207031,5.71999979019165
1993-07-16,445.75,5.710000038146973
1993-07-19,446.0299987792969,5.710000038146973
1993-07-20,447.30999755859375,5.75
1993-07-21,447.17999267578125,5.829999923706055
1993-07-22,444.510009765625,5.900000095367432
1993-07-23,447.1000061035156,5.949999809265137
1993-07-26,449.0899963378906,5.929999828338623
1993-07-27,448.239990234375,5.920000076293945
1993-07-28,447.19000244140625,5.900000095367432
1993-07-29,450.239990234375,5.809999942779541
1993-07-30,448.1300048828125,5.829999923706055
1993-08-02,450.1499938964844,5.849999904632568
1993-08-03,449.2699890136719,5.829999923706055
1993-08-04,448.5400085449219,5.869999885559082
1993-08-05,448.1300048828125,5.860000133514404
1993-08-06,448.67999267578125,5.860000133514404
1993-08-09,450.7200012207031,5.820000171661377
1993-08-10,449.45001220703125,5.820000171661377
1993-08-11,450.4599914550781,5.75
1993-08-12,448.9599914550781,5.769999980926514
1993-08-13,450.1400146484375,5.71999979019165
1993-08-16,452.3800048828125,5.679999828338623
1993-08-17,453.1300048828125,5.699999809265137
1993-08-18,456.0400085449219,5.690000057220459
1993-08-19,456.42999267578125,5.639999866485596
1993-08-20,456.1600036621094,5.610000133514404
1993-08-23,455.2300109863281,5.599999904632568
1993-08-24,459.7699890136719,5.539999961853027
1993-08-25,460.1300048828125,5.510000228881836
1993-08-26,461.0400085449219,5.420000076293945
1993-08-27,460.5400085449219,5.480000019073486
1993-08-30,461.8999938964844,5.440000057220459
1993-08-31,463.55999755859375,5.449999809265137
1993-09-01,463.1499938964844,5.460000038146973
1993-09-02,461.29998779296875,5.409999847412109
1993-09-03,461.3399963378906,5.309999942779541
1993-09-07,458.5199890136719,5.230000019073486
1993-09-08,456.6499938964844,5.230000019073486
1993-09-09,457.5,5.349999904632568
1993-09-10,461.7200012207031,5.289999961853027
1993-09-13,462.05999755859375,5.260000228881836
1993-09-14,459.8999938964844,5.369999885559082
1993-09-15,461.6000061035156,5.389999866485596
1993-09-16,459.42999267578125,5.369999885559082
1993-09-17,458.8299865722656,5.380000114440918
1993-09-20,455.04998779296875,5.420000076293945
1993-09-21,452.95001220703125,5.46999979019165
1993-09-22,456.20001220703125,5.449999809265137
1993-09-23,457.739990234375,5.420000076293945
1993-09-24,457.6300048828125,5.420000076293945
1993-09-27,461.79998779296875,5.300000190734863
1993-09-28,461.5299987792969,5.28000020980835
1993-09-29,460.1099853515625,5.349999904632568
1993-09-30,458.92999267578125,5.400000095367432
1993-10-01,461.2799987792969,5.340000152587891
1993-10-04,461.3399963378906,5.340000152587891
1993-10-05,461.20001220703125,5.349999904632568
1993-10-06,460.739990234375,5.349999904632568
1993-10-07,459.17999267578125,5.329999923706055
1993-10-08,460.30999755859375,5.260000228881836
1993-10-11,460.8800048828125,
1993-10-12,461.1199951171875,5.269999980926514
1993-10-13,461.489990234375,5.269999980926514
1993-10-14,466.8299865722656,5.230000019073486
1993-10-15,469.5,5.190000057220459
1993-10-18,468.45001220703125,5.269999980926514
1993-10-19,466.2099914550781,5.269999980926514
1993-10-20,466.07000732421875,5.260000228881836
1993-10-21,465.3599853515625,5.349999904632568
1993-10-22,463.2699890136719,5.420000076293945
1993-10-25,464.20001220703125,5.46999979019165
1993-10-26,464.29998779296875,5.429999828338623
1993-10-27,464.6099853515625,5.440000057220459
1993-10-28,467.7300109863281,5.409999847412109
1993-10-29,467.8299865722656,5.388000011444092
1993-11-01,469.1000061035156,5.559999942779541
1993-11-02,468.44000244140625,5.605999946594238
1993-11-03,463.0199890136719,5.605999946594238
1993-11-04,457.489990234375,5.664999961853027
1993-11-05,459.57000732421875,5.728000164031982
1993-11-08,460.2099914550781,5.669000148773193
1993-11-09,460.3299865722656,5.623000144958496
1993-11-10,463.7200012207031,5.681000232696533
1993-11-11,462.6400146484375,
1993-11-12,465.3900146484375,5.64300012588501
1993-11-15,463.75,5.664000034332275
1993-11-16,466.739990234375,5.626999855041504
1993-11-17,464.80999755859375,5.622000217437744
1993-11-18,463.6199951171875,5.693999767303467
1993-11-19,462.6000061035156,5.828999996185303
1993-11-22,459.1300048828125,5.863999843597412
1993-11-23,461.0299987792969,5.7870001792907715
1993-11-24,462.3599853515625,5.816999912261963
1993-11-26,463.05999755859375,5.749000072479248
1993-11-29,461.8999938964844,5.73199987411499
1993-11-30,461.7900085449219,5.795000076293945
1993-12-01,461.8900146484375,5.7829999923706055
1993-12-02,463.1099853515625,5.7779998779296875
1993-12-03,464.8900146484375,5.7829999923706055
1993-12-06,466.42999267578125,5.681000232696533
1993-12-07,466.760009765625,5.677000045776367
1993-12-08,466.2900085449219,5.671999931335449
1993-12-09,464.17999267578125,5.64300012588501
1993-12-10,463.92999267578125,5.693999767303467
1993-12-13,465.70001220703125,5.749000072479248
1993-12-14,463.05999755859375,5.7789998054504395
1993-12-15,461.8399963378906,5.790999889373779
1993-12-16,463.3399963378906,5.803999900817871
1993-12-17,466.3800048828125,5.77400016784668
1993-12-20,465.8500061035156,5.796000003814697
1993-12-21,465.29998779296875,5.822000026702881
1993-12-22,467.32000732421875,5.715000152587891
1993-12-23,467.3800048828125,5.681000232696533
1993-12-27,470.5400085449219,5.677000045776367
1993-12-28,470.94000244140625,5.684999942779541
1993-12-29,470.5799865722656,5.693999767303467
1993-12-30,468.6400146484375,5.7870001792907715
1993-12-31,466.45001220703125,5.7829999923706055
1994-01-03,465.44000244140625,5.88700008392334
1994-01-04,466.8900146484375,5.861000061035156
1994-01-05,467.54998779296875,5.864999771118164
1994-01-06,467.1199951171875,5.804999828338623
1994-01-07,469.8999938964844,5.65500020980835
1994-01-10,475.2699890136719,5.620999813079834
1994-01-11,474.1300048828125,5.620999813079834
1994-01-12,474.1700134277344,5.553999900817871
1994-01-13,472.4700012207031,5.664000034332275
1994-01-14,474.9100036621094,5.728000164031982
1994-01-17,473.29998779296875,
1994-01-18,474.25,5.697999954223633
1994-01-19,474.29998779296875,5.705999851226807
1994-01-20,474.9800109863281,5.664000034332275
1994-01-21,474.7200012207031,5.677000045776367
1994-01-24,471.9700012207031,5.689000129699707
1994-01-25,470.9200134277344,5.723999977111816
1994-01-26,473.20001220703125,5.718999862670898
1994-01-27,477.04998779296875,5.671999931335449
1994-01-28,478.70001220703125,5.617000102996826
1994-01-31,481.6099853515625,5.638000011444092
1994-02-01,479.6199951171875,5.715000152587891
1994-02-02,482.0,5.715000152587891
1994-02-03,480.7099914550781,5.757999897003174
1994-02-04,469.80999755859375,5.888000011444092
1994-02-07,471.760009765625,5.909999847412109
1994-02-08,471.04998779296875,5.953999996185303
1994-02-09,472.7699890136719,5.927999973297119
1994-02-10,468.92999267578125,5.9039998054504395
1994-02-11,470.17999267578125,5.870999813079834
1994-02-14,470.2300109863281,5.882999897003174
1994-02-15,472.5199890136719,5.867000102996826
1994-02-16,472.7900085449219,5.875
1994-02-17,470.3399963378906,5.984000205993652
1994-02-18,467.69000244140625,6.077000141143799
1994-02-22,471.4599914550781,6.039000034332275
1994-02-23,470.69000244140625,6.124000072479248
1994-02-24,464.260009765625,6.202000141143799
1994-02-25,466.07000732421875,6.192999839782715
1994-02-28,467.1400146484375,6.150000095367432
1994-03-01,464.44000244140625,6.28000020980835
1994-03-02,464.80999755859375,6.289000034332275
1994-03-03,463.010009765625,6.341000080108643
1994-03-04,464.739990234375,6.36299991607666
1994-03-07,466.9100036621094,6.307000160217285
1994-03-08,465.8800048828125,6.359000205993652
1994-03-09,467.05999755859375,6.368000030517578
1994-03-10,463.8999938964844,6.473999977111816
1994-03-11,466.44000244140625,6.452000141143799
1994-03-14,467.3900146484375,6.479000091552734
1994-03-15,467.010009765625,6.456999778747559
1994-03-16,469.4200134277344,6.376999855041504
1994-03-17,470.8999938964844,6.381999969482422
1994-03-18,471.05999755859375,6.479000091552734
1994-03-21,468.5400085449219,6.5370001792907715
1994-03-22,468.79998779296875,6.434999942779541
1994-03-23,468.5400085449219,6.418000221252441
1994-03-24,464.3500061035156,6.568999767303467
1994-03-25,460.5799865722656,6.5920000076293945
1994-03-28,460.0,6.605999946594238
1994-03-29,452.4800109863281,6.701000213623047
1994-03-30,445.54998779296875,6.764999866485596
1994-03-31,445.7699890136719,6.77400016784668
1994-04-04,438.9200134277344,7.1519999504089355
1994-04-05,448.2900085449219,6.949999809265137
1994-04-06,448.04998779296875,6.9039998054504395
1994-04-07,450.8800048828125,6.848999977111816
1994-04-08,447.1000061035156,6.933000087738037
1994-04-11,449.8699951171875,6.909999847412109
1994-04-12,447.57000732421875,6.849999904632568
1994-04-13,446.260009765625,6.914999961853027
1994-04-14,446.3800048828125,6.960999965667725
1994-04-15,446.17999267578125,6.947999954223633
1994-04-18,442.4599914550781,7.117000102996826
1994-04-19,442.5400085449219,7.085000038146973
1994-04-20,441.9599914550781,7.041999816894531
1994-04-21,448.7300109863281,6.883999824523926
1994-04-22,447.6300048828125,6.9120001792907715
1994-04-25,452.7099914550781,6.85699987411499
1994-04-26,451.8699951171875,6.828999996185303
1994-04-28,449.1000061035156,7.015999794006348
1994-04-29,450.9100036621094,7.034999847412109
1994-05-02,453.0199890136719,7.078000068664551
1994-05-03,453.0299987792969,7.111999988555908
1994-05-04,451.7200012207031,7.136000156402588
1994-05-05,451.3800048828125,7.0929999351501465
1994-05-06,447.82000732421875,7.334000110626221
1994-05-09,442.32000732421875,7.474999904632568
1994-05-10,446.010009765625,7.281000137329102
1994-05-11,441.489990234375,7.4120001792907715
1994-05-12,443.75,7.3480000495910645
1994-05-13,444.1400146484375,7.2769999504089355
1994-05-16,444.489990234375,7.23199987411499
1994-05-17,449.3699951171875,7.085999965667725
1994-05-18,453.69000244140625,7.015999794006348
1994-05-19,456.4800109863281,6.947000026702881
1994-05-20,454.9200134277344,7.01200008392334
1994-05-23,453.20001220703125,7.178999900817871
1994-05-24,454.80999755859375,7.1479997634887695
1994-05-25,456.3399963378906,7.117000102996826
1994-05-26,457.05999755859375,7.085999965667725
1994-05-27,457.3299865722656,7.10699987411499
1994-05-31,456.5,7.1519999504089355
1994-06-01,457.6300048828125,7.10699987411499
1994-06-02,457.6499938964844,7.059000015258789
1994-06-03,460.1300048828125,6.9629998207092285
1994-06-06,458.8800048828125,6.888999938964844
1994-06-07,458.2099914550781,6.935999870300293
1994-06-08,457.05999755859375,6.945000171661377
1994-06-09,457.8599853515625,6.958000183105469
1994-06-10,458.6700134277344,7.013999938964844
1994-06-13,459.1000061035156,7.053999900817871
1994-06-14,462.3699951171875,6.98799991607666
1994-06-15,460.6099853515625,7.076000213623047
1994-06-16,461.92999267578125,7.058000087738037
1994-06-17,458.45001220703125,7.11899995803833
1994-06-20,455.4800109863281,7.145999908447266
1994-06-21,451.3399963378906,7.203999996185303
1994-06-22,453.0899963378906,7.105999946594238
1994-06-23,449.6300048828125,7.084000110626221
1994-06-24,442.79998779296875,7.198999881744385
1994-06-27,447.30999755859375,7.150000095367432
1994-06-28,446.07000732421875,7.24399995803833
1994-06-29,447.6300048828125,7.230000019073486
1994-06-30,444.2699890136719,7.328999996185303
1994-07-01,446.20001220703125,7.320000171661377
1994-07-05,446.3699951171875,7.297999858856201
1994-07-06,446.1300048828125,7.302000045776367
1994-07-07,448.3800048828125,7.275000095367432
1994-07-08,449.54998779296875,7.4019999504089355
1994-07-11,448.05999755859375,7.456999778747559
1994-07-12,447.95001220703125,7.410999774932861
1994-07-13,448.7300109863281,7.396999835968018
1994-07-14,453.4100036621094,7.230000019073486
1994-07-15,454.1600036621094,7.230000019073486
1994-07-18,455.2200012207031,7.181000232696533
1994-07-19,453.8599853515625,7.123000144958496
1994-07-20,451.6000061035156,7.224999904632568
1994-07-21,452.6099853515625,7.251999855041504
1994-07-22,453.1099853515625,7.269999980926514
1994-07-25,454.25,7.243000030517578
1994-07-26,453.3599853515625,7.251999855041504
1994-07-27,452.57000732421875,7.320000171661377
1994-07-28,454.239990234375,7.269999980926514
1994-07-29,458.260009765625,7.09499979019165
1994-08-01,461.010009765625,7.11299991607666
1994-08-02,460.55999755859375,7.085999965667725
1994-08-03,461.45001220703125,7.081999778747559
1994-08-04,458.3999938964844,7.099999904632568
1994-08-05,457.0899963378906,7.256999969482422
1994-08-08,457.8900146484375,7.256999969482422
1994-08-09,457.9200134277344,7.302000045776367
1994-08-10,460.29998779296875,7.302000045776367
1994-08-11,458.8800048828125,7.343999862670898
1994-08-12,461.94000244140625,7.26800012588501
1994-08-15,461.2300109863281,7.285999774932861
1994-08-16,465.010009765625,7.170000076293945
1994-08-17,465.1700134277344,7.135000228881836
1994-08-18,463.1700134277344,7.26800012588501
1994-08-19,463.67999267578125,7.263000011444092
1994-08-22,462.32000732421875,7.308000087738037
1994-08-23,464.510009765625,7.271999835968018
1994-08-24,469.0299987792969,7.196000099182129
1994-08-25,468.0799865722656,7.271999835968018
1994-08-26,473.79998779296875,7.23199987411499
1994-08-29,474.5899963378906,7.236000061035156
1994-08-30,476.07000732421875,7.190999984741211
1994-08-31,475.489990234375,7.164999961853027
1994-09-01,473.1700134277344,7.173999786376953
1994-09-02,470.989990234375,7.196000099182129
1994-09-06,471.8599853515625,7.252999782562256
1994-09-07,470.989990234375,7.284999847412109
1994-09-08,473.1400146484375,7.284999847412109
1994-09-09,468.17999267578125,7.428999900817871
1994-09-12,466.2099914550781,7.442999839782715
1994-09-13,467.510009765625,7.423999786376953
1994-09-14,468.79998779296875,7.39300012588501
1994-09-15,474.80999755859375,7.3379998207092285
1994-09-16,471.19000244140625,7.506999969482422
1994-09-19,470.8500061035156,7.474999904632568
1994-09-20,463.3599853515625,7.511000156402588
1994-09-21,461.4599914550781,7.552999973297119
1994-09-22,461.2699890136719,7.543000221252441
1994-09-23,459.6700134277344,7.552999973297119
1994-09-26,460.82000732421875,7.557000160217285
1994-09-27,462.04998779296875,7.590000152587891
1994-09-28,464.8399963378906,7.552999973297119
1994-09-29,462.239990234375,7.617000102996826
1994-09-30,462.7099914550781,7.598999977111816
1994-10-03,461.739990234375,7.650000095367432
1994-10-04,454.5899963378906,7.677999973297119
1994-10-05,453.5199890136719,7.748000144958496
1994-10-06,452.3599853515625,7.752999782562256
1994-10-07,455.1000061035156,7.683000087738037
1994-10-10,459.0400085449219,
1994-10-11,465.7900085449219,7.623000144958496
1994-10-12,465.4700012207031,7.673999786376953
1994-10-13,467.7900085449219,7.623000144958496
1994-10-14,469.1000061035156,7.590000152587891
1994-10-17,468.9599914550781,7.599999904632568
1994-10-18,467.6600036621094,7.613999843597412
1994-10-19,470.2799987792969,7.651000022888184
1994-10-20,466.8500061035156,7.7829999923706055
1994-10-21,464.8900146484375,7.7829999923706055
1994-10-24,460.8299865722656,7.829999923706055
1994-10-25,461.5299987792969,7.859000205993652
1994-10-26,462.6199951171875,7.859000205993652
1994-10-27,465.8500061035156,7.859000205993652
1994-10-28,473.7699890136719,7.793000221252441
1994-10-31,472.3500061035156,7.793000221252441
1994-11-01,468.4200134277344,7.89300012588501
1994-11-02,466.510009765625,7.927000045776367
1994-11-03,467.9100036621094,7.946000099182129
1994-11-04,462.2799987792969,8.013999938964844
1994-11-07,463.07000732421875,8.02299976348877
1994-11-08,465.6499938964844,7.985000133514404
1994-11-09,465.3999938964844,7.922999858856201
1994-11-10,464.3699951171875,7.961999893188477
1994-11-11,462.3500061035156,7.980999946594238
1994-11-14,466.0400085449219,7.925000190734863
1994-11-15,465.0299987792969,7.89300012588501
1994-11-16,465.6199951171875,7.961999893188477
1994-11-17,463.57000732421875,8.012999534606934
1994-11-18,461.4700012207031,8.003999710083008
1994-11-21,458.29998779296875,8.017000198364258
1994-11-22,450.0899963378906,7.985000133514404
1994-11-23,449.92999267578125,7.801000118255615
1994-11-25,452.2900085449219,7.788000106811523
1994-11-28,454.1600036621094,7.874000072479248
1994-11-29,455.1700134277344,7.939000129699707
1994-11-30,453.69000244140625,7.888000011444092
1994-12-01,448.9200134277344,7.910999774932861
1994-12-02,453.29998779296875,7.791999816894531
1994-12-05,453.32000732421875,7.822999954223633
1994-12-06,453.1099853515625,7.718999862670898
1994-12-07,451.2300109863281,7.801000118255615
1994-12-08,445.45001220703125,7.809999942779541
1994-12-09,446.9599914550781,7.7779998779296875
1994-12-12,449.4700012207031,7.841000080108643
1994-12-13,450.1499938964844,7.814000129699707
1994-12-14,454.9700012207031,7.7729997634887695
1994-12-15,455.3399963378906,7.7769999504089355
1994-12-16,458.79998779296875,7.800000190734863
1994-12-19,457.9100036621094,7.795000076293945
1994-12-20,457.1000061035156,7.800000190734863
1994-12-21,459.6099853515625,7.785999774932861
1994-12-22,459.67999267578125,7.827000141143799
1994-12-23,459.8299865722656,7.827000141143799
1994-12-27,462.4700012207031,7.744999885559082
1994-12-28,460.8599853515625,7.785999774932861
1994-12-29,461.1700134277344,7.798999786376953
1994-12-30,459.2699890136719,7.827000141143799
1995-01-03,459.1099853515625,7.876999855041504
1995-01-04,460.7099914550781,7.813000202178955
1995-01-05,460.3399963378906,7.868000030517578
1995-01-06,460.67999267578125,7.849999904632568
1995-01-09,460.8299865722656,7.881999969482422
1995-01-10,461.67999267578125,7.822000026702881
1995-01-11,461.6600036621094,7.776000022888184
1995-01-12,461.6400146484375,7.794000148773193
1995-01-13,465.9700012207031,7.679999828338623
1995-01-16,469.3800048828125,7.679999828338623
1995-01-17,470.04998779296875,7.684000015258789
1995-01-18,469.7099914550781,7.697999954223633
1995-01-19,466.95001220703125,7.716000080108643
1995-01-20,464.7799987792969,7.808000087738037
1995-01-23,465.82000732421875,7.822000026702881
1995-01-24,465.8599853515625,7.84499979019165
1995-01-25,467.44000244140625,7.784999847412109
1995-01-26,468.32000732421875,7.743000030517578
1995-01-27,470.3900146484375,7.616000175476074
1995-01-30,468.510009765625,7.633999824523926
1995-01-31,470.4200134277344,7.5929999351501465
1995-02-01,470.3999938964844,7.638000011444092
1995-02-02,472.7900085449219,7.670000076293945
1995-02-03,478.6499938964844,7.456999778747559
1995-02-06,481.1400146484375,7.506999969482422
1995-02-07,480.80999755859375,7.511000156402588
1995-02-08,481.19000244140625,7.511000156402588
1995-02-09,480.19000244140625,7.572000026702881
1995-02-10,481.4599914550781,7.618000030517578
1995-02-13,481.6499938964844,7.59499979019165
1995-02-14,482.54998779296875,7.504000186920166
1995-02-15,484.5400085449219,7.441999912261963
1995-02-16,485.2200012207031,7.388000011444092
1995-02-17,481.9700012207031,7.419000148773193
1995-02-21,482.7200012207031,7.432000160217285
1995-02-22,485.07000732421875,7.321000099182129
1995-02-23,486.9100036621094,7.329999923706055
1995-02-24,488.1099853515625,7.324999809265137
1995-02-27,483.80999755859375,7.236000061035156
1995-02-28,487.3900146484375,7.210000038146973
1995-03-01,485.6499938964844,7.214000225067139
1995-03-02,485.1300048828125,7.289000034332275
1995-03-03,485.4200134277344,7.355999946594238
1995-03-06,485.6300048828125,7.400000095367432
1995-03-07,482.1199951171875,7.431000232696533
1995-03-08,483.1400146484375,7.355000019073486
1995-03-09,483.1600036621094,7.28000020980835
1995-03-10,489.57000732421875,7.2179999351501465
1995-03-13,490.04998779296875,7.173999786376953
1995-03-14,492.8900146484375,7.077000141143799
1995-03-15,491.8800048828125,7.077000141143799
1995-03-16,495.4100036621094,7.038000106811523
1995-03-17,495.5199890136719,7.103000164031982
1995-03-20,496.1400146484375,7.111999988555908
1995-03-21,495.07000732421875,7.151000022888184
1995-03-22,495.6700134277344,7.195000171661377
1995-03-23,495.95001220703125,7.203000068664551
1995-03-24,500.9700012207031,7.085000038146973
1995-03-27,503.20001220703125,7.0320000648498535
1995-03-28,503.8999938964844,7.140999794006348
1995-03-29,503.1199951171875,7.140999794006348
1995-03-30,502.2200012207031,7.158999919891357
1995-03-31,500.7099914550781,7.189000129699707
1995-04-03,501.8500061035156,7.131999969482422
1995-04-04,505.239990234375,7.105999946594238
1995-04-05,505.57000732421875,7.105999946594238
1995-04-06,506.0799865722656,7.074999809265137
1995-04-07,506.4200134277344,7.0920000076293945
1995-04-10,507.010009765625,7.0960001945495605
1995-04-11,505.5299987792969,7.073999881744385
1995-04-12,507.1700134277344,7.047999858856201
1995-04-13,509.2300109863281,7.0
1995-04-17,506.1300048828125,7.020999908447266
1995-04-18,505.3699951171875,7.020999908447266
1995-04-19,504.9200134277344,7.033999919891357
1995-04-20,505.2900085449219,6.999000072479248
1995-04-21,508.489990234375,6.99399995803833
1995-04-24,512.8900146484375,6.986000061035156
1995-04-25,512.0999755859375,6.986000061035156
1995-04-26,512.6599731445312,6.99399995803833
1995-04-27,513.5499877929688,7.025000095367432
1995-04-28,514.7100219726562,7.046000003814697
1995-05-01,514.260009765625,7.072000026702881
1995-05-02,514.8599853515625,7.02400016784668
1995-05-03,520.47998046875,6.940999984741211
1995-05-04,520.5399780273438,6.833000183105469
1995-05-05,520.1199951171875,6.665999889373779
1995-05-08,523.9600219726562,6.673999786376953
1995-05-09,523.5599975585938,6.580999851226807
1995-05-10,524.3599853515625,6.636000156402588
1995-05-11,524.3699951171875,6.672999858856201
1995-05-12,525.5499877929688,6.664999961853027
1995-05-15,527.739990234375,6.617000102996826
1995-05-16,528.1900024414062,6.552000045776367
1995-05-17,527.0700073242188,6.526000022888184
1995-05-18,519.5800170898438,6.604000091552734
1995-05-19,519.1900024414062,6.598999977111816
1995-05-22,523.6500244140625,6.611999988555908
1995-05-23,528.5900268554688,6.551000118255615
1995-05-24,528.6099853515625,6.427000045776367
1995-05-25,528.5900268554688,6.380000114440918
1995-05-26,523.6500244140625,6.388000011444092
1995-05-30,523.5800170898438,6.294000148773193
1995-05-31,533.4000244140625,6.285999774932861
1995-06-01,533.489990234375,6.184999942779541
1995-06-02,532.510009765625,6.079999923706055
1995-06-05,535.5999755859375,6.059000015258789
1995-06-06,535.5499877929688,6.076000213623047
1995-06-07,533.1300048828125,6.158999919891357
1995-06-08,532.3499755859375,6.201000213623047
1995-06-09,527.9400024414062,6.379000186920166
1995-06-12,530.8800048828125,6.366000175476074
1995-06-13,536.0499877929688,6.125
1995-06-14,536.469970703125,6.129000186920166
1995-06-15,537.1199951171875,6.1579999923706055
1995-06-16,539.8300170898438,6.196000099182129
1995-06-19,545.219970703125,6.107999801635742
1995-06-20,544.97998046875,6.140999794006348
1995-06-21,543.97998046875,6.116000175476074
1995-06-22,551.0700073242188,6.015999794006348
1995-06-23,549.7100219726562,6.045000076293945
1995-06-26,544.1300048828125,6.090000152587891
1995-06-27,542.4299926757812,6.131999969482422
1995-06-28,544.72998046875,6.093999862670898
1995-06-29,543.8699951171875,6.25
1995-06-30,544.75,6.203000068664551
1995-07-03,547.0900268554688,6.203000068664551
1995-07-05,547.260009765625,6.177999973297119
1995-07-06,553.989990234375,6.043000221252441
1995-07-07,556.3699951171875,6.01800012588501
1995-07-10,557.1900024414062,6.021999835968018
1995-07-11,554.780029296875,6.089000225067139
1995-07-12,560.8900146484375,6.089000225067139
1995-07-13,561.0,6.072000026702881
1995-07-14,559.8900146484375,6.135000228881836
1995-07-17,562.719970703125,6.202000141143799
1995-07-18,558.4600219726562,6.256999969482422
1995-07-19,550.97998046875,6.4120001792907715
1995-07-20,553.5399780273438,6.4070000648498535
1995-07-21,553.6199951171875,6.49399995803833
1995-07-24,556.6300048828125,6.436999797821045
1995-07-25,561.0999755859375,6.410999774932861
1995-07-26,561.6099853515625,6.4629998207092285
1995-07-27,565.219970703125,6.415999889373779
1995-07-28,562.9299926757812,6.4720001220703125
1995-07-31,562.0599975585938,6.428999900817871
1995-08-01,559.6400146484375,6.488999843597412
1995-08-02,558.7999877929688,6.428999900817871
1995-08-03,558.75,6.506999969482422
1995-08-04,558.9400024414062,6.4720001220703125
1995-08-07,560.030029296875,6.454999923706055
1995-08-08,560.3900146484375,6.449999809265137
1995-08-09,559.7100219726562,6.47599983215332
1995-08-10,557.4500122070312,6.513000011444092
1995-08-11,555.1099853515625,6.585999965667725
1995-08-14,559.739990234375,6.578000068664551
1995-08-15,558.5700073242188,6.578000068664551
1995-08-16,559.969970703125,6.533999919891357
1995-08-17,559.0399780273438,6.565000057220459
1995-08-18,559.2100219726562,6.559999942779541
1995-08-21,558.1099853515625,6.526000022888184
1995-08-22,559.52001953125,6.556000232696533
1995-08-23,557.1400146484375,6.577000141143799
1995-08-24,557.4600219726562,6.486999988555908
1995-08-25,560.0999755859375,6.380000114440918
1995-08-28,559.0499877929688,6.328000068664551
1995-08-29,560.0,6.357999801635742
1995-08-30,560.9199829101562,6.323999881744385
1995-08-31,561.8800048828125,6.2729997634887695
1995-09-01,563.8400268554688,6.210000038146973
1995-09-05,569.1699829101562,6.163000106811523
1995-09-06,570.1699829101562,6.168000221252441
1995-09-07,570.2899780273438,6.201000213623047
1995-09-08,572.6799926757812,6.234000205993652
1995-09-11,573.9099731445312,6.2220001220703125
1995-09-12,576.510009765625,6.150000095367432
1995-09-13,578.77001953125,6.175000190734863
1995-09-14,583.6099853515625,6.071000099182129
1995-09-15,583.3499755859375,6.104000091552734
1995-09-18,582.77001953125,6.165999889373779
1995-09-19,584.2000122070312,6.132999897003174
1995-09-20,586.77001953125,6.09499979019165
1995-09-21,583.0,6.199999809265137
1995-09-22,581.72998046875,6.232999801635742
1995-09-25,581.8099975585938,6.229000091552734
1995-09-26,581.4099731445312,6.258999824523926
1995-09-27,581.0399780273438,6.270999908447266
1995-09-28,585.8699951171875,6.258999824523926
1995-09-29,584.4099731445312,6.1570000648498535
1995-10-02,581.719970703125,6.144000053405762
1995-10-03,582.3400268554688,6.114999771118164
1995-10-04,581.469970703125,6.085000038146973
1995-10-05,582.6300048828125,6.068999767303467
1995-10-06,582.489990234375,6.059999942779541
1995-10-09,578.3699951171875,
1995-10-10,577.52001953125,6.064000129699707
1995-10-11,579.4600219726562,6.076000213623047
1995-10-12,583.0999755859375,6.046999931335449
1995-10-13,584.5,5.939000129699707
1995-10-16,583.030029296875,5.954999923706055
1995-10-17,586.780029296875,5.942999839782715
1995-10-18,587.4400024414062,5.9670000076293945
1995-10-19,590.6500244140625,5.959000110626221
1995-10-20,587.4600219726562,6.017000198364258
1995-10-23,585.0599975585938,6.050000190734863
1995-10-24,586.5399780273438,5.995999813079834
1995-10-25,582.469970703125,5.991000175476074
1995-10-26,576.719970703125,6.050000190734863
1995-10-27,579.7000122070312,6.02400016784668
1995-10-30,583.25,6.02400016784668
1995-10-31,581.5,6.002999782562256
1995-11-01,584.219970703125,5.961999893188477
1995-11-02,589.719970703125,5.9029998779296875
1995-11-03,590.5700073242188,5.914999961853027
1995-11-06,588.4600219726562,5.940000057220459
1995-11-07,586.3200073242188,5.9730000495910645
1995-11-08,591.7100219726562,5.9029998779296875
1995-11-09,593.260009765625,5.952000141143799
1995-11-10,592.719970703125,5.985000133514404
1995-11-13,592.2999877929688,5.955999851226807
1995-11-14,589.2899780273438,5.952000141143799
1995-11-15,593.9600219726562,5.980999946594238
1995-11-16,597.3400268554688,5.914000034332275
1995-11-17,600.0700073242188,5.896999835968018
1995-11-20,596.8499755859375,5.914000034332275
1995-11-21,600.239990234375,5.934000015258789
1995-11-22,598.4000244140625,5.925000190734863
1995-11-24,599.969970703125,5.895999908447266
1995-11-27,601.3200073242188,5.869999885559082
1995-11-28,606.4500122070312,5.875
1995-11-29,607.6400146484375,5.836999893188477
1995-11-30,605.3699951171875,5.744999885559082
1995-12-01,606.97998046875,5.703999996185303
1995-12-04,613.6799926757812,5.618000030517578
1995-12-05,617.6799926757812,5.650000095367432
1995-12-06,620.1799926757812,5.666999816894531
1995-12-07,616.1699829101562,5.711999893188477
1995-12-08,617.47998046875,5.728000164031982
1995-12-11,619.52001953125,5.695000171661377
1995-12-12,618.780029296875,5.711999893188477
1995-12-13,621.6900024414062,5.73199987411499
1995-12-14,616.9199829101562,5.736000061035156
1995-12-15,616.3400268554688,5.739999771118164
1995-12-18,606.8099975585938,5.841000080108643
1995-12-19,611.9299926757812,5.73199987411499
1995-12-20,605.9400024414062,5.739999771118164
1995-12-21,610.489990234375,5.749000072479248
1995-12-22,611.9500122070312,5.690000057220459
1995-12-26,614.2999877929688,5.677999973297119
1995-12-27,614.530029296875,5.644999980926514
1995-12-28,614.1199951171875,5.619999885559082
1995-12-29,615.9299926757812,5.574999809265137
1996-01-02,620.72998046875,5.586999893188477
1996-01-03,621.3200073242188,5.565999984741211
1996-01-04,617.7000122070312,5.61899995803833
1996-01-05,616.7100219726562,5.677000045776367
1996-01-08,618.4600219726562,5.672999858856201
1996-01-09,609.4500122070312,5.672999858856201
1996-01-10,598.47998046875,5.738999843597412
1996-01-11,602.6900024414062,5.75600004196167
1996-01-12,601.8099975585938,5.751999855041504
1996-01-15,599.8200073242188,
1996-01-16,608.4400024414062,5.656000137329102
1996-01-17,606.3699951171875,5.557000160217285
1996-01-18,608.239990234375,5.515999794006348
1996-01-19,611.8300170898438,5.514999866485596
1996-01-22,613.4000244140625,5.589000225067139
1996-01-23,612.7899780273438,5.635000228881836
1996-01-24,619.9600219726562,5.5929999351501465
1996-01-25,617.030029296875,5.679999828338623
1996-01-26,621.6199951171875,5.625999927520752
1996-01-29,624.219970703125,5.671999931335449
1996-01-30,630.1500244140625,5.613999843597412
1996-01-31,636.02001953125,5.580999851226807
1996-02-01,638.4600219726562,5.60099983215332
1996-02-02,635.8400268554688,5.642000198364258
1996-02-05,641.4299926757812,5.679999828338623
1996-02-06,646.3300170898438,5.65500020980835
1996-02-07,649.9299926757812,5.658999919891357
1996-02-08,656.0700073242188,5.6579999923706055
1996-02-09,656.3699951171875,5.650000095367432
1996-02-12,661.4500122070312,5.5960001945495605
1996-02-13,660.510009765625,5.566999912261963
1996-02-14,655.5800170898438,5.61299991607666
1996-02-15,651.3200073242188,5.690999984741211
1996-02-16,647.97998046875,5.75
1996-02-20,640.6500244140625,5.991000175476074
1996-02-21,648.0999755859375,5.973999977111816
1996-02-22,658.8599853515625,5.909999847412109
1996-02-23,659.0800170898438,5.965000152587891
1996-02-26,650.4600219726562,5.994999885559082
1996-02-27,647.239990234375,6.046999931335449
1996-02-28,644.75,6.10699987411499
1996-02-29,640.4299926757812,6.111999988555908
1996-03-01,644.3699951171875,5.978000164031982
1996-03-04,650.8099975585938,5.906000137329102
1996-03-05,655.7899780273438,5.953000068664551
1996-03-06,652.0,6.039000034332275
1996-03-07,653.6500244140625,6.059999942779541
1996-03-08,633.5,6.4120001792907715
1996-03-11,640.02001953125,6.304999828338623
1996-03-12,637.0900268554688,6.341000080108643
1996-03-13,638.5499877929688,6.335999965667725
1996-03-14,640.8699951171875,6.349999904632568
1996-03-15,641.4299926757812,6.453000068664551
1996-03-18,652.6500244140625,6.421999931335449
1996-03-19,651.6900024414062,6.394999980926514
1996-03-20,649.97998046875,6.328000068664551
1996-03-21,649.1900024414062,6.270999908447266
1996-03-22,650.6199951171875,6.310999870300293
1996-03-25,650.0399780273438,6.2270002365112305
1996-03-26,652.969970703125,6.23199987411499
1996-03-27,648.9099731445312,6.311999797821045
1996-03-28,648.9400024414062,6.40500020980835
1996-03-29,645.5,6.334000110626221
1996-04-01,653.72998046875,6.308000087738037
1996-04-02,655.260009765625,6.236999988555908
1996-04-03,655.8800048828125,6.255000114440918
1996-04-04,655.8599853515625,6.326000213623047
1996-04-08,644.239990234375,6.611000061035156
1996-04-09,642.1900024414062,6.551000118255615
1996-04-10,633.5,6.614999771118164
1996-04-11,631.1799926757812,6.671000003814697
1996-04-12,636.7100219726562,6.498000144958496
1996-04-15,642.489990234375,6.461999893188477
1996-04-16,645.0,6.458000183105469
1996-04-17,641.6099853515625,6.506999969482422
1996-04-18,643.6099853515625,6.558000087738037
1996-04-19,645.0700073242188,6.513000011444092
1996-04-22,647.8900146484375,6.4679999351501465
1996-04-23,651.5800170898438,6.494999885559082
1996-04-24,650.1699829101562,6.553999900817871
1996-04-25,652.8699951171875,6.540999889373779
1996-04-26,653.4600219726562,6.519000053405762
1996-04-29,654.1599731445312,6.568999767303467
1996-04-30,654.1699829101562,6.632999897003174
1996-05-01,654.5800170898438,6.665999889373779
1996-05-02,643.3800048828125,6.833000183105469
1996-05-03,641.6300048828125,6.875999927520752
1996-05-06,640.8099975585938,6.839000225067139
1996-05-07,638.260009765625,6.8480000495910645
1996-05-08,644.77001953125,6.796999931335449
1996-05-09,645.4400024414062,6.830999851226807
1996-05-10,652.0900268554688,6.739999771118164
1996-05-13,661.510009765625,6.705999851226807
1996-05-14,665.5999755859375,6.645999908447266
1996-05-15,665.4199829101562,6.632999897003174
1996-05-16,664.8499755859375,6.692999839782715
1996-05-17,668.9099731445312,6.644999980926514
1996-05-20,673.1500244140625,6.611000061035156
1996-05-21,672.760009765625,6.636000156402588
1996-05-22,678.4199829101562,6.61899995803833
1996-05-23,676.0,6.675000190734863
1996-05-24,678.510009765625,6.639999866485596
1996-05-28,672.22998046875,6.6570000648498535
1996-05-29,667.9299926757812,6.764999866485596
1996-05-30,671.7000122070312,6.756999969482422
1996-05-31,669.1199951171875,6.843999862670898
1996-06-03,667.6799926757812,6.861000061035156
1996-06-04,672.5599975585938,6.8429999351501465
1996-06-05,678.4400024414062,6.816999912261963
1996-06-06,673.030029296875,6.747000217437744
1996-06-07,673.3099975585938,6.918000221252441
1996-06-10,672.1599731445312,6.958000183105469
1996-06-11,670.969970703125,6.980000019073486
1996-06-12,669.0399780273438,7.014999866485596
1996-06-13,667.9199829101562,7.001999855041504
1996-06-14,665.8499755859375,6.935999870300293
1996-06-17,665.1599731445312,6.88700008392334
1996-06-18,662.0599975585938,6.913000106811523
1996-06-19,661.9600219726562,6.953000068664551
1996-06-20,662.0999755859375,6.961999893188477
1996-06-21,666.8400268554688,6.943999767303467
1996-06-24,668.8499755859375,6.927000045776367
1996-06-25,668.47998046875,6.895999908447266
1996-06-26,664.3900146484375,6.895999908447266
1996-06-27,668.5499877929688,6.815999984741211
1996-06-28,670.6300048828125,6.710999965667725
1996-07-01,675.8800048828125,6.723999977111816
1996-07-02,673.6099853515625,6.785999774932861
1996-07-03,672.4000244140625,6.755000114440918
1996-07-05,657.4400024414062,7.046999931335449
1996-07-08,652.5399780273438,7.046999931335449
1996-07-09,654.75,7.001999855041504
1996-07-10,656.0599975585938,6.929999828338623
1996-07-11,645.6699829101562,6.886000156402588
1996-07-12,646.1900024414062,6.834000110626221
1996-07-15,629.7999877929688,6.873000144958496
1996-07-16,628.3699951171875,6.808000087738037
1996-07-17,634.0700073242188,6.821000099182129
1996-07-18,643.5599975585938,6.709000110626221
1996-07-19,638.72998046875,6.7729997634887695
1996-07-22,633.77001953125,6.824999809265137
1996-07-23,626.8699951171875,6.795000076293945
1996-07-24,626.6500244140625,6.863999843597412
1996-07-25,631.1699829101562,6.85099983215332
1996-07-26,635.9000244140625,6.836999893188477
1996-07-29,630.9099731445312,6.915999889373779
1996-07-30,635.260009765625,6.872000217437744
1996-07-31,639.9500122070312,6.789999961853027
1996-08-01,650.02001953125,6.625999927520752
1996-08-02,662.489990234375,6.49399995803833
1996-08-05,660.22998046875,6.511000156402588
1996-08-06,662.3800048828125,6.5320000648498535
1996-08-07,664.1599731445312,6.539999961853027
1996-08-08,662.5900268554688,6.557000160217285
1996-08-09,662.0999755859375,6.488999843597412
1996-08-12,665.77001953125,6.47599983215332
1996-08-13,660.2000122070312,6.565000057220459
1996-08-14,662.0499877929688,6.565000057220459
1996-08-15,662.280029296875,6.607999801635742
1996-08-16,665.2100219726562,6.543000221252441
1996-08-19,666.5800170898438,6.572999954223633
1996-08-20,665.6900024414062,6.572999954223633
1996-08-21,665.0700073242188,6.603000164031982
1996-08-22,670.6799926757812,6.611000061035156
1996-08-23,667.030029296875,6.701000213623047
1996-08-26,663.8800048828125,6.791999816894531
1996-08-27,666.4000244140625,6.765999794006348
1996-08-28,664.8099975585938,6.7829999923706055
1996-08-29,657.4000244140625,6.848999977111816
1996-08-30,651.989990234375,6.935999870300293
1996-09-03,654.719970703125,6.892000198364258
1996-09-04,655.6099853515625,6.927000045776367
1996-09-05,649.4400024414062,6.9629998207092285
1996-09-06,655.6799926757812,6.922999858856201
1996-09-09,663.760009765625,6.882999897003174
1996-09-10,663.8099975585938,6.918000221252441
1996-09-11,667.280029296875,6.922999858856201
1996-09-12,671.1500244140625,6.861000061035156
1996-09-13,680.5399780273438,6.7210001945495605
1996-09-16,683.97998046875,6.708000183105469
1996-09-17,682.9400024414062,6.790999889373779
1996-09-18,681.469970703125,6.813000202178955
1996-09-19,683.0,6.8429999351501465
1996-09-20,687.030029296875,6.826000213623047
1996-09-23,686.47998046875,6.808000087738037
1996-09-24,685.6099853515625,6.742000102996826
1996-09-25,685.8300170898438,6.685999870300293
1996-09-26,685.8599853515625,6.638000011444092
1996-09-27,686.1900024414062,6.668000221252441
1996-09-30,687.3300170898438,6.698999881744385
1996-10-01,689.0800170898438,6.629000186920166
1996-10-02,694.010009765625,6.590000152587891
1996-10-03,692.780029296875,6.590000152587891
1996-10-04,701.4600219726562,6.460999965667725
1996-10-07,703.3400268554688,6.513000011444092
1996-10-08,700.6400146484375,6.520999908447266
1996-10-09,696.739990234375,6.543000221252441
1996-10-10,694.6099853515625,6.598999977111816
1996-10-11,700.6599731445312,6.546999931335449
1996-10-14,703.5399780273438,
1996-10-15,702.5700073242188,6.546999931335449
1996-10-16,704.4099731445312,6.565000057220459
1996-10-17,706.989990234375,6.5
1996-10-18,710.8200073242188,6.482999801635742
1996-10-21,709.8499755859375,6.504000186920166
1996-10-22,706.5700073242188,6.551000118255615
1996-10-23,707.27001953125,6.546999931335449
1996-10-24,702.2899780273438,6.564000129699707
1996-10-25,700.9199829101562,6.53000020980835
1996-10-28,697.260009765625,6.543000221252441
1996-10-29,701.5,6.388000011444092
1996-10-30,700.9000244140625,6.383999824523926
1996-10-31,705.27001953125,6.348999977111816
1996-11-01,703.77001953125,6.361999988555908
1996-11-04,706.72998046875,6.341000080108643
1996-11-05,714.1400146484375,6.2729997634887695
1996-11-06,724.5900268554688,6.281000137329102
1996-11-07,727.6500244140625,6.243000030517578
1996-11-08,730.8200073242188,6.255000114440918
1996-11-11,731.8699951171875,
1996-11-12,729.5599975585938,6.171000003814697
1996-11-13,731.1300048828125,6.188000202178955
1996-11-14,735.8800048828125,6.142000198364258
1996-11-15,737.6199951171875,6.166999816894531
1996-11-18,737.02001953125,6.183000087738037
1996-11-19,742.1599731445312,6.1539998054504395
1996-11-20,743.9500122070312,6.116000175476074
1996-11-21,742.75,6.119999885559082
1996-11-22,748.72998046875,6.127999782562256
1996-11-25,757.030029296875,6.114999771118164
1996-11-26,755.9600219726562,6.114999771118164
1996-11-27,755.0,6.11899995803833
1996-11-29,757.02001953125,6.039999961853027
1996-12-02,756.5599975585938,6.052000045776367
1996-12-03,748.280029296875,6.044000148773193
1996-12-04,745.0999755859375,6.0980000495910645
1996-12-05,744.3800048828125,6.206999778747559
1996-12-06,739.5999755859375,6.241000175476074
1996-12-09,749.760009765625,6.193999767303467
1996-12-10,747.5399780273438,6.203000068664551
1996-12-11,740.72998046875,6.3470001220703125
1996-12-12,729.2999877929688,6.376999855041504
1996-12-13,728.6400146484375,6.313000202178955
1996-12-16,720.97998046875,6.360000133514404
1996-12-17,726.0399780273438,6.394000053405762
1996-12-18,731.5399780273438,6.438000202178955
1996-12-19,745.760009765625,6.3379998207092285
1996-12-20,748.8699951171875,6.334000110626221
1996-12-23,746.9199829101562,6.324999809265137
1996-12-24,751.030029296875,6.329999923706055
1996-12-26,755.8200073242188,6.334000110626221
1996-12-27,756.7899780273438,6.2820000648498535
1996-12-30,753.8499755859375,6.285999774932861
1996-12-31,740.739990234375,6.4070000648498535
1997-01-02,737.010009765625,6.52400016784668
1997-01-03,748.030029296875,6.498000144958496
1997-01-06,747.6500244140625,6.519999980926514
1997-01-07,753.22998046875,6.554999828338623
1997-01-08,748.4099731445312,6.567999839782715
1997-01-09,754.8499755859375,6.506999969482422
1997-01-10,759.5,6.607999801635742
1997-01-13,759.510009765625,6.604000091552734
1997-01-14,768.8599853515625,6.511000156402588
1997-01-15,767.2000122070312,6.511000156402588
1997-01-16,769.75,6.559999942779541
1997-01-17,776.1699829101562,6.5289998054504395
1997-01-20,776.7000122070312,
1997-01-21,782.719970703125,6.49399995803833
1997-01-22,786.22998046875,6.5289998054504395
1997-01-23,777.5599975585938,6.564000129699707
1997-01-24,770.52001953125,6.61299991607666
1997-01-27,765.02001953125,6.6570000648498535
1997-01-28,765.02001953125,6.622000217437744
1997-01-29,772.5,6.604000091552734
1997-01-30,784.1699829101562,6.581999778747559
1997-01-31,786.1599731445312,6.502999782562256
1997-02-03,786.72998046875,6.436999797821045
1997-02-04,789.260009765625,6.427999973297119
1997-02-05,778.280029296875,6.436999797821045
1997-02-06,780.1500244140625,6.453999996185303
1997-02-07,789.5599975585938,6.39300012588501
1997-02-10,785.4299926757812,6.3979997634887695
1997-02-11,789.5900268554688,6.4019999504089355
1997-02-12,802.77001953125,6.414999961853027
1997-02-13,811.8200073242188,6.309999942779541
1997-02-14,808.47998046875,6.263000011444092
1997-02-18,816.2899780273438,6.267000198364258
1997-02-19,812.489990234375,6.283999919891357
1997-02-20,802.7999877929688,6.340000152587891
1997-02-21,801.77001953125,6.3480000495910645
1997-02-24,810.280029296875,6.377999782562256
1997-02-25,812.030029296875,6.382999897003174
1997-02-26,805.6799926757812,6.552000045776367
1997-02-27,795.0700073242188,6.560999870300293
1997-02-28,790.8200073242188,6.534999847412109
1997-03-03,795.3099975585938,6.557000160217285
1997-03-04,790.9500122070312,6.583000183105469
1997-03-05,801.989990234375,6.578999996185303
1997-03-06,798.5599975585938,6.605000019073486
1997-03-07,804.969970703125,6.552000045776367
1997-03-10,813.6500244140625,6.547999858856201
1997-03-11,811.3400268554688,6.557000160217285
1997-03-12,804.260009765625,6.583000183105469
1997-03-13,789.5599975585938,6.711999893188477
1997-03-14,793.1699829101562,6.684999942779541
1997-03-17,795.7100219726562,6.698999881744385
1997-03-18,789.6599731445312,6.711999893188477
1997-03-19,785.77001953125,6.72599983215332
1997-03-20,782.6500244140625,6.72599983215332
1997-03-21,784.0999755859375,6.730000019073486
1997-03-24,790.8900146484375,6.708000183105469
1997-03-25,789.0700073242188,6.748000144958496
1997-03-26,790.5,6.783999919891357
1997-03-27,773.8800048828125,6.883999824523926
1997-03-31,757.1199951171875,6.9070000648498535
1997-04-01,759.6400146484375,6.880000114440918
1997-04-02,750.1099853515625,6.861999988555908
1997-04-03,750.3200073242188,6.853000164031982
1997-04-04,757.9000244140625,6.9079999923706055
1997-04-07,762.1300048828125,6.857999801635742
1997-04-08,766.1199951171875,6.889999866485596
1997-04-09,760.5999755859375,6.889999866485596
1997-04-10,758.3400268554688,6.894000053405762
1997-04-11,737.6500244140625,6.9629998207092285
1997-04-14,743.72998046875,6.964000225067139
1997-04-15,754.719970703125,6.868000030517578
1997-04-16,763.530029296875,6.886000156402588
1997-04-17,761.77001953125,6.84499979019165
1997-04-18,766.3400268554688,6.822999954223633
1997-04-21,760.3699951171875,6.859000205993652
1997-04-22,774.6099853515625,6.828000068664551
1997-04-23,773.6400146484375,6.86899995803833
1997-04-24,771.1799926757812,6.909999847412109
1997-04-25,765.3699951171875,6.927999973297119
1997-04-28,772.9600219726562,6.901000022888184
1997-04-29,794.0499877929688,6.750999927520752
1997-04-30,801.3400268554688,6.702000141143799
1997-05-01,798.530029296875,6.679999828338623
1997-05-02,812.969970703125,6.665999889373779
1997-05-05,830.2899780273438,6.6529998779296875
1997-05-06,827.760009765625,6.64900016784668
1997-05-07,815.6199951171875,6.724999904632568
1997-05-08,820.260009765625,6.706999778747559
1997-05-09,824.780029296875,6.651000022888184
1997-05-12,837.6599731445312,6.633999824523926
1997-05-13,833.1300048828125,6.698999881744385
1997-05-14,836.0399780273438,6.672999858856201
1997-05-15,841.8800048828125,6.65500020980835
1997-05-16,829.75,6.690000057220459
1997-05-19,833.27001953125,6.693999767303467
1997-05-20,841.6599731445312,6.690000057220459
1997-05-21,839.3499755859375,6.724999904632568
1997-05-22,835.6599731445312,6.742000102996826
1997-05-23,847.030029296875,6.729000091552734
1997-05-27,849.7100219726562,6.7820000648498535
1997-05-28,847.2100219726562,6.7820000648498535
1997-05-29,844.0800170898438,6.73799991607666
1997-05-30,848.280029296875,6.663000106811523
1997-06-02,846.3599853515625,6.645999908447266
1997-06-03,845.47998046875,6.616000175476074
1997-06-04,840.1099853515625,6.611000061035156
1997-06-05,843.4299926757812,6.60699987411499
1997-06-06,858.010009765625,6.489999771118164
1997-06-09,862.9099731445312,6.538000106811523
1997-06-10,865.27001953125,6.550000190734863
1997-06-11,869.5700073242188,6.541999816894531
1997-06-12,883.4600219726562,6.464000225067139
1997-06-13,893.27001953125,6.413000106811523
1997-06-16,893.9000244140625,6.38700008392334
1997-06-17,894.4199829101562,6.413000106811523
1997-06-18,889.0599975585938,6.382999897003174
1997-06-19,897.989990234375,6.382999897003174
1997-06-20,898.7000122070312,6.35699987411499
1997-06-23,878.6199951171875,6.390999794006348
1997-06-24,896.3400268554688,6.39900016784668
1997-06-25,888.989990234375,6.434000015258789
1997-06-26,883.6799926757812,6.480999946594238
1997-06-27,887.2999877929688,6.446000099182129
1997-06-30,885.1400146484375,6.501999855041504
1997-07-01,891.030029296875,6.438000202178955
1997-07-02,904.030029296875,6.4029998779296875
1997-07-03,916.9199829101562,6.288000106811523
1997-07-07,912.2000122070312,6.25
1997-07-08,918.75,6.257999897003174
1997-07-09,907.5399780273438,6.232999801635742
1997-07-10,913.780029296875,6.241000175476074
1997-07-11,916.6799926757812,6.21999979019165
1997-07-14,918.3800048828125,6.236999988555908
1997-07-15,925.760009765625,6.244999885559082
1997-07-16,936.5900268554688,6.182000160217285
1997-07-17,931.6099853515625,6.181000232696533
1997-07-18,915.2999877929688,6.23199987411499
1997-07-21,912.9400024414062,6.252999782562256
1997-07-22,933.97998046875,6.14300012588501
1997-07-23,936.5599975585938,6.122000217437744
1997-07-24,940.2999877929688,6.135000228881836
1997-07-25,938.7899780273438,6.164000034332275
1997-07-28,936.4500122070312,6.138000011444092
1997-07-29,942.2899780273438,6.0879998207092285
1997-07-30,952.2899780273438,6.041999816894531
1997-07-31,954.3099975585938,6.004000186920166
1997-08-01,947.1400146484375,6.179999828338623
1997-08-04,950.2999877929688,6.214000225067139
1997-08-05,952.3699951171875,6.2220001220703125
1997-08-06,960.3200073242188,6.204999923706055
1997-08-07,951.1900024414062,6.2230000495910645
1997-08-08,933.5399780273438,6.363999843597412
1997-08-11,937.0,6.35099983215332
1997-08-12,926.530029296875,6.373000144958496
1997-08-13,922.02001953125,6.3429999351501465
1997-08-14,924.77001953125,6.261000156402588
1997-08-15,900.8099975585938,6.248000144958496
1997-08-18,912.489990234375,6.201000213623047
1997-08-19,926.010009765625,6.204999923706055
1997-08-20,939.3499755859375,6.2270002365112305
1997-08-21,925.0499877929688,6.290999889373779
1997-08-22,923.5399780273438,6.363999843597412
1997-08-25,920.1599731445312,6.381999969482422
1997-08-26,913.02001953125,6.373000144958496
1997-08-27,913.7000122070312,6.36899995803833
1997-08-28,903.6699829101562,6.290999889373779
1997-08-29,899.469970703125,6.329999923706055
1997-09-02,927.5800170898438,6.295000076293945
1997-09-03,927.8599853515625,6.303999900817871
1997-09-04,930.8699951171875,6.316999912261963
1997-09-05,929.0499877929688,6.3429999351501465
1997-09-08,931.2000122070312,6.316999912261963
1997-09-09,933.6199951171875,6.326000213623047
1997-09-10,919.030029296875,6.3429999351501465
1997-09-11,912.5900268554688,6.373000144958496
1997-09-12,923.9099731445312,6.2779998779296875
1997-09-15,919.77001953125,6.264999866485596
1997-09-16,945.6400146484375,6.093999862670898
1997-09-17,943.0,6.085999965667725
1997-09-18,947.2899780273438,6.090000152587891
1997-09-19,950.510009765625,6.077000141143799
1997-09-22,955.4299926757812,6.047999858856201
1997-09-23,951.9299926757812,6.080999851226807
1997-09-24,944.47998046875,6.034999847412109
1997-09-25,937.9099731445312,6.114999771118164
1997-09-26,945.219970703125,6.072999954223633
1997-09-29,953.3400268554688,6.080999851226807
1997-09-30,947.280029296875,6.10699987411499
1997-10-01,955.4099731445312,6.026000022888184
1997-10-02,960.4600219726562,6.000999927520752
1997-10-03,965.030029296875,5.995999813079834
1997-10-06,972.6900024414062,5.953999996185303
1997-10-07,983.1199951171875,5.925000190734863
1997-10-08,973.8400268554688,6.072999954223633
1997-10-09,970.6199951171875,6.080999851226807
1997-10-10,966.97998046875,6.136000156402588
1997-10-13,968.0999755859375,
1997-10-14,970.280029296875,6.059999942779541
1997-10-15,965.719970703125,6.093999862670898
1997-10-16,955.25,6.080999851226807
1997-10-17,944.1599731445312,6.144999980926514
1997-10-20,955.6099853515625,6.131999969482422
1997-10-21,972.280029296875,6.127999782562256
1997-10-22,968.489990234375,6.114999771118164
1997-10-23,950.6900024414062,6.017000198364258
1997-10-24,941.6400146484375,6.0
1997-10-27,876.989990234375,5.89900016784668
1997-10-28,921.8499755859375,5.966000080108643
1997-10-29,919.1599731445312,5.9029998779296875
1997-10-30,903.6799926757812,5.835999965667725
1997-10-31,914.6199951171875,5.818999767303467
1997-11-03,938.989990234375,5.894000053405762
1997-11-04,940.760009765625,5.935999870300293
1997-11-05,942.760009765625,5.932000160217285
1997-11-06,938.030029296875,5.888999938964844
1997-11-07,927.510009765625,5.885000228881836
1997-11-10,921.1300048828125,5.906000137329102
1997-11-11,923.780029296875,
1997-11-12,905.9600219726562,5.885000228881836
1997-11-13,916.6599731445312,5.860000133514404
1997-11-14,928.3499755859375,5.8470001220703125
1997-11-17,946.2000122070312,5.834000110626221
1997-11-18,938.22998046875,5.834000110626221
1997-11-19,944.5900268554688,5.801000118255615
1997-11-20,958.97998046875,5.826000213623047
1997-11-21,963.0900268554688,5.804999828338623
1997-11-24,946.6699829101562,5.85099983215332
1997-11-25,950.8200073242188,5.8379998207092285
1997-11-26,951.6400146484375,5.85099983215332
1997-11-28,955.4000244140625,5.85099983215332
1997-12-01,974.77001953125,5.8460001945495605
1997-12-02,971.6799926757812,5.8460001945495605
1997-12-03,976.77001953125,5.824999809265137
1997-12-04,973.0999755859375,5.834000110626221
1997-12-05,983.7899780273438,5.892000198364258
1997-12-08,982.3699951171875,5.942999839782715
1997-12-09,975.780029296875,5.939000129699707
1997-12-10,969.7899780273438,5.892000198364258
1997-12-11,954.9400024414062,5.811999797821045
1997-12-12,953.3900146484375,5.73199987411499
1997-12-15,963.3900146484375,5.765999794006348
1997-12-16,968.0399780273438,5.761000156402588
1997-12-17,965.5399780273438,5.790999889373779
1997-12-18,955.2999877929688,5.749000072479248
1997-12-19,946.780029296875,5.710999965667725
1997-12-22,953.7000122070312,5.710999965667725
1997-12-23,939.1300048828125,5.718999862670898
1997-12-24,932.7000122070312,5.7270002365112305
1997-12-26,936.4600219726562,5.735000133514404
1997-12-29,953.3499755859375,5.748000144958496
1997-12-30,970.8400268554688,5.785999774932861
1997-12-31,970.4299926757812,5.738999843597412
1998-01-02,975.0399780273438,5.65500020980835
1998-01-05,977.0700073242188,5.498000144958496
1998-01-06,966.5800170898438,5.4730000495910645
1998-01-07,964.0,5.5269999504089355
1998-01-08,956.0499877929688,5.465000152587891
1998-01-09,927.6900024414062,5.379000186920166
1998-01-12,939.2100219726562,5.369999885559082
1998-01-13,952.1199951171875,5.39900016784668
1998-01-14,957.9400024414062,5.439000129699707
1998-01-15,950.72998046875,5.460000038146973
1998-01-16,961.510009765625,5.513000011444092
1998-01-20,978.5999755859375,5.546000003814697
1998-01-21,970.8099975585938,5.525000095367432
1998-01-22,963.0399780273438,5.5329999923706055
1998-01-23,957.5900268554688,5.683000087738037
1998-01-26,956.9500122070312,5.616000175476074
1998-01-27,969.02001953125,5.683000087738037
1998-01-28,977.4600219726562,5.678999900817871
1998-01-29,985.489990234375,5.557000160217285
1998-01-30,980.280029296875,5.51200008392334
1998-02-02,1001.27001953125,5.557000160217285
1998-02-03,1006.0,5.545000076293945
1998-02-04,1006.9000244140625,5.548999786376953
1998-02-05,1003.5399780273438,5.598999977111816
1998-02-06,1012.4600219726562,5.6020002365112305
1998-02-09,1010.739990234375,5.639999866485596
1998-02-10,1019.010009765625,5.623000144958496
1998-02-11,1020.010009765625,5.572999954223633
1998-02-12,1024.1400146484375,5.525000095367432
1998-02-13,1020.0900268554688,5.474999904632568
1998-02-17,1022.760009765625,5.429999828338623
1998-02-18,1032.0799560546875,5.474999904632568
1998-02-19,1028.280029296875,5.495999813079834
1998-02-20,1034.2099609375,5.52400016784668
1998-02-23,1038.1400146484375,5.570000171661377
1998-02-24,1030.56005859375,5.673999786376953
1998-02-25,1042.9000244140625,5.616000175476074
1998-02-26,1048.6700439453125,5.640999794006348
1998-02-27,1049.3399658203125,5.616000175476074
1998-03-02,1047.699951171875,5.703000068664551
1998-03-03,1052.02001953125,5.754000186920166
1998-03-04,1047.3299560546875,5.75
1998-03-05,1035.050048828125,5.767000198364258
1998-03-06,1055.68994140625,5.711999893188477
1998-03-09,1052.31005859375,5.6570000648498535
1998-03-10,1064.25,5.6529998779296875
1998-03-11,1068.469970703125,5.616000175476074
1998-03-12,1069.9200439453125,5.552999973297119
1998-03-13,1068.6099853515625,5.570000171661377
1998-03-16,1079.27001953125,5.5279998779296875
1998-03-17,1080.449951171875,5.548999786376953
1998-03-18,1085.52001953125,5.560999870300293
1998-03-19,1089.739990234375,5.573999881744385
1998-03-20,1099.1600341796875,5.560999870300293
1998-03-23,1095.550048828125,5.560999870300293
1998-03-24,1105.6500244140625,5.560999870300293
1998-03-25,1101.9300537109375,5.624000072479248
1998-03-26,1100.800048828125,5.6579999923706055
1998-03-27,1095.43994140625,5.670000076293945
1998-03-30,1093.5999755859375,5.703999996185303
1998-03-31,1101.75,5.6620001792907715
1998-04-01,1108.1500244140625,5.603000164031982
1998-04-02,1120.010009765625,5.545000076293945
1998-04-03,1122.699951171875,5.453000068664551
1998-04-06,1121.3800048828125,5.494999885559082
1998-04-07,1109.550048828125,5.515999794006348
1998-04-08,1101.6500244140625,5.570000171661377
1998-04-09,1110.6700439453125,5.573999881744385
1998-04-13,1109.68994140625,5.64900016784668
1998-04-14,1115.75,5.616000175476074
1998-04-15,1119.3199462890625,5.59499979019165
1998-04-16,1108.1700439453125,5.573999881744385
1998-04-17,1122.719970703125,5.578000068664551
1998-04-20,1123.6500244140625,5.629000186920166
1998-04-21,1126.6700439453125,5.666999816894531
1998-04-22,1130.5400390625,5.671000003814697
1998-04-23,1119.5799560546875,5.675000190734863
1998-04-24,1107.9000244140625,5.6539998054504395
1998-04-27,1086.5400390625,5.789999961853027
1998-04-28,1085.1099853515625,5.794000148773193
1998-04-29,1094.6199951171875,5.798999786376953
1998-04-30,1111.75,5.666999816894531
1998-05-01,1121.0,5.6539998054504395
1998-05-04,1122.0699462890625,5.6539998054504395
1998-05-05,1115.5,5.684000015258789
1998-05-06,1104.9200439453125,5.658999919891357
1998-05-07,1095.1400146484375,5.658999919891357
1998-05-08,1108.1400146484375,5.697000026702881
1998-05-11,1106.6400146484375,5.769000053405762
1998-05-12,1115.7900390625,5.688000202178955
1998-05-13,1118.8599853515625,5.666999816894531
1998-05-14,1117.3699951171875,5.665999889373779
1998-05-15,1108.72998046875,5.670000076293945
1998-05-18,1105.8199462890625,5.629000186920166
1998-05-19,1109.52001953125,5.645999908447266
1998-05-20,1119.06005859375,5.599999904632568
1998-05-21,1114.6400146484375,5.640999794006348
1998-05-22,1110.469970703125,5.625
1998-05-26,1094.02001953125,5.574999809265137
1998-05-27,1092.22998046875,5.546000003814697
1998-05-28,1097.5999755859375,5.571000099182129
1998-05-29,1090.8199462890625,5.546000003814697
1998-06-01,1090.97998046875,5.520999908447266
1998-06-02,1093.219970703125,5.550000190734863
1998-06-03,1082.72998046875,5.558000087738037
1998-06-04,1094.8299560546875,5.583000183105469
1998-06-05,1113.8599853515625,5.571000099182129
1998-06-08,1115.719970703125,5.574999809265137
1998-06-09,1118.4100341796875,5.574999809265137
1998-06-10,1112.280029296875,5.500999927520752
1998-06-11,1094.5799560546875,5.431000232696533
1998-06-12,1098.8399658203125,5.409999847412109
1998-06-15,1077.010009765625,5.369999885559082
1998-06-16,1087.5899658203125,5.431000232696533
1998-06-17,1107.1099853515625,5.5289998054504395
1998-06-18,1106.3699951171875,5.492000102996826
1998-06-19,1100.6500244140625,5.459000110626221
1998-06-22,1103.2099609375,5.451000213623047
1998-06-23,1119.489990234375,5.438000202178955
1998-06-24,1132.8800048828125,5.451000213623047
1998-06-25,1129.280029296875,5.459000110626221
1998-06-26,1133.199951171875,5.441999912261963
1998-06-29,1138.489990234375,5.459000110626221
1998-06-30,1133.8399658203125,5.434000015258789
1998-07-01,1148.56005859375,5.426000118255615
1998-07-02,1146.4200439453125,5.401000022888184
1998-07-06,1157.3299560546875,5.38100004196167
1998-07-07,1154.6600341796875,5.40500020980835
1998-07-08,1166.3800048828125,5.421000003814697
1998-07-09,1158.56005859375,5.39300012588501
1998-07-10,1164.3299560546875,5.40500020980835
1998-07-13,1165.18994140625,5.449999809265137
1998-07-14,1177.5799560546875,5.473999977111816
1998-07-15,1174.81005859375,5.46999979019165
1998-07-16,1183.989990234375,5.486999988555908
1998-07-17,1186.75,5.499000072479248
1998-07-20,1184.0999755859375,5.466000080108643
1998-07-21,1165.0699462890625,5.436999797821045
1998-07-22,1164.0799560546875,5.445000171661377
1998-07-23,1139.75,5.428999900817871
1998-07-24,1140.800048828125,5.440999984741211
1998-07-27,1147.27001953125,5.453000068664551
1998-07-28,1130.239990234375,5.478000164031982
1998-07-29,1125.2099609375,5.511000156402588
1998-07-30,1142.949951171875,5.489999771118164
1998-07-31,1120.6700439453125,5.49399995803833
1998-08-03,1112.43994140625,5.445000171661377
1998-08-04,1072.1199951171875,5.427999973297119
1998-08-05,1081.4300537109375,5.420000076293945
1998-08-06,1089.6300048828125,5.432000160217285
1998-08-07,1089.449951171875,5.38700008392334
1998-08-10,1083.1400146484375,5.39900016784668
1998-08-11,1068.97998046875,5.361999988555908
1998-08-12,1084.219970703125,5.38700008392334
1998-08-13,1074.9100341796875,5.423999786376953
1998-08-14,1062.75,5.386000156402588
1998-08-17,1083.6700439453125,5.389999866485596
1998-08-18,1101.199951171875,5.4029998779296875
1998-08-19,1098.06005859375,5.410999774932861
1998-08-20,1091.5999755859375,5.374000072479248
1998-08-21,1081.239990234375,5.315999984741211
1998-08-24,1088.1400146484375,5.2870001792907715
1998-08-25,1092.8499755859375,5.23799991607666
1998-08-26,1084.18994140625,5.190000057220459
1998-08-27,1042.5899658203125,5.10099983215332
1998-08-28,1027.1400146484375,5.079999923706055
1998-08-31,957.280029296875,5.0320000648498535
1998-09-01,994.260009765625,5.035999774932861
1998-09-02,990.47998046875,5.076000213623047
1998-09-03,982.260009765625,5.019999980926514
1998-09-04,973.8900146484375,4.999000072479248
1998-09-08,1023.4600219726562,5.031000137329102
1998-09-09,1006.2000122070312,4.934999942779541
1998-09-10,980.1900024414062,4.73799991607666
1998-09-11,1009.0599975585938,4.823999881744385
1998-09-14,1029.719970703125,4.8470001220703125
1998-09-15,1037.6800537109375,4.875
1998-09-16,1045.47998046875,4.85099983215332
1998-09-17,1018.8699951171875,4.76800012588501
1998-09-18,1020.0900268554688,4.677999973297119
1998-09-21,1023.8900146484375,4.6579999923706055
1998-09-22,1029.6300048828125,4.7129998207092285
1998-09-23,1066.0899658203125,4.6579999923706055
1998-09-24,1042.719970703125,4.60699987411499
1998-09-25,1044.75,4.576000213623047
1998-09-28,1048.68994140625,4.586999893188477
1998-09-29,1049.02001953125,4.564000129699707
1998-09-30,1017.010009765625,4.409999847412109
1998-10-01,986.3900146484375,4.303999900817871
1998-10-02,1002.5999755859375,4.28000020980835
1998-10-05,988.5599975585938,4.14900016784668
1998-10-06,984.5900268554688,4.21999979019165
1998-10-07,970.6799926757812,4.39300012588501
1998-10-08,959.4400024414062,4.546000003814697
1998-10-09,984.3900146484375,4.771999835968018
1998-10-12,997.7100219726562,
1998-10-13,994.7999877929688,4.723999977111816
1998-10-14,1005.530029296875,4.556000232696533
1998-10-15,1047.489990234375,4.559999942779541
1998-10-16,1056.4200439453125,4.416999816894531
1998-10-19,1062.3900146484375,4.435999870300293
1998-10-20,1063.9300537109375,4.519999980926514
1998-10-21,1069.9200439453125,4.551000118255615
1998-10-22,1078.47998046875,4.581999778747559
1998-10-23,1070.6700439453125,4.663000106811523
1998-10-26,1072.3199462890625,4.697999954223633
1998-10-27,1065.3399658203125,4.589000225067139
1998-10-28,1068.0899658203125,4.577000141143799
1998-10-29,1085.9300537109375,4.506999969482422
1998-10-30,1098.6700439453125,4.603000164031982
1998-11-02,1111.5999755859375,4.74399995803833
1998-11-03,1110.8399658203125,4.739999771118164
1998-11-04,1118.6700439453125,4.879000186920166
1998-11-05,1133.8499755859375,4.817999839782715
1998-11-06,1141.010009765625,4.921999931335449
1998-11-09,1130.199951171875,4.866000175476074
1998-11-10,1128.260009765625,4.817999839782715
1998-11-11,1120.969970703125,
1998-11-12,1117.68994140625,4.769999980926514
1998-11-13,1125.719970703125,4.806000232696533
1998-11-16,1135.8699951171875,4.8379998207092285
1998-11-17,1139.3199462890625,4.849999904632568
1998-11-18,1144.47998046875,4.8420000076293945
1998-11-19,1152.6099853515625,4.8460001945495605
1998-11-20,1163.550048828125,4.809999942779541
1998-11-23,1188.2099609375,4.829999923706055
1998-11-24,1182.989990234375,4.8420000076293945
1998-11-25,1186.8699951171875,4.822000026702881
1998-11-27,1192.3299560546875,4.802000045776367
1998-11-30,1163.6300048828125,4.72599983215332
1998-12-01,1175.280029296875,4.658999919891357
1998-12-02,1171.25,4.567999839782715
1998-12-03,1150.1400146484375,4.564000129699707
1998-12-04,1176.739990234375,4.60699987411499
1998-12-07,1187.699951171875,4.677999973297119
1998-12-08,1181.3800048828125,4.59499979019165
1998-12-09,1183.489990234375,4.547999858856201
1998-12-10,1165.02001953125,4.520999908447266
1998-12-11,1166.4599609375,4.603000164031982
1998-12-14,1141.199951171875,4.576000213623047
1998-12-15,1162.8299560546875,4.61899995803833
1998-12-16,1161.93994140625,4.571000099182129
1998-12-17,1179.97998046875,4.559999942779541
1998-12-18,1188.030029296875,4.571000099182129
1998-12-21,1202.8399658203125,4.625999927520752
1998-12-22,1203.5699462890625,4.690000057220459
1998-12-23,1228.5400390625,4.781000137329102
1998-12-24,1226.27001953125,4.8460001945495605
1998-12-28,1225.489990234375,4.769000053405762
1998-12-29,1241.81005859375,4.701000213623047
1998-12-30,1231.9300537109375,4.642000198364258
1998-12-31,1229.22998046875,4.638000011444092
1999-01-04,1228.0999755859375,4.677000045776367
1999-01-05,1244.780029296875,4.729000091552734
1999-01-06,1272.3399658203125,4.7210001945495605
1999-01-07,1269.72998046875,4.764999866485596
1999-01-08,1275.0899658203125,4.8420000076293945
1999-01-11,1263.8800048828125,4.874000072479248
1999-01-12,1239.510009765625,4.809999942779541
1999-01-13,1234.4000244140625,4.7210001945495605
1999-01-14,1212.18994140625,4.613999843597412
1999-01-15,1243.260009765625,4.669000148773193
1999-01-19,1252.0,4.701000213623047
1999-01-20,1256.6199951171875,4.744999885559082
1999-01-21,1235.1600341796875,4.689000129699707
1999-01-22,1225.18994140625,4.629000186920166
1999-01-25,1233.97998046875,4.6529998779296875
1999-01-26,1252.31005859375,4.681000232696533
1999-01-27,1243.1700439453125,4.672999858856201
1999-01-28,1265.3699951171875,4.664999961853027
1999-01-29,1279.6400146484375,4.6529998779296875
1999-02-01,1273.0,4.744999885559082
1999-02-02,1261.989990234375,4.784999847412109
1999-02-03,1272.0699462890625,4.822000026702881
1999-02-04,1248.489990234375,4.88700008392334
1999-02-05,1239.4000244140625,4.932000160217285
1999-02-08,1243.77001953125,4.923999786376953
1999-02-09,1216.1400146484375,4.890999794006348
1999-02-10,1223.550048828125,4.900000095367432
1999-02-11,1254.0400390625,4.9079999923706055
1999-02-12,1230.1300048828125,5.052000045776367
1999-02-16,1241.8699951171875,5.0279998779296875
1999-02-17,1224.030029296875,4.978000164031982
1999-02-18,1237.280029296875,5.0279998779296875
1999-02-19,1239.219970703125,5.060999870300293
1999-02-22,1272.1400146484375,5.015999794006348
1999-02-23,1271.1800537109375,5.078000068664551
1999-02-24,1253.4100341796875,5.1620001792907715
1999-02-25,1245.02001953125,5.293000221252441
1999-02-26,1238.3299560546875,5.271999835968018
1999-03-01,1236.1600341796875,5.383999824523926
1999-03-02,1225.5,5.341000080108643
1999-03-03,1227.699951171875,5.375999927520752
1999-03-04,1246.6400146484375,5.401000022888184
1999-03-05,1275.469970703125,5.315999984741211
1999-03-08,1282.72998046875,5.2779998779296875
1999-03-09,1279.8399658203125,5.171999931335449
1999-03-10,1286.8399658203125,5.189000129699707
1999-03-11,1297.6800537109375,5.197000026702881
1999-03-12,1294.5899658203125,5.151000022888184
1999-03-15,1307.260009765625,5.130000114440918
1999-03-16,1306.3800048828125,5.0970001220703125
1999-03-17,1297.8199462890625,5.122000217437744
1999-03-18,1316.550048828125,5.10099983215332
1999-03-19,1299.2900390625,5.1479997634887695
1999-03-22,1297.010009765625,5.193999767303467
1999-03-23,1262.1400146484375,5.185999870300293
1999-03-24,1268.5899658203125,5.156000137329102
1999-03-25,1289.989990234375,5.203000068664551
1999-03-26,1282.800048828125,5.198999881744385
1999-03-29,1310.1700439453125,5.258999824523926
1999-03-30,1300.75,5.190999984741211
1999-03-31,1286.3699951171875,5.234000205993652
1999-04-01,1293.719970703125,5.271999835968018
1999-04-05,1321.1199951171875,5.183000087738037
1999-04-06,1317.8900146484375,5.119999885559082
1999-04-07,1326.8900146484375,5.124000072479248
1999-04-08,1343.97998046875,5.019000053405762
1999-04-09,1348.3499755859375,5.035999774932861
1999-04-12,1358.6300048828125,5.039999961853027
1999-04-13,1349.8199462890625,5.098999977111816
1999-04-14,1328.43994140625,5.111999988555908
1999-04-15,1322.8499755859375,5.150000095367432
1999-04-16,1319.0,5.205999851226807
1999-04-19,1289.47998046875,5.168000221252441
1999-04-20,1306.1700439453125,5.133999824523926
1999-04-21,1336.1199951171875,5.133999824523926
1999-04-22,1358.8199462890625,5.236000061035156
1999-04-23,1356.8499755859375,5.236999988555908
1999-04-26,1360.0400390625,5.210999965667725
1999-04-27,1362.800048828125,5.206999778747559
1999-04-28,1350.9100341796875,5.241000175476074
1999-04-29,1342.8299560546875,5.190000057220459
1999-04-30,1335.1800537109375,5.349999904632568
1999-05-03,1354.6300048828125,5.359000205993652
1999-05-04,1332.0,5.4070000648498535
1999-05-05,1347.31005859375,5.385000228881836
1999-05-06,1332.050048828125,5.494999885559082
1999-05-07,1345.0,5.534999847412109
1999-05-10,1340.300048828125,5.513999938964844
1999-05-11,1355.6099853515625,5.571000099182129
1999-05-12,1364.0,5.558000087738037
1999-05-13,1367.56005859375,5.389999866485596
1999-05-14,1337.800048828125,5.603000164031982
1999-05-17,1339.489990234375,5.64900016784668
1999-05-18,1333.3199462890625,5.660999774932861
1999-05-19,1344.22998046875,5.59499979019165
1999-05-20,1338.8299560546875,5.581999778747559
1999-05-21,1330.2900390625,5.515999794006348
1999-05-24,1306.6500244140625,5.492000102996826
1999-05-25,1284.4000244140625,5.479000091552734
1999-05-26,1304.760009765625,5.5370001792907715
1999-05-27,1281.4100341796875,5.611999988555908
1999-05-28,1301.8399658203125,5.611000061035156
1999-06-01,1294.260009765625,5.765999794006348
1999-06-02,1294.81005859375,5.7829999923706055
1999-06-03,1299.5400390625,5.788000106811523
1999-06-04,1327.75,5.809000015258789
1999-06-07,1334.52001953125,5.796000003814697
1999-06-08,1317.3299560546875,5.817999839782715
1999-06-09,1318.6400146484375,5.855999946594238
1999-06-10,1302.8199462890625,5.915999889373779
1999-06-11,1293.6400146484375,5.998000144958496
1999-06-14,1294.0,5.9679999351501465
1999-06-15,1301.1600341796875,5.959000110626221
1999-06-16,1330.4100341796875,5.938000202178955
1999-06-17,1339.9000244140625,5.776000022888184
1999-06-18,1342.8399658203125,5.822000026702881
1999-06-21,1349.0,5.890999794006348
1999-06-22,1335.8800048828125,5.929999828338623
1999-06-23,1333.06005859375,6.002999782562256
1999-06-24,1315.780029296875,6.0289998054504395
1999-06-25,1315.31005859375,6.01200008392334
1999-06-28,1331.3499755859375,5.958000183105469
1999-06-29,1351.449951171875,5.926000118255615
1999-06-30,1372.7099609375,5.809999942779541
1999-07-01,1380.9599609375,5.840000152587891
1999-07-02,1391.219970703125,5.822999954223633
1999-07-06,1388.1199951171875,5.866000175476074
1999-07-07,1395.8599853515625,5.892000198364258
1999-07-08,1394.4200439453125,5.831999778747559
1999-07-09,1403.280029296875,5.822999954223633
1999-07-12,1399.0999755859375,5.7210001945495605
1999-07-13,1393.56005859375,5.691999912261963
1999-07-14,1398.1700439453125,5.7210001945495605
1999-07-15,1409.6199951171875,5.709000110626221
1999-07-16,1418.780029296875,5.671000003814697
1999-07-19,1407.6500244140625,5.650000095367432
1999-07-20,1377.0999755859375,5.629000186920166
1999-07-21,1379.2900390625,5.650000095367432
1999-07-22,1360.969970703125,5.769000053405762
1999-07-23,1356.93994140625,5.828999996185303
1999-07-26,1347.760009765625,5.8460001945495605
1999-07-27,1362.8399658203125,5.798999786376953
1999-07-28,1365.4000244140625,5.785999774932861
1999-07-29,1341.030029296875,5.86299991607666
1999-07-30,1328.719970703125,5.9070000648498535
1999-08-02,1328.050048828125,5.910999774932861
1999-08-03,1322.1800537109375,5.941999912261963
1999-08-04,1305.3299560546875,5.946000099182129
1999-08-05,1313.7099609375,5.876999855041504
1999-08-06,1300.2900390625,6.006999969482422
1999-08-09,1297.800048828125,6.118000030517578
1999-08-10,1281.4300537109375,6.144000053405762
1999-08-11,1301.9300537109375,6.109000205993652
1999-08-12,1298.1600341796875,6.066999912261963
1999-08-13,1327.6800537109375,5.974999904632568
1999-08-16,1330.77001953125,5.966000080108643
1999-08-17,1344.1600341796875,5.874000072479248
1999-08-18,1332.8399658203125,5.866000175476074
1999-08-19,1323.5899658203125,5.882999897003174
1999-08-20,1336.6099853515625,5.869999885559082
1999-08-23,1360.219970703125,5.882999897003174
1999-08-24,1363.5,5.836999893188477
1999-08-25,1381.7900390625,5.7170000076293945
1999-08-26,1362.010009765625,5.73799991607666
1999-08-27,1348.27001953125,5.841000080108643
1999-08-30,1324.02001953125,5.940999984741211
1999-08-31,1320.4100341796875,5.979000091552734
1999-09-01,1331.0699462890625,5.973999977111816
1999-09-02,1319.1099853515625,6.01200008392334
1999-09-03,1357.239990234375,5.882999897003174
1999-09-07,1350.449951171875,5.936999797821045
1999-09-08,1344.1500244140625,5.920000076293945
1999-09-09,1347.6600341796875,5.958000183105469
1999-09-10,1351.6600341796875,5.890999794006348
1999-09-13,1344.1300048828125,5.9079999923706055
1999-09-14,1336.2900390625,5.949999809265137
1999-09-15,1317.969970703125,5.928999900817871
1999-09-16,1318.47998046875,5.890999794006348
1999-09-17,1335.4200439453125,5.854000091552734
1999-09-20,1335.530029296875,5.9019999504089355
1999-09-21,1307.5799560546875,5.922999858856201
1999-09-22,1310.510009765625,5.914999961853027
1999-09-23,1280.4100341796875,5.8520002365112305
1999-09-24,1277.3599853515625,5.738999843597412
1999-09-27,1283.31005859375,5.817999839782715
1999-09-28,1282.199951171875,5.872000217437744
1999-09-29,1268.3699951171875,5.947999954223633
1999-09-30,1282.7099609375,5.885000228881836
1999-10-01,1282.81005859375,5.986000061035156
1999-10-04,1304.5999755859375,5.934999942779541
1999-10-05,1301.3499755859375,6.019999980926514
1999-10-06,1325.4000244140625,6.0329999923706055
1999-10-07,1317.6400146484375,6.0329999923706055
1999-10-08,1336.02001953125,6.02400016784668
1999-10-11,1335.2099609375,
1999-10-12,1313.0400390625,6.058000087738037
1999-10-13,1285.550048828125,6.113999843597412
1999-10-14,1283.4200439453125,6.1570000648498535
1999-10-15,1247.4100341796875,6.066999912261963
1999-10-18,1254.1300048828125,6.110000133514404
1999-10-19,1261.3199462890625,6.165999889373779
1999-10-20,1289.4300537109375,6.178999900817871
1999-10-21,1283.6099853515625,6.183000087738037
1999-10-22,1301.6500244140625,6.191999912261963
1999-10-25,1293.6300048828125,6.204999923706055
1999-10-26,1281.9100341796875,6.2270002365112305
1999-10-27,1296.7099609375,6.183000087738037
1999-10-28,1342.43994140625,6.105999946594238
1999-10-29,1362.9300537109375,6.002999782562256
1999-11-01,1354.1199951171875,6.046000003814697
1999-11-02,1347.739990234375,6.019999980926514
1999-11-03,1354.9300537109375,5.999000072479248
1999-11-04,1362.6400146484375,5.942999839782715
1999-11-05,1370.22998046875,5.90500020980835
1999-11-08,1377.010009765625,5.934999942779541
1999-11-09,1365.280029296875,5.947000026702881
1999-11-10,1373.4599609375,5.980999946594238
1999-11-11,1381.4599609375,
1999-11-12,1396.06005859375,5.913000106811523
1999-11-15,1394.3900146484375,5.916999816894531
1999-11-16,1420.0699462890625,5.952000141143799
1999-11-17,1410.7099609375,6.02400016784668
1999-11-18,1424.93994140625,6.050000190734863
1999-11-19,1422.0,6.050000190734863
1999-11-22,1420.93994140625,6.085000038146973
1999-11-23,1404.6400146484375,6.076000213623047
1999-11-24,1417.0799560546875,6.076000213623047
1999-11-26,1416.6199951171875,6.105999946594238
1999-11-29,1407.8299560546875,6.189000129699707
1999-11-30,1388.9100341796875,6.163000106811523
1999-12-01,1397.719970703125,6.192999839782715
1999-12-02,1409.0400390625,6.223999977111816
1999-12-03,1433.300048828125,6.163000106811523
1999-12-06,1423.3299560546875,6.140999794006348
1999-12-07,1409.1700439453125,6.0980000495910645
1999-12-08,1403.8800048828125,6.132999897003174
1999-12-09,1408.1099853515625,6.119999885559082
1999-12-10,1417.0400390625,6.067999839782715
1999-12-13,1415.219970703125,6.089000225067139
1999-12-14,1403.1700439453125,6.203000068664551
1999-12-15,1413.3299560546875,6.242000102996826
1999-12-16,1418.780029296875,6.295000076293945
1999-12-17,1421.030029296875,6.2870001792907715
1999-12-20,1418.0899658203125,6.340000152587891
1999-12-21,1433.4300537109375,6.357999801635742
1999-12-22,1436.1300048828125,6.375999927520752
1999-12-23,1458.3399658203125,6.394000053405762
1999-12-27,1457.0999755859375,6.385000228881836
1999-12-28,1457.6600341796875,6.416999816894531
1999-12-29,1463.4599609375,6.386000156402588
1999-12-30,1464.469970703125,6.368000030517578
1999-12-31,1469.25,6.434999942779541
2000-01-03,1455.219970703125,6.547999858856201
2000-01-04,1399.4200439453125,6.485000133514404
2000-01-05,1402.1099853515625,6.598999977111816
2000-01-06,1403.449951171875,6.548999786376953
2000-01-07,1441.469970703125,6.504000186920166
2000-01-10,1457.5999755859375,6.558000087738037
2000-01-11,1438.56005859375,6.664000034332275
2000-01-12,1432.25,6.696000099182129
2000-01-13,1449.6800537109375,6.618000030517578
2000-01-14,1465.1500244140625,6.673999786376953
2000-01-18,1455.1400146484375,6.748000144958496
2000-01-19,1455.9000244140625,6.724999904632568
2000-01-20,1445.5699462890625,6.748000144958496
2000-01-21,1441.3599853515625,6.781000137329102
2000-01-24,1401.530029296875,6.684000015258789
2000-01-25,1410.030029296875,6.684000015258789
2000-01-26,1404.0899658203125,6.679999828338623
2000-01-27,1398.56005859375,6.684999942779541
2000-01-28,1360.1600341796875,6.6479997634887695
2000-01-31,1394.4599609375,6.666999816894531
2000-02-01,1409.280029296875,6.617000102996826
2000-02-02,1409.1199951171875,6.5980000495910645
2000-02-03,1424.969970703125,6.474999904632568
2000-02-04,1424.3699951171875,6.517000198364258
2000-02-07,1424.239990234375,6.63100004196167
2000-02-08,1441.719970703125,6.598999977111816
2000-02-09,1411.7099609375,6.669000148773193
2000-02-10,1416.8299560546875,6.656000137329102
2000-02-11,1387.1199951171875,6.620999813079834
2000-02-14,1389.93994140625,6.539000034332275
2000-02-15,1402.050048828125,6.552000045776367
2000-02-16,1387.6700439453125,6.546999931335449
2000-02-17,1388.260009765625,6.568999767303467
2000-02-18,1346.0899658203125,6.482999801635742
2000-02-22,1352.1700439453125,6.3420000076293945
2000-02-23,1360.68994140625,6.427000045776367
2000-02-24,1353.4300537109375,6.3460001945495605
2000-02-25,1333.3599853515625,6.341000080108643
2000-02-28,1348.050048828125,6.414000034332275
2000-02-29,1366.4200439453125,6.408999919891357
2000-03-01,1379.18994140625,6.379000186920166
2000-03-02,1381.760009765625,6.395999908447266
2000-03-03,1409.1700439453125,6.370999813079834
2000-03-06,1391.280029296875,6.408999919891357
2000-03-07,1355.6199951171875,6.382999897003174
2000-03-08,1366.699951171875,6.375
2000-03-09,1401.68994140625,6.341000080108643
2000-03-10,1395.0699462890625,6.38700008392334
2000-03-13,1383.6199951171875,6.361999988555908
2000-03-14,1359.1500244140625,6.297999858856201
2000-03-15,1392.1400146484375,6.276000022888184
2000-03-16,1458.469970703125,6.23799991607666
2000-03-17,1464.469970703125,6.188000202178955
2000-03-20,1456.6300048828125,6.171000003814697
2000-03-21,1493.8699951171875,6.13700008392334
2000-03-22,1500.6400146484375,6.119999885559082
2000-03-23,1527.3499755859375,6.070000171661377
2000-03-24,1527.4599609375,6.173999786376953
2000-03-27,1523.8599853515625,6.195000171661377
2000-03-28,1507.72998046875,6.170000076293945
2000-03-29,1508.52001953125,6.14900016784668
2000-03-30,1487.9200439453125,6.065000057220459
2000-03-31,1498.5799560546875,6.0229997634887695
2000-04-03,1505.969970703125,5.986000061035156
2000-04-04,1494.72998046875,5.841000080108643
2000-04-05,1487.3699951171875,5.881999969482422
2000-04-06,1501.3399658203125,5.914999961853027
2000-04-07,1516.3499755859375,5.848999977111816
2000-04-10,1504.4599609375,5.791999816894531
2000-04-11,1500.5899658203125,5.876999855041504
2000-04-12,1467.1700439453125,5.9679999351501465
2000-04-13,1440.510009765625,5.914000034332275
2000-04-14,1356.56005859375,5.885000228881836
2000-04-17,1401.43994140625,5.992000102996826
2000-04-18,1441.6099853515625,6.046000003814697
2000-04-19,1427.469970703125,5.974999904632568
2000-04-20,1434.5400390625,5.98799991607666
2000-04-24,1429.8599853515625,5.986999988555908
2000-04-25,1477.43994140625,6.117000102996826
2000-04-26,1460.989990234375,6.130000114440918
2000-04-27,1464.9200439453125,6.235000133514404
2000-04-28,1452.4300537109375,6.214000225067139
2000-05-01,1468.25,6.255000114440918
2000-05-02,1446.2900390625,6.311999797821045
2000-05-03,1415.0999755859375,6.4029998779296875
2000-05-04,1409.5699462890625,6.446000099182129
2000-05-05,1432.6300048828125,6.506999969482422
2000-05-08,1424.1700439453125,6.559999942779541
2000-05-09,1412.1400146484375,6.52400016784668
2000-05-10,1383.050048828125,6.436999797821045
2000-05-11,1407.81005859375,6.4070000648498535
2000-05-12,1420.9599609375,6.498000144958496
2000-05-15,1452.3599853515625,6.459000110626221
2000-05-16,1466.0400390625,6.4019999504089355
2000-05-17,1447.800048828125,6.4629998207092285
2000-05-18,1437.2099609375,6.546000003814697
2000-05-19,1406.949951171875,6.511000156402588
2000-05-22,1400.719970703125,6.420000076293945
2000-05-23,1373.8599853515625,6.446000099182129
2000-05-24,1399.050048828125,6.459000110626221
2000-05-25,1381.52001953125,6.372000217437744
2000-05-26,1378.02001953125,6.320000171661377
2000-05-30,1422.449951171875,6.367000102996826
2000-05-31,1420.5999755859375,6.284999847412109
2000-06-01,1448.81005859375,6.195000171661377
2000-06-02,1477.260009765625,6.1479997634887695
2000-06-05,1467.6300048828125,6.10099983215332
2000-06-06,1457.8399658203125,6.126999855041504
2000-06-07,1471.3599853515625,6.113999843597412
2000-06-08,1461.6700439453125,6.105000019073486
2000-06-09,1456.949951171875,6.11299991607666
2000-06-12,1446.0,6.074999809265137
2000-06-13,1469.43994140625,6.10099983215332
2000-06-14,1470.5400390625,6.040999889373779
2000-06-15,1478.72998046875,6.0370001792907715
2000-06-16,1464.4599609375,5.968999862670898
2000-06-19,1486.0,5.989999771118164
2000-06-20,1475.949951171875,6.014999866485596
2000-06-21,1479.1300048828125,6.0960001945495605
2000-06-22,1452.1800537109375,6.11299991607666
2000-06-23,1441.47998046875,6.177000045776367
2000-06-26,1455.31005859375,6.09499979019165
2000-06-27,1450.550048828125,6.078000068664551
2000-06-28,1454.8199462890625,6.104000091552734
2000-06-29,1442.3900146484375,6.031000137329102
2000-06-30,1454.5999755859375,6.01800012588501
2000-07-03,1469.5400390625,5.980000019073486
2000-07-05,1446.22998046875,5.97599983215332
2000-07-06,1456.6700439453125,6.031000137329102
2000-07-07,1478.9000244140625,5.997000217437744
2000-07-10,1475.6199951171875,6.026000022888184
2000-07-11,1480.8800048828125,6.047999858856201
2000-07-12,1492.9200439453125,6.077000141143799
2000-07-13,1495.8399658203125,5.992000102996826
2000-07-14,1509.97998046875,6.093999862670898
2000-07-17,1510.489990234375,6.145999908447266
2000-07-18,1493.739990234375,6.140999794006348
2000-07-19,1481.9599609375,6.150000095367432
2000-07-20,1495.5699462890625,6.013000011444092
2000-07-21,1480.18994140625,6.0
2000-07-24,1464.2900390625,6.025000095367432
2000-07-25,1474.469970703125,6.020999908447266
2000-07-26,1452.4200439453125,6.020999908447266
2000-07-27,1449.6199951171875,6.0
2000-07-28,1419.8900146484375,6.025000095367432
2000-07-31,1430.8299560546875,6.0289998054504395
2000-08-01,1438.0999755859375,5.991000175476074
2000-08-02,1438.699951171875,5.968999862670898
2000-08-03,1452.56005859375,5.943999767303467
2000-08-04,1462.9300537109375,5.901000022888184
2000-08-07,1479.3199462890625,5.947999954223633
2000-08-08,1482.800048828125,5.914000034332275
2000-08-09,1472.8699951171875,5.908999919891357
2000-08-10,1460.25,5.75
2000-08-11,1471.8399658203125,5.7870001792907715
2000-08-14,1491.56005859375,5.770999908447266
2000-08-15,1484.4300537109375,5.800000190734863
2000-08-16,1479.8499755859375,5.816999912261963
2000-08-17,1496.0699462890625,5.803999900817871
2000-08-18,1491.719970703125,5.765999794006348
2000-08-21,1499.47998046875,5.770999908447266
2000-08-22,1498.1300048828125,5.76200008392334
2000-08-23,1505.969970703125,5.724999904632568
2000-08-24,1508.31005859375,5.716000080108643
2000-08-25,1506.449951171875,5.7210001945495605
2000-08-28,1514.0899658203125,5.765999794006348
2000-08-29,1509.8399658203125,5.808000087738037
2000-08-30,1502.5899658203125,5.800000190734863
2000-08-31,1517.6800537109375,5.729000091552734
2000-09-01,1520.77001953125,5.675000190734863
2000-09-05,1507.0799560546875,5.683000087738037
2000-09-06,1492.25,5.711999893188477
2000-09-07,1502.510009765625,5.749000072479248
2000-09-08,1494.5,5.723999977111816
2000-09-11,1489.260009765625,5.757999897003174
2000-09-12,1481.989990234375,5.769999980926514
2000-09-13,1484.9100341796875,5.728000164031982
2000-09-14,1480.8699951171875,5.77400016784668
2000-09-15,1465.81005859375,5.833000183105469
2000-09-18,1444.510009765625,5.870999813079834
2000-09-19,1459.9000244140625,5.849999904632568
2000-09-20,1451.3399658203125,5.892000198364258
2000-09-21,1449.050048828125,5.870999813079834
2000-09-22,1448.719970703125,5.828999996185303
2000-09-25,1439.030029296875,5.833000183105469
2000-09-26,1427.2099609375,5.798999786376953
2000-09-27,1426.5699462890625,5.820000171661377
2000-09-28,1458.2900390625,5.811999797821045
2000-09-29,1436.510009765625,5.7779998779296875
2000-10-02,1436.22998046875,5.820000171661377
2000-10-03,1426.4599609375,5.867000102996826
2000-10-04,1434.3199462890625,5.892000198364258
2000-10-05,1436.280029296875,5.854000091552734
2000-10-06,1408.989990234375,5.815999984741211
2000-10-09,1402.030029296875,5.815999984741211
2000-10-10,1387.02001953125,5.795000076293945
2000-10-11,1364.5899658203125,5.769999980926514
2000-10-12,1329.780029296875,5.715000152587891
2000-10-13,1374.1700439453125,5.715000152587891
2000-10-16,1374.6199951171875,5.739999771118164
2000-10-17,1349.969970703125,5.664999961853027
2000-10-18,1342.1300048828125,5.6570000648498535
2000-10-19,1388.760009765625,5.6519999504089355
2000-10-20,1396.9300537109375,5.636000156402588
2000-10-23,1395.780029296875,5.581999778747559
2000-10-24,1398.1300048828125,5.623000144958496
2000-10-25,1364.9000244140625,5.685999870300293
2000-10-26,1364.43994140625,5.672999858856201
2000-10-27,1379.5799560546875,5.710999965667725
2000-10-30,1398.6600341796875,5.728000164031982
2000-10-31,1429.4000244140625,5.756999969482422
2000-11-01,1421.219970703125,5.736000061035156
2000-11-02,1428.3199462890625,5.739999771118164
2000-11-03,1426.68994140625,5.803999900817871
2000-11-06,1432.18994140625,5.855000019073486
2000-11-07,1431.8699951171875,5.859000205993652
2000-11-08,1409.280029296875,5.849999904632568
2000-11-09,1400.1400146484375,5.808000087738037
2000-11-10,1365.97998046875,5.795000076293945
2000-11-13,1351.260009765625,5.761000156402588
2000-11-14,1382.949951171875,5.74399995803833
2000-11-15,1389.81005859375,5.697999954223633
2000-11-16,1372.3199462890625,5.669000148773193
2000-11-17,1367.719970703125,5.693999767303467
2000-11-20,1342.6199951171875,5.664000034332275
2000-11-21,1347.3499755859375,5.659999847412109
2000-11-22,1322.3599853515625,5.5929999351501465
2000-11-24,1341.77001953125,5.622000217437744
2000-11-27,1348.969970703125,5.625999927520752
2000-11-28,1336.0899658203125,5.589000225067139
2000-11-29,1341.9300537109375,5.543000221252441
2000-11-30,1314.949951171875,5.439000129699707
2000-12-01,1315.22998046875,5.513000011444092
2000-12-04,1324.969970703125,5.521999835968018
2000-12-05,1376.5400390625,5.429999828338623
2000-12-06,1351.4599609375,5.318999767303467
2000-12-07,1343.550048828125,5.298999786376953
2000-12-08,1369.8900146484375,5.343999862670898
2000-12-11,1380.199951171875,5.360000133514404
2000-12-12,1371.1800537109375,5.3429999351501465
2000-12-13,1359.989990234375,5.2779998779296875
2000-12-14,1340.9300537109375,5.2129998207092285
2000-12-15,1312.1500244140625,5.176000118255615
2000-12-18,1322.739990234375,5.156000137329102
2000-12-19,1305.5999755859375,5.184000015258789
2000-12-20,1264.739990234375,5.074999809265137
2000-12-21,1274.8599853515625,5.0229997634887695
2000-12-22,1305.949951171875,5.001999855041504
2000-12-26,1315.18994140625,5.021999835968018
2000-12-27,1328.9200439453125,5.085999965667725
2000-12-28,1334.219970703125,5.113999843597412
2000-12-29,1320.280029296875,5.110000133514404
2001-01-02,1283.27001953125,4.916999816894531
2001-01-03,1347.56005859375,5.0970001220703125
2001-01-04,1333.3399658203125,5.013000011444092
2001-01-05,1298.3499755859375,4.947999954223633
2001-01-08,1295.8599853515625,4.896999835968018
2001-01-09,1300.800048828125,4.964000225067139
2001-01-10,1313.27001953125,5.084000110626221
2001-01-11,1326.8199462890625,5.116000175476074
2001-01-12,1318.550048828125,5.230000019073486
2001-01-16,1326.6500244140625,5.234000205993652
2001-01-17,1329.469970703125,5.156000137329102
2001-01-18,1347.969970703125,5.09499979019165
2001-01-19,1342.5400390625,5.173999786376953
2001-01-22,1342.9000244140625,5.2210001945495605
2001-01-23,1360.4000244140625,5.27400016784668
2001-01-24,1364.300048828125,5.302999973297119
2001-01-25,1357.510009765625,5.269999980926514
2001-01-26,1354.949951171875,5.252999782562256
2001-01-29,1364.1700439453125,5.295000076293945
2001-01-30,1373.72998046875,5.211999893188477
2001-01-31,1366.010009765625,5.178999900817871
2001-02-01,1373.469970703125,5.060999870300293
2001-02-02,1349.469970703125,5.138000011444092
2001-02-05,1354.31005859375,5.145999908447266
2001-02-06,1352.260009765625,5.195000171661377
2001-02-07,1340.8900146484375,5.178999900817871
2001-02-08,1332.530029296875,5.098999977111816
2001-02-09,1314.760009765625,5.015999794006348
2001-02-12,1330.31005859375,5.047999858856201
2001-02-13,1318.800048828125,5.067999839782715
2001-02-14,1315.9200439453125,5.105000019073486
2001-02-15,1326.6099853515625,5.177999973297119
2001-02-16,1301.530029296875,5.0929999351501465
2001-02-20,1278.93994140625,5.0970001220703125
2001-02-21,1255.27001953125,5.129000186920166
2001-02-22,1252.8199462890625,5.1539998054504395
2001-02-23,1245.8599853515625,5.079999923706055
2001-02-26,1267.6500244140625,5.035999774932861
2001-02-27,1257.93994140625,4.955999851226807
2001-02-28,1239.93994140625,4.9079999923706055
2001-03-01,1241.22998046875,4.855999946594238
2001-03-02,1234.1800537109375,4.942999839782715
2001-03-05,1241.4100341796875,4.9629998207092285
2001-03-06,1253.800048828125,4.9710001945495605
2001-03-07,1261.8900146484375,4.919000148773193
2001-03-08,1264.739990234375,4.88700008392334
2001-03-09,1233.4200439453125,4.931000232696533
2001-03-12,1180.1600341796875,4.919000148773193
2001-03-13,1197.6600341796875,4.931000232696533
2001-03-14,1166.7099609375,4.85099983215332
2001-03-15,1173.56005859375,4.803999900817871
2001-03-16,1150.530029296875,4.751999855041504
2001-03-19,1170.81005859375,4.815000057220459
2001-03-20,1142.6199951171875,4.790999889373779
2001-03-21,1122.1400146484375,4.76800012588501
2001-03-22,1117.5799560546875,4.708000183105469
2001-03-23,1139.8299560546875,4.798999786376953
2001-03-26,1152.68994140625,4.8470001220703125
2001-03-27,1182.1700439453125,4.982999801635742
2001-03-28,1153.2900390625,4.9710001945495605
2001-03-29,1147.949951171875,4.9629998207092285
2001-03-30,1160.3299560546875,4.914999961853027
2001-04-02,1145.8699951171875,4.9710001945495605
2001-04-03,1106.4599609375,4.934999942779541
2001-04-04,1103.25,4.922999858856201
2001-04-05,1151.43994140625,4.9629998207092285
2001-04-06,1128.4300537109375,4.874000072479248
2001-04-09,1137.5899658203125,4.906000137329102
2001-04-10,1168.3800048828125,5.067999839782715
2001-04-11,1165.8900146484375,5.109000205993652
2001-04-12,1183.5,5.145999908447266
2001-04-16,1179.6800537109375,5.275000095367432
2001-04-17,1191.81005859375,5.188000202178955
2001-04-18,1238.1600341796875,5.118000030517578
2001-04-19,1253.68994140625,5.232999801635742
2001-04-20,1242.97998046875,5.263000011444092
2001-04-23,1224.3599853515625,5.188000202178955
2001-04-24,1209.469970703125,5.188000202178955
2001-04-25,1228.75,5.254000186920166
2001-04-26,1234.52001953125,5.191999912261963
2001-04-27,1253.050048828125,5.313000202178955
2001-04-30,1249.4599609375,5.3379998207092285
2001-05-01,1266.43994140625,5.288000106811523
2001-05-02,1267.4300537109375,5.283999919891357
2001-05-03,1248.5799560546875,5.201000213623047
2001-05-04,1266.6099853515625,5.184000015258789
2001-05-07,1263.510009765625,5.204999923706055
2001-05-08,1261.199951171875,5.2170000076293945
2001-05-09,1255.5400390625,5.168000221252441
2001-05-10,1255.1800537109375,5.271999835968018
2001-05-11,1245.6700439453125,5.484000205993652
2001-05-14,1248.9200439453125,5.415999889373779
2001-05-15,1249.43994140625,5.480000019073486
2001-05-16,1284.989990234375,5.4670000076293945
2001-05-17,1288.489990234375,5.4670000076293945
2001-05-18,1291.9599609375,5.390999794006348
2001-05-21,1312.8299560546875,5.386000156402588
2001-05-22,1309.3800048828125,5.39900016784668
2001-05-23,1289.050048828125,5.390999794006348
2001-05-24,1293.1700439453125,5.488999843597412
2001-05-25,1277.8900146484375,5.485000133514404
2001-05-29,1267.9300537109375,5.506999969482422
2001-05-30,1248.0799560546875,5.502999782562256
2001-05-31,1255.8199462890625,5.413000106811523
2001-06-01,1260.6700439453125,5.354000091552734
2001-06-04,1267.1099853515625,5.323999881744385
2001-06-05,1283.5699462890625,5.261000156402588
2001-06-06,1270.030029296875,5.264999866485596
2001-06-07,1276.9599609375,5.295000076293945
2001-06-08,1264.9599609375,5.333000183105469
2001-06-11,1254.3900146484375,5.2870001792907715
2001-06-12,1255.8499755859375,5.239999771118164
2001-06-13,1241.5999755859375,5.256999969482422
2001-06-14,1219.8699951171875,5.215000152587891
2001-06-15,1214.3599853515625,5.228000164031982
2001-06-18,1208.4300537109375,5.241000175476074
2001-06-19,1212.5799560546875,5.228000164031982
2001-06-20,1223.1400146484375,5.198999881744385
2001-06-21,1237.0400390625,5.177999973297119
2001-06-22,1225.3499755859375,5.124000072479248
2001-06-25,1218.5999755859375,5.131999969482422
2001-06-26,1216.760009765625,5.223999977111816
2001-06-27,1211.0699462890625,5.232999801635742
2001-06-28,1226.199951171875,5.326000213623047
2001-06-29,1224.3800048828125,5.389999866485596
2001-07-02,1236.719970703125,5.330999851226807
2001-07-03,1234.449951171875,5.377999782562256
2001-07-05,1219.239990234375,5.4120001792907715
2001-07-06,1190.5899658203125,5.374000072479248
2001-07-09,1198.780029296875,5.340000152587891
2001-07-10,1181.52001953125,5.271999835968018
2001-07-11,1180.1800537109375,5.284999847412109
2001-07-12,1208.1400146484375,5.230000019073486
2001-07-13,1215.6800537109375,5.234000205993652
2001-07-16,1202.449951171875,5.175000190734863
2001-07-17,1214.43994140625,5.178999900817871
2001-07-18,1207.7099609375,5.086999893188477
2001-07-19,1215.02001953125,5.104000091552734
2001-07-20,1210.8499755859375,5.111999988555908
2001-07-23,1191.030029296875,5.107999801635742
2001-07-24,1171.6500244140625,5.086999893188477
2001-07-25,1190.489990234375,5.107999801635742
2001-07-26,1202.9300537109375,5.150000095367432
2001-07-27,1205.8199462890625,5.0960001945495605
2001-07-30,1204.52001953125,5.0960001945495605
2001-07-31,1211.22998046875,5.0370001792907715
2001-08-01,1215.9300537109375,5.065999984741211
2001-08-02,1220.75,5.125
2001-08-03,1214.3499755859375,5.158999919891357
2001-08-06,1200.47998046875,5.176000118255615
2001-08-07,1204.4000244140625,5.171999931335449
2001-08-08,1183.530029296875,5.053999900817871
2001-08-09,1183.4300537109375,5.0279998779296875
2001-08-10,1190.1600341796875,5.015999794006348
2001-08-13,1191.2900390625,4.960000038146973
2001-08-14,1186.72998046875,4.9679999351501465
2001-08-15,1178.02001953125,4.992000102996826
2001-08-16,1181.6600341796875,4.935999870300293
2001-08-17,1161.969970703125,4.841000080108643
2001-08-20,1171.4100341796875,4.895999908447266
2001-08-21,1157.260009765625,4.875999927520752
2001-08-22,1165.31005859375,4.895999908447266
2001-08-23,1162.0899658203125,4.875999927520752
2001-08-24,1184.9300537109375,4.9120001792907715
2001-08-27,1179.2099609375,4.932000160217285
2001-08-28,1161.510009765625,4.8480000495910645
2001-08-29,1148.56005859375,4.7769999504089355
2001-08-30,1129.030029296875,4.781000137329102
2001-08-31,1133.5799560546875,4.815999984741211
2001-09-04,1132.93994140625,4.979000091552734
2001-09-05,1131.739990234375,4.9670000076293945
2001-09-06,1106.4000244140625,4.855999946594238
2001-09-07,1085.780029296875,4.796000003814697
2001-09-10,1092.5400390625,4.835000038146973
2001-09-17,1038.77001953125,4.611000061035156
2001-09-18,1032.739990234375,4.704999923706055
2001-09-19,1016.0999755859375,4.681000232696533
2001-09-20,984.5399780273438,4.728000164031982
2001-09-21,965.7999877929688,4.689000129699707
2001-09-24,1003.4500122070312,4.699999809265137
2001-09-25,1012.27001953125,4.699999809265137
2001-09-26,1007.0399780273438,4.63700008392334
2001-09-27,1018.6099853515625,4.559000015258789
2001-09-28,1040.93994140625,4.574999809265137
2001-10-01,1038.550048828125,4.543000221252441
2001-10-02,1051.3299560546875,4.51200008392334
2001-10-03,1072.280029296875,4.458000183105469
2001-10-04,1069.6300048828125,4.507999897003174
2001-10-05,1071.3800048828125,4.504000186920166
2001-10-08,1062.43994140625,4.504000186920166
2001-10-09,1056.75,4.573999881744385
2001-10-10,1080.989990234375,4.589000225067139
2001-10-11,1097.4300537109375,4.664000034332275
2001-10-12,1091.6500244140625,4.658999919891357
2001-10-15,1089.97998046875,4.607999801635742
2001-10-16,1097.5400390625,4.568999767303467
2001-10-17,1077.0899658203125,4.560999870300293
2001-10-18,1068.6099853515625,4.560999870300293
2001-10-19,1073.47998046875,4.599999904632568
2001-10-22,1089.9000244140625,4.604000091552734
2001-10-23,1084.780029296875,4.635000228881836
2001-10-24,1085.199951171875,4.584000110626221
2001-10-25,1100.0899658203125,4.5370001792907715
2001-10-26,1104.6099853515625,4.520999908447266
2001-10-29,1078.300048828125,4.4670000076293945
2001-10-30,1059.7900390625,4.4120001792907715
2001-10-31,1059.780029296875,4.263000011444092
2001-11-01,1084.0999755859375,4.2170000076293945
2001-11-02,1087.199951171875,4.3460001945495605
2001-11-05,1102.8399658203125,4.296000003814697
2001-11-06,1118.8599853515625,4.269000053405762
2001-11-07,1115.800048828125,4.201000213623047
2001-11-08,1118.5400390625,4.302999973297119
2001-11-09,1120.31005859375,4.307000160217285
2001-11-12,1118.3299560546875,4.314000129699707
2001-11-13,1139.0899658203125,4.368000030517578
2001-11-14,1141.2099609375,4.514999866485596
2001-11-15,1142.239990234375,4.728000164031982
2001-11-16,1138.6500244140625,4.885000228881836
2001-11-19,1151.06005859375,4.75600004196167
2001-11-20,1142.6600341796875,4.86899995803833
2001-11-21,1137.030029296875,4.966000080108643
2001-11-23,1150.3399658203125,4.991000175476074
2001-11-26,1157.4200439453125,5.002999782562256
2001-11-27,1149.5,4.949999809265137
2001-11-28,1128.52001953125,4.946000099182129
2001-11-29,1140.199951171875,4.75600004196167
2001-11-30,1139.449951171875,4.74399995803833
2001-12-03,1129.9000244140625,4.703000068664551
2001-12-04,1144.800048828125,4.6479997634887695
2001-12-05,1170.3499755859375,4.901000022888184
2001-12-06,1167.0999755859375,5.002999782562256
2001-12-07,1158.31005859375,5.1479997634887695
2001-12-10,1139.9300537109375,5.136000156402588
2001-12-11,1136.760009765625,5.077000141143799
2001-12-12,1137.0699462890625,4.973999977111816
2001-12-13,1119.3800048828125,5.090000152587891
2001-12-14,1123.0899658203125,5.160999774932861
2001-12-17,1134.3599853515625,5.27400016784668
2001-12-18,1142.9200439453125,5.131999969482422
2001-12-19,1149.56005859375,5.035999774932861
2001-12-20,1139.9300537109375,5.048999786376953
2001-12-21,1144.8900146484375,5.078000068664551
2001-12-24,1144.6500244140625,5.131999969482422
2001-12-26,1149.3699951171875,5.177999973297119
2001-12-27,1157.1300048828125,5.09499979019165
2001-12-28,1161.02001953125,5.10699987411499
2001-12-31,1148.0799560546875,5.0320000648498535
2002-01-02,1154.6700439453125,5.1570000648498535
2002-01-03,1165.27001953125,5.119999885559082
2002-01-04,1172.510009765625,5.140999794006348
2002-01-07,1164.8900146484375,5.057000160217285
2002-01-08,1160.7099609375,5.057000160217285
2002-01-09,1155.1400146484375,5.061999797821045
2002-01-10,1156.550048828125,4.961999893188477
2002-01-11,1145.5999755859375,4.859000205993652
2002-01-14,1138.4100341796875,4.868000030517578
2002-01-15,1146.18994140625,4.830999851226807
2002-01-16,1127.5699462890625,4.839000225067139
2002-01-17,1138.8800048828125,4.933000087738037
2002-01-18,1127.5799560546875,4.888000011444092
2002-01-22,1119.31005859375,4.900000095367432
2002-01-23,1128.1800537109375,5.0
2002-01-24,1132.1500244140625,5.0289998054504395
2002-01-25,1133.280029296875,5.071000099182129
2002-01-28,1133.06005859375,5.078999996185303
2002-01-29,1100.6400146484375,4.974999904632568
2002-01-30,1113.5699462890625,4.9710001945495605
2002-01-31,1130.199951171875,5.025000095367432
2002-02-01,1122.199951171875,4.979000091552734
2002-02-04,1094.43994140625,4.895999908447266
2002-02-05,1090.02001953125,4.925000190734863
2002-02-06,1083.510009765625,4.928999900817871
2002-02-07,1080.1700439453125,4.931000232696533
2002-02-08,1096.219970703125,4.879000186920166
2002-02-11,1111.93994140625,4.89900016784668
2002-02-12,1107.5,4.9670000076293945
2002-02-13,1118.510009765625,5.002999782562256
2002-02-14,1116.47998046875,4.959000110626221
2002-02-15,1104.1800537109375,4.86299991607666
2002-02-19,1083.3399658203125,4.882999897003174
2002-02-20,1097.97998046875,4.879000186920166
2002-02-21,1080.949951171875,4.870999813079834
2002-02-22,1089.8399658203125,4.827000141143799
2002-02-25,1109.4300537109375,4.85099983215332
2002-02-26,1109.3800048828125,4.914999961853027
2002-02-27,1109.8900146484375,4.8470001220703125
2002-02-28,1106.72998046875,4.859000205993652
2002-03-01,1131.780029296875,4.9710001945495605
2002-03-04,1153.8399658203125,4.999000072479248
2002-03-05,1146.1400146484375,5.007999897003174
2002-03-06,1162.77001953125,5.0320000648498535
2002-03-07,1157.5400390625,5.211999893188477
2002-03-08,1164.31005859375,5.315999984741211
2002-03-11,1168.260009765625,5.320000171661377
2002-03-12,1165.5799560546875,5.303999900817871
2002-03-13,1154.0899658203125,5.26200008392334
2002-03-14,1153.0400390625,5.395999908447266
2002-03-15,1166.1600341796875,5.36299991607666
2002-03-18,1165.550048828125,5.303999900817871
2002-03-19,1170.2900390625,5.324999809265137
2002-03-20,1151.8499755859375,5.396999835968018
2002-03-21,1153.5899658203125,5.383999824523926
2002-03-22,1148.699951171875,5.388999938964844
2002-03-25,1131.8699951171875,5.406000137329102
2002-03-26,1138.489990234375,5.334000110626221
2002-03-27,1144.5799560546875,5.329999923706055
2002-03-28,1147.3900146484375,5.406000137329102
2002-04-01,1146.5400390625,5.427999973297119
2002-04-02,1136.760009765625,5.3480000495910645
2002-04-03,1125.4000244140625,5.284999847412109
2002-04-04,1126.3399658203125,5.271999835968018
2002-04-05,1122.72998046875,5.210000038146973
2002-04-08,1125.2900390625,5.235000133514404
2002-04-09,1117.800048828125,5.210000038146973
2002-04-10,1130.469970703125,5.2230000495910645
2002-04-11,1103.68994140625,5.202000141143799
2002-04-12,1111.010009765625,5.156000137329102
2002-04-15,1102.550048828125,5.126999855041504
2002-04-16,1128.3699951171875,5.177000045776367
2002-04-17,1126.0699462890625,5.218999862670898
2002-04-18,1124.469970703125,5.215000152587891
2002-04-19,1125.1700439453125,5.190000057220459
2002-04-22,1107.8299560546875,5.169000148773193
2002-04-23,1100.9599609375,5.164999961853027
2002-04-24,1093.1400146484375,5.09499979019165
2002-04-25,1091.47998046875,5.091000080108643
2002-04-26,1076.3199462890625,5.058000087738037
2002-04-29,1065.449951171875,5.098999977111816
2002-04-30,1076.9200439453125,5.091000080108643
2002-05-01,1086.4599609375,5.058000087738037
2002-05-02,1084.56005859375,5.098999977111816
2002-05-03,1073.4300537109375,5.061999797821045
2002-05-06,1052.6700439453125,5.078999996185303
2002-05-07,1049.489990234375,5.072999954223633
2002-05-08,1088.8499755859375,5.210000038146973
2002-05-09,1073.010009765625,5.186999797821045
2002-05-10,1054.989990234375,5.126999855041504
2002-05-13,1074.56005859375,5.21999979019165
2002-05-14,1097.280029296875,5.294000148773193
2002-05-15,1091.0699462890625,5.251999855041504
2002-05-16,1098.22998046875,5.186999797821045
2002-05-17,1106.5899658203125,5.241000175476074
2002-05-20,1091.8800048828125,5.189000129699707
2002-05-21,1079.8800048828125,5.1479997634887695
2002-05-22,1086.02001953125,5.099999904632568
2002-05-23,1097.0799560546875,5.1479997634887695
2002-05-24,1083.8199462890625,5.138000011444092
2002-05-28,1074.550048828125,5.133999824523926
2002-05-29,1067.6600341796875,5.077000141143799
2002-05-30,1064.6600341796875,5.0320000648498535
2002-05-31,1067.1400146484375,5.043000221252441
2002-06-03,1040.6800537109375,5.039999961853027
2002-06-04,1040.68994140625,5.01200008392334
2002-06-05,1049.9000244140625,5.040999889373779
2002-06-06,1029.1500244140625,5.010000228881836
2002-06-07,1027.530029296875,5.061999797821045
2002-06-10,1030.739990234375,5.043000221252441
2002-06-11,1013.5999755859375,4.991000175476074
2002-06-12,1020.260009765625,4.949999809265137
2002-06-13,1009.5599975585938,4.9070000648498535
2002-06-14,1007.27001953125,4.806000232696533
2002-06-17,1036.1700439453125,4.855999946594238
2002-06-18,1037.1400146484375,4.8480000495910645
2002-06-19,1019.989990234375,4.72599983215332
2002-06-20,1006.2899780273438,4.826000213623047
2002-06-21,989.1400146484375,4.755000114440918
2002-06-24,992.719970703125,4.843999862670898
2002-06-25,976.1400146484375,4.841000080108643
2002-06-26,973.530029296875,4.706999778747559
2002-06-27,990.6400146484375,4.809999942779541
2002-06-28,989.8200073242188,4.823999881744385
2002-07-01,968.6500244140625,4.815000057220459
2002-07-02,948.0900268554688,4.739999771118164
2002-07-03,953.989990234375,4.74399995803833
2002-07-05,989.030029296875,4.863999843597412
2002-07-08,976.97998046875,4.811999797821045
2002-07-09,952.8300170898438,4.741000175476074
2002-07-10,920.469970703125,4.645999908447266
2002-07-11,927.3699951171875,4.617000102996826
2002-07-12,921.3900146484375,4.59499979019165
2002-07-15,917.9299926757812,4.620999813079834
2002-07-16,900.9400024414062,4.709000110626221
2002-07-17,906.0399780273438,4.664999961853027
2002-07-18,881.5599975585938,4.610000133514404
2002-07-19,847.75,4.565000057220459
2002-07-22,819.8499755859375,4.4670000076293945
2002-07-23,797.7000122070312,4.426000118255615
2002-07-24,843.4299926757812,4.4029998779296875
2002-07-25,838.6799926757812,4.388000011444092
2002-07-26,852.8400268554688,4.367000102996826
2002-07-29,898.9600219726562,4.5329999923706055
2002-07-30,902.780029296875,4.580999851226807
2002-07-31,911.6199951171875,4.465000152587891
2002-08-01,884.6599731445312,4.401000022888184
2002-08-02,864.239990234375,4.261000156402588
2002-08-05,834.5999755859375,4.23799991607666
2002-08-06,859.5700073242188,4.36899995803833
2002-08-07,876.77001953125,4.291999816894531
2002-08-08,905.4600219726562,4.414999961853027
2002-08-09,908.6400146484375,4.267000198364258
2002-08-12,903.7999877929688,4.2170000076293945
2002-08-13,884.2100219726562,4.116000175476074
2002-08-14,919.6199951171875,4.063000202178955
2002-08-15,930.25,4.163000106811523
2002-08-16,928.77001953125,4.316999912261963
2002-08-19,950.7000122070312,4.297999858856201
2002-08-20,937.4299926757812,4.158999919891357
2002-08-21,949.3599853515625,4.190000057220459
2002-08-22,962.7000122070312,4.289999961853027
2002-08-23,940.8599853515625,4.228000164031982
2002-08-26,947.9500122070312,4.205999851226807
2002-08-27,934.8200073242188,4.2820000648498535
2002-08-28,917.8699951171875,4.2179999351501465
2002-08-29,917.7999877929688,4.160999774932861
2002-08-30,916.0700073242188,4.13700008392334
2002-09-03,878.02001953125,3.9800000190734863
2002-09-04,893.4000244140625,3.953000068664551
2002-09-05,879.1500244140625,3.9100000858306885
2002-09-06,893.9199829101562,4.035999774932861
2002-09-09,902.9600219726562,4.046999931335449
2002-09-10,909.5800170898438,3.98799991607666
2002-09-11,909.4500122070312,4.058000087738037
2002-09-12,886.9099731445312,3.9670000076293945
2002-09-13,889.8099975585938,3.9000000953674316
2002-09-16,891.0999755859375,3.874000072479248
2002-09-17,873.52001953125,3.86299991607666
2002-09-18,869.4600219726562,3.8489999771118164
2002-09-19,843.3200073242188,3.7799999713897705
2002-09-20,845.3900146484375,3.7760000228881836
2002-09-23,833.7000122070312,3.680999994277954
2002-09-24,819.2899780273438,3.6459999084472656
2002-09-25,839.6599731445312,3.759000062942505
2002-09-26,854.9500122070312,3.7660000324249268
2002-09-27,827.3699951171875,3.688999891281128
2002-09-30,815.280029296875,3.6070001125335693
2002-10-01,847.9099731445312,3.6989998817443848
2002-10-02,827.9099731445312,3.700000047683716
2002-10-03,818.9500122070312,3.684000015258789
2002-10-04,800.5800170898438,3.684999942779541
2002-10-07,785.280029296875,3.630000114440918
2002-10-08,798.5499877929688,3.635999917984009
2002-10-09,776.760009765625,3.5799999237060547
2002-10-10,803.9199829101562,3.6549999713897705
2002-10-11,835.3200073242188,3.812999963760376
2002-10-14,841.4400024414062,3.811000108718872
2002-10-15,881.27001953125,3.996000051498413
2002-10-16,860.02001953125,4.033999919891357
2002-10-17,879.2000122070312,4.136000156402588
2002-10-18,884.3900146484375,4.133999824523926
2002-10-21,899.719970703125,4.2210001945495605
2002-10-22,890.1599731445312,4.251999855041504
2002-10-23,896.1400146484375,4.236000061035156
2002-10-24,882.5,4.142000198364258
2002-10-25,897.6500244140625,4.09499979019165
2002-10-28,890.22998046875,4.084000110626221
2002-10-29,882.1500244140625,3.934000015258789
2002-10-30,890.7100219726562,3.9660000801086426
2002-10-31,885.760009765625,3.9110000133514404
2002-11-01,900.9600219726562,3.9769999980926514
2002-11-04,908.3499755859375,4.045000076293945
2002-11-05,915.3900146484375,4.080999851226807
2002-11-06,923.760009765625,4.034999847412109
2002-11-07,902.6500244140625,3.881999969482422
2002-11-08,894.739990234375,3.8519999980926514
2002-11-11,876.1900024414062,3.8519999980926514
2002-11-12,882.9500122070312,3.8510000705718994
2002-11-13,882.530029296875,3.8380000591278076
2002-11-14,904.27001953125,4.020999908447266
2002-11-15,909.8300170898438,4.051000118255615
2002-11-18,900.3599853515625,4.019000053405762
2002-11-19,896.739990234375,3.9800000190734863
2002-11-20,914.1500244140625,4.074999809265137
2002-11-21,933.760009765625,4.14300012588501
2002-11-22,930.5499877929688,4.175000190734863
2002-11-25,932.8699951171875,4.184000015258789
2002-11-26,913.3099975585938,4.078999996185303
2002-11-27,938.8699951171875,4.260000228881836
2002-11-29,936.3099975585938,4.2129998207092285
2002-12-02,934.530029296875,4.218999862670898
2002-12-03,920.75,4.232999801635742
2002-12-04,917.5800170898438,4.171999931335449
2002-12-05,906.5499877929688,4.113999843597412
2002-12-06,912.22998046875,4.0929999351501465
2002-12-09,892.0,4.050000190734863
2002-12-10,904.4500122070312,4.048999786376953
2002-12-11,904.9600219726562,3.99399995803833
2002-12-12,901.5800170898438,4.00600004196167
2002-12-13,889.47998046875,4.061999797821045
2002-12-16,910.4000244140625,4.130000114440918
2002-12-17,902.989990234375,4.113999843597412
2002-12-18,891.1199951171875,4.053999900817871
2002-12-19,884.25,3.9489998817443848
2002-12-20,895.760009765625,3.953000068664551
2002-12-23,897.3800048828125,3.9670000076293945
2002-12-24,892.469970703125,3.936000108718872
2002-12-26,889.6599731445312,3.9140000343322754
2002-12-27,875.4000244140625,3.812999963760376
2002-12-30,879.3900146484375,3.7839999198913574
2002-12-31,879.8200073242188,3.818000078201294
2003-01-02,909.030029296875,4.0320000648498535
2003-01-03,908.5900268554688,4.038000106811523
2003-01-06,929.010009765625,4.065999984741211
2003-01-07,922.9299926757812,4.025000095367432
2003-01-08,909.9299926757812,3.9809999465942383
2003-01-09,927.5700073242188,4.1479997634887695
2003-01-10,927.5700073242188,4.1519999504089355
2003-01-13,926.260009765625,4.127999782562256
2003-01-14,931.6599731445312,4.085000038146973
2003-01-15,918.219970703125,4.072000026702881
2003-01-16,914.5999755859375,4.067999839782715
2003-01-17,901.780029296875,4.014999866485596
2003-01-21,887.6199951171875,3.989000082015991
2003-01-22,878.3599853515625,3.9230000972747803
2003-01-23,887.3400268554688,3.947000026702881
2003-01-24,861.4000244140625,3.9030001163482666
2003-01-27,847.47998046875,3.9570000171661377
2003-01-28,858.5399780273438,3.9779999256134033
2003-01-29,864.3599853515625,4.0329999923706055
2003-01-30,844.6099853515625,3.990000009536743
2003-01-31,855.7000122070312,3.9749999046325684
2003-02-03,860.3200073242188,3.992000102996826
2003-02-04,848.2000122070312,3.930999994277954
2003-02-05,843.5900268554688,4.000999927520752
2003-02-06,838.1500244140625,3.944999933242798
2003-02-07,829.6900024414062,3.9240000247955322
2003-02-10,835.969970703125,3.9769999980926514
2003-02-11,829.2000122070312,3.9570000171661377
2003-02-12,818.6799926757812,3.9119999408721924
2003-02-13,817.3699951171875,3.871000051498413
2003-02-14,834.8900146484375,3.9519999027252197
2003-02-18,851.1699829101562,3.947999954223633
2003-02-19,845.1300048828125,3.88100004196167
2003-02-20,837.0999755859375,3.8459999561309814
2003-02-21,848.1699829101562,3.8929998874664307
2003-02-24,832.5800170898438,3.8440001010894775
2003-02-25,838.5700073242188,3.808000087738037
2003-02-26,827.5499877929688,3.7730000019073486
2003-02-27,837.280029296875,3.752000093460083
2003-02-28,841.1500244140625,3.696000099182129
2003-03-03,834.8099975585938,3.6760001182556152
2003-03-04,821.989990234375,3.6449999809265137
2003-03-05,829.8499755859375,3.619999885559082
2003-03-06,822.0999755859375,3.6519999504089355
2003-03-07,828.8900146484375,3.619999885559082
2003-03-10,807.47998046875,3.5739998817443848
2003-03-11,800.72998046875,3.5859999656677246
2003-03-12,804.1900024414062,3.5889999866485596
2003-03-13,831.9000244140625,3.7320001125335693
2003-03-14,833.27001953125,3.7070000171661377
2003-03-17,862.7899780273438,3.815999984741211
2003-03-18,866.4500122070312,3.8980000019073486
2003-03-19,874.02001953125,3.9649999141693115
2003-03-20,875.6699829101562,4.00600004196167
2003-03-21,895.7899780273438,4.09499979019165
2003-03-24,864.22998046875,3.9730000495910645
2003-03-25,874.739990234375,3.9609999656677246
2003-03-26,869.9500122070312,3.944000005722046
2003-03-27,868.52001953125,3.9260001182556152
2003-03-28,863.5,3.8959999084472656
2003-03-31,848.1799926757812,3.822999954223633
2003-04-01,858.47998046875,3.8269999027252197
2003-04-02,880.9000244140625,3.931999921798706
2003-04-03,876.4500122070312,3.9159998893737793
2003-04-04,878.8499755859375,3.944000005722046
2003-04-07,879.9299926757812,4.013999938964844
2003-04-08,878.2899780273438,3.936000108718872
2003-04-09,865.989990234375,3.9010000228881836
2003-04-10,871.5800170898438,3.934000015258789
2003-04-11,868.2999877929688,3.9809999465942383
2003-04-14,885.22998046875,4.020999908447266
2003-04-15,890.8099975585938,3.9709999561309814
2003-04-16,879.9099731445312,3.937999963760376
2003-04-17,893.5800170898438,3.9570000171661377
2003-04-21,892.010009765625,3.9790000915527344
2003-04-22,911.3699951171875,3.9830000400543213
2003-04-23,919.02001953125,3.994999885559082
2003-04-24,911.4299926757812,3.9049999713897705
2003-04-25,898.8099975585938,3.885999917984009
2003-04-28,914.8400268554688,3.9000000953674316
2003-04-29,917.8400268554688,3.928999900817871
2003-04-30,916.9199829101562,3.8570001125335693
2003-05-01,916.2999877929688,3.8559999465942383
2003-05-02,930.0800170898438,3.9130001068115234
2003-05-05,926.5499877929688,3.88700008392334
2003-05-06,934.3900146484375,3.808000087738037
2003-05-07,929.6199951171875,3.693000078201294
2003-05-08,920.27001953125,3.6710000038146973
2003-05-09,933.4099731445312,3.690999984741211
2003-05-12,945.1099853515625,3.6389999389648438
2003-05-13,942.2999877929688,3.622999906539917
2003-05-14,939.280029296875,3.5369999408721924
2003-05-15,946.6699829101562,3.5369999408721924
2003-05-16,944.2999877929688,3.4619998931884766
2003-05-19,920.77001953125,3.4519999027252197
2003-05-20,919.72998046875,3.374000072479248
2003-05-21,923.4199829101562,3.390000104904175
2003-05-22,931.8699951171875,3.3389999866485596
2003-05-23,933.219970703125,3.3329999446868896
2003-05-27,951.47998046875,3.4010000228881836
2003-05-28,953.219970703125,3.430999994277954
2003-05-29,949.6400146484375,3.3389999866485596
2003-05-30,963.5900268554688,3.3499999046325684
2003-06-02,967.0,3.428999900817871
2003-06-03,971.5599975585938,3.3420000076293945
2003-06-04,986.239990234375,3.2909998893737793
2003-06-05,990.1400146484375,3.3310000896453857
2003-06-06,987.760009765625,3.3519999980926514
2003-06-09,975.9299926757812,3.2790000438690186
2003-06-10,984.8400268554688,3.194000005722046
2003-06-11,997.47998046875,3.187999963760376
2003-06-12,998.510009765625,3.1679999828338623
2003-06-13,988.6099853515625,3.1040000915527344
2003-06-16,1010.739990234375,3.1700000762939453
2003-06-17,1011.6599731445312,3.2660000324249268
2003-06-18,1010.0900268554688,3.359999895095825
2003-06-19,994.7000122070312,3.3410000801086426
2003-06-20,995.6900024414062,3.3959999084472656
2003-06-23,981.6400146484375,3.315000057220459
2003-06-24,983.4500122070312,3.265000104904175
2003-06-25,975.3200073242188,3.3610000610351562
2003-06-26,985.8200073242188,3.5339999198913574
2003-06-27,976.219970703125,3.5810000896453857
2003-06-30,974.5,3.5280001163482666
2003-07-01,982.3200073242188,3.5490000247955322
2003-07-02,993.75,3.5360000133514404
2003-07-03,985.7000122070312,3.6549999713897705
2003-07-07,1004.4199829101562,3.7070000171661377
2003-07-08,1007.8400268554688,3.7330000400543213
2003-07-09,1002.2100219726562,3.7060000896453857
2003-07-10,988.7000122070312,3.677000045776367
2003-07-11,998.1400146484375,3.640000104904175
2003-07-14,1003.8599853515625,3.7139999866485596
2003-07-15,1000.4199829101562,3.9140000343322754
2003-07-16,994.0900268554688,3.944999933242798
2003-07-17,981.72998046875,3.9539999961853027
2003-07-18,993.3200073242188,3.9690001010894775
2003-07-21,978.7999877929688,4.173999786376953
2003-07-22,988.1099853515625,4.150000095367432
2003-07-23,988.6099853515625,4.1020002365112305
2003-07-24,981.5999755859375,4.166999816894531
2003-07-25,998.6799926757812,4.177999973297119
2003-07-28,996.52001953125,4.283999919891357
2003-07-29,989.280029296875,4.3979997634887695
2003-07-30,987.489990234375,4.315000057220459
2003-07-31,990.3099975585938,4.473999977111816
2003-08-01,980.1500244140625,4.414999961853027
2003-08-04,982.8200073242188,4.320000171661377
2003-08-05,965.4600219726562,4.440999984741211
2003-08-06,967.0800170898438,4.288000106811523
2003-08-07,974.1199951171875,4.229000091552734
2003-08-08,977.5900268554688,4.289000034332275
2003-08-11,980.5900268554688,4.370999813079834
2003-08-12,990.3499755859375,4.35699987411499
2003-08-13,984.030029296875,4.559999942779541
2003-08-14,990.510009765625,4.585999965667725
2003-08-15,990.6699829101562,4.5279998779296875
2003-08-18,999.739990234375,4.4770002365112305
2003-08-19,1002.3499755859375,4.38100004196167
2003-08-20,1000.2999877929688,4.440999984741211
2003-08-21,1003.27001953125,4.506999969482422
2003-08-22,993.0599975585938,4.459000110626221
2003-08-25,993.7100219726562,4.5269999504089355
2003-08-26,996.72998046875,4.486000061035156
2003-08-27,996.7899780273438,4.535999774932861
2003-08-28,1002.8400268554688,4.429999828338623
2003-08-29,1008.010009765625,4.453999996185303
2003-09-02,1021.989990234375,4.60099983215332
2003-09-03,1026.27001953125,4.598999977111816
2003-09-04,1027.969970703125,4.513000011444092
2003-09-05,1021.3900146484375,4.354000091552734
2003-09-08,1031.6400146484375,4.388999938964844
2003-09-09,1023.1699829101562,4.370999813079834
2003-09-10,1010.9199829101562,4.269000053405762
2003-09-11,1016.4199829101562,4.334000110626221
2003-09-12,1018.6300048828125,4.269000053405762
2003-09-15,1014.8099975585938,4.244999885559082
2003-09-16,1029.3199462890625,4.290999889373779
2003-09-17,1025.969970703125,4.190999984741211
2003-09-18,1039.5799560546875,4.184000015258789
2003-09-19,1036.300048828125,4.1620001792907715
2003-09-22,1022.8200073242188,4.241000175476074
2003-09-23,1029.030029296875,4.214000225067139
2003-09-24,1009.3800048828125,4.135000228881836
2003-09-25,1003.27001953125,4.1020002365112305
2003-09-26,996.8499755859375,4.0229997634887695
2003-09-29,1006.5800170898438,4.077000141143799
2003-09-30,995.969970703125,3.937000036239624
2003-10-01,1018.219970703125,3.931999921798706
2003-10-02,1020.239990234375,4.008999824523926
2003-10-03,1029.8499755859375,4.195000171661377
2003-10-06,1034.3499755859375,4.151000022888184
2003-10-07,1039.25,4.24399995803833
2003-10-08,1033.780029296875,4.242000102996826
2003-10-09,1038.72998046875,4.302000045776367
2003-10-10,1038.06005859375,4.248000144958496
2003-10-13,1045.3499755859375,4.255000114440918
2003-10-14,1049.47998046875,4.349999904632568
2003-10-15,1046.760009765625,4.396999835968018
2003-10-16,1050.0699462890625,4.454999923706055
2003-10-17,1039.3199462890625,4.388000011444092
2003-10-20,1044.6800537109375,4.380000114440918
2003-10-21,1046.030029296875,4.366000175476074
2003-10-22,1030.3599853515625,4.2729997634887695
2003-10-23,1033.77001953125,4.315999984741211
2003-10-24,1028.9100341796875,4.211999893188477
2003-10-27,1031.1300048828125,4.264999866485596
2003-10-28,1046.7900390625,4.189000129699707
2003-10-29,1048.1099853515625,4.275000095367432
2003-10-30,1046.93994140625,4.339000225067139
2003-10-31,1050.7099609375,4.301000118255615
2003-11-03,1059.02001953125,4.368000030517578
2003-11-04,1053.25,4.304999828338623
2003-11-05,1051.81005859375,4.349999904632568
2003-11-06,1058.050048828125,4.418000221252441
2003-11-07,1053.2099609375,4.449999809265137
2003-11-10,1047.1099853515625,4.460000038146973
2003-11-11,1046.5699462890625,
2003-11-12,1058.530029296875,4.4120001792907715
2003-11-13,1058.4100341796875,4.270999908447266
2003-11-14,1050.3499755859375,4.232999801635742
2003-11-17,1043.6300048828125,4.188000202178955
2003-11-18,1034.1500244140625,4.166999816894531
2003-11-19,1042.43994140625,4.235000133514404
2003-11-20,1033.6500244140625,4.1539998054504395
2003-11-21,1035.280029296875,4.146999835968018
2003-11-24,1052.0799560546875,4.2270002365112305
2003-11-25,1053.8900146484375,4.185999870300293
2003-11-26,1058.449951171875,4.242000102996826
2003-11-28,1058.199951171875,4.320000171661377
2003-12-01,1070.1199951171875,4.392000198364258
2003-12-02,1066.6199951171875,4.380000114440918
2003-12-03,1064.72998046875,4.409999847412109
2003-12-04,1069.719970703125,4.36899995803833
2003-12-05,1061.5,4.215000152587891
2003-12-08,1069.300048828125,4.2779998779296875
2003-12-09,1060.1800537109375,4.3520002365112305
2003-12-10,1059.050048828125,4.317999839782715
2003-12-11,1071.2099609375,4.23799991607666
2003-12-12,1074.1400146484375,4.242000102996826
2003-12-15,1068.0400390625,4.275000095367432
2003-12-16,1075.1300048828125,4.234000205993652
2003-12-17,1076.47998046875,4.189000129699707
2003-12-18,1089.1800537109375,4.140999794006348
2003-12-19,1088.6600341796875,4.132999897003174
2003-12-22,1092.93994140625,4.164000034332275
2003-12-23,1096.02001953125,4.269000053405762
2003-12-24,1094.0400390625,4.186999797821045
2003-12-26,1095.8900146484375,4.1479997634887695
2003-12-29,1109.47998046875,4.230000019073486
2003-12-30,1109.6400146484375,4.2789998054504395
2003-12-31,1111.9200439453125,4.256999969482422
2004-01-02,1108.47998046875,4.373000144958496
2004-01-05,1122.219970703125,4.38700008392334
2004-01-06,1123.6700439453125,4.2769999504089355
2004-01-07,1126.3299560546875,4.245999813079834
2004-01-08,1131.9200439453125,4.249000072479248
2004-01-09,1121.8599853515625,4.085999965667725
2004-01-12,1127.22998046875,4.083000183105469
2004-01-13,1121.219970703125,4.0279998779296875
2004-01-14,1130.52001953125,3.9860000610351562
2004-01-15,1132.050048828125,3.9709999561309814
2004-01-16,1139.8299560546875,4.013999938964844
2004-01-20,1138.77001953125,4.057000160217285
2004-01-21,1147.6199951171875,4.0370001792907715
2004-01-22,1143.93994140625,3.9690001010894775
2004-01-23,1141.550048828125,4.065999984741211
2004-01-26,1155.3699951171875,4.139999866485596
2004-01-27,1144.050048828125,4.086999893188477
2004-01-28,1128.47998046875,4.195000171661377
2004-01-29,1134.1099853515625,4.197000026702881
2004-01-30,1131.1300048828125,4.138000011444092
2004-02-02,1135.260009765625,4.151000022888184
2004-02-03,1136.030029296875,4.099999904632568
2004-02-04,1126.52001953125,4.124000072479248
2004-02-05,1128.5899658203125,4.173999786376953
2004-02-06,1142.760009765625,4.089000225067139
2004-02-09,1139.81005859375,4.065000057220459
2004-02-10,1145.5400390625,4.1020002365112305
2004-02-11,1157.760009765625,4.020999908447266
2004-02-12,1152.1099853515625,4.058000087738037
2004-02-13,1145.81005859375,4.047999858856201
2004-02-17,1156.989990234375,4.047999858856201
2004-02-18,1151.8199462890625,4.048999786376953
2004-02-19,1147.06005859375,4.052000045776367
2004-02-20,1144.1099853515625,4.0980000495910645
2004-02-23,1140.989990234375,4.050000190734863
2004-02-24,1139.0899658203125,4.0289998054504395
2004-02-25,1143.6700439453125,4.014999866485596
2004-02-26,1144.9100341796875,4.046000003814697
2004-02-27,1144.93994140625,3.9839999675750732
2004-03-01,1155.969970703125,3.992000102996826
2004-03-02,1149.0999755859375,4.046000003814697
2004-03-03,1151.030029296875,4.059999942779541
2004-03-04,1154.8699951171875,4.0289998054504395
2004-03-05,1156.8599853515625,3.8310000896453857
2004-03-08,1147.199951171875,3.7760000228881836
2004-03-09,1140.5799560546875,3.7190001010894775
2004-03-10,1123.8900146484375,3.734999895095825
2004-03-11,1106.780029296875,3.746999979019165
2004-03-12,1120.5699462890625,3.759999990463257
2004-03-15,1104.489990234375,3.7679998874664307
2004-03-16,1110.699951171875,3.687999963760376
2004-03-17,1123.75,3.683000087738037
2004-03-18,1122.3199462890625,3.749000072479248
2004-03-19,1109.780029296875,3.7880001068115234
2004-03-22,1095.4000244140625,3.7239999771118164
2004-03-23,1093.949951171875,3.7109999656677246
2004-03-24,1091.3299560546875,3.7139999866485596
2004-03-25,1109.18994140625,3.739000082015991
2004-03-26,1108.06005859375,3.8429999351501465
2004-03-29,1122.469970703125,3.890000104904175
2004-03-30,1127.0,3.9019999504089355
2004-03-31,1126.2099609375,3.8369998931884766
2004-04-01,1132.1700439453125,3.8980000019073486
2004-04-02,1141.81005859375,4.139999866485596
2004-04-05,1150.5699462890625,4.21999979019165
2004-04-06,1148.1600341796875,4.171000003814697
2004-04-07,1140.530029296875,4.166999816894531
2004-04-08,1139.3199462890625,4.197000026702881
2004-04-12,1145.199951171875,4.230000019073486
2004-04-13,1129.43994140625,4.340000152587891
2004-04-14,1128.1700439453125,4.381999969482422
2004-04-15,1128.8399658203125,4.40500020980835
2004-04-16,1134.6099853515625,4.3520002365112305
2004-04-19,1135.8199462890625,4.372000217437744
2004-04-20,1118.1500244140625,4.414999961853027
2004-04-21,1124.0899658203125,4.422999858856201
2004-04-22,1139.9300537109375,4.370999813079834
2004-04-23,1140.5999755859375,4.452000141143799
2004-04-26,1135.530029296875,4.433000087738037
2004-04-27,1138.1099853515625,4.4039998054504395
2004-04-28,1122.4100341796875,4.4670000076293945
2004-04-29,1113.8900146484375,4.539999961853027
2004-04-30,1107.300048828125,4.500999927520752
2004-05-03,1117.489990234375,4.500999927520752
2004-05-04,1119.550048828125,4.543000221252441
2004-05-05,1121.530029296875,4.571000099182129
2004-05-06,1113.989990234375,4.6020002365112305
2004-05-07,1098.699951171875,4.765999794006348
2004-05-10,1087.1199951171875,4.781000137329102
2004-05-11,1095.449951171875,4.76800012588501
2004-05-12,1097.280029296875,4.796999931335449
2004-05-13,1096.43994140625,4.85099983215332
2004-05-14,1095.699951171875,4.788000106811523
2004-05-17,1084.0999755859375,4.698999881744385
2004-05-18,1091.489990234375,4.736000061035156
2004-05-19,1088.6800537109375,4.794000148773193
2004-05-20,1089.18994140625,4.7179999351501465
2004-05-21,1093.56005859375,4.763999938964844
2004-05-24,1095.4100341796875,4.739999771118164
2004-05-25,1113.050048828125,4.723999977111816
2004-05-26,1114.93994140625,4.671000003814697
2004-05-27,1121.280029296875,4.5879998207092285
2004-05-28,1120.6800537109375,4.65500020980835
2004-06-01,1121.199951171875,4.703999996185303
2004-06-02,1124.989990234375,4.730000019073486
2004-06-03,1116.6400146484375,4.711999893188477
2004-06-04,1122.5,4.77400016784668
2004-06-07,1140.4200439453125,4.764999866485596
2004-06-08,1142.1800537109375,4.770999908447266
2004-06-09,1131.3299560546875,4.811999797821045
2004-06-10,1136.469970703125,4.790999889373779
2004-06-14,1125.2900390625,4.869999885559082
2004-06-15,1132.010009765625,4.685999870300293
2004-06-16,1133.56005859375,4.73199987411499
2004-06-17,1132.050048828125,4.691999912261963
2004-06-18,1135.02001953125,4.710000038146973
2004-06-21,1130.300048828125,4.690000057220459
2004-06-22,1134.4100341796875,4.703999996185303
2004-06-23,1144.06005859375,4.697999954223633
2004-06-24,1140.6500244140625,4.645999908447266
2004-06-25,1134.4300537109375,4.644999980926514
2004-06-28,1133.3499755859375,4.738999843597412
2004-06-29,1136.199951171875,4.695000171661377
2004-06-30,1140.8399658203125,4.617000102996826
2004-07-01,1128.93994140625,4.564000129699707
2004-07-02,1125.3800048828125,4.458000183105469
2004-07-06,1116.2099609375,4.480000019073486
2004-07-07,1118.3299560546875,4.4720001220703125
2004-07-08,1109.1099853515625,4.46999979019165
2004-07-09,1112.81005859375,4.466000080108643
2004-07-12,1114.3499755859375,4.442999839782715
2004-07-13,1115.1400146484375,4.479000091552734
2004-07-14,1111.469970703125,4.484000205993652
2004-07-15,1106.68994140625,4.485000133514404
2004-07-16,1101.3900146484375,4.361000061035156
2004-07-19,1100.9000244140625,4.361000061035156
2004-07-20,1108.6700439453125,4.447999954223633
2004-07-21,1093.8800048828125,4.486999988555908
2004-07-22,1096.8399658203125,4.461999893188477
2004-07-23,1086.199951171875,4.432000160217285
2004-07-26,1084.0699462890625,4.474999904632568
2004-07-27,1094.8299560546875,4.59499979019165
2004-07-28,1095.4200439453125,4.585000038146973
2004-07-29,1100.4300537109375,4.572999954223633
2004-07-30,1101.719970703125,4.474999904632568
2004-08-02,1106.6199951171875,4.454999923706055
2004-08-03,1099.68994140625,4.421999931335449
2004-08-04,1098.6300048828125,4.428999900817871
2004-08-05,1080.699951171875,4.400000095367432
2004-08-06,1063.969970703125,4.218999862670898
2004-08-09,1065.219970703125,4.24399995803833
2004-08-10,1079.0400390625,4.2870001792907715
2004-08-11,1075.7900390625,4.275000095367432
2004-08-12,1063.22998046875,4.25
2004-08-13,1064.800048828125,4.2129998207092285
2004-08-16,1079.3399658203125,4.257999897003174
2004-08-17,1081.7099609375,4.205999851226807
2004-08-18,1095.1700439453125,4.2270002365112305
2004-08-19,1091.22998046875,4.210999965667725
2004-08-20,1098.3499755859375,4.230999946594238
2004-08-23,1095.6800537109375,4.2789998054504395
2004-08-24,1096.18994140625,4.2829999923706055
2004-08-25,1104.9599609375,4.261000156402588
2004-08-26,1105.0899658203125,4.2270002365112305
2004-08-27,1107.77001953125,4.2270002365112305
2004-08-30,1099.1500244140625,4.188000202178955
2004-08-31,1104.239990234375,4.131999969482422
2004-09-01,1105.9100341796875,4.123000144958496
2004-09-02,1118.31005859375,4.193999767303467
2004-09-03,1113.6300048828125,4.293000221252441
2004-09-07,1121.300048828125,4.245999813079834
2004-09-08,1116.27001953125,4.163000106811523
2004-09-09,1118.3800048828125,4.198999881744385
2004-09-10,1123.9200439453125,4.179999828338623
2004-09-13,1125.8199462890625,4.151000022888184
2004-09-14,1128.3299560546875,4.132999897003174
2004-09-15,1120.3699951171875,4.170000076293945
2004-09-16,1123.5,4.068999767303467
2004-09-17,1128.550048828125,4.126999855041504
2004-09-20,1122.199951171875,4.058000087738037
2004-09-21,1129.300048828125,4.0370001792907715
2004-09-22,1113.56005859375,3.989000082015991
2004-09-23,1108.3599853515625,4.0279998779296875
2004-09-24,1110.1099853515625,4.031000137329102
2004-09-27,1103.52001953125,3.996999979019165
2004-09-28,1110.06005859375,4.01200008392334
2004-09-29,1114.800048828125,4.090000152587891
2004-09-30,1114.5799560546875,4.11899995803833
2004-10-01,1131.5,4.190999984741211
2004-10-04,1135.1700439453125,4.172999858856201
2004-10-05,1134.47998046875,4.172999858856201
2004-10-06,1142.050048828125,4.223999977111816
2004-10-07,1130.6500244140625,4.24399995803833
2004-10-08,1122.1400146484375,4.132999897003174
2004-10-11,1124.3900146484375,4.132999897003174
2004-10-12,1121.8399658203125,4.1020002365112305
2004-10-13,1113.6500244140625,4.078000068664551
2004-10-14,1103.2900390625,4.014999866485596
2004-10-15,1108.199951171875,4.052999973297119
2004-10-18,1114.02001953125,4.052999973297119
2004-10-19,1103.22998046875,4.038000106811523
2004-10-20,1103.6600341796875,3.990999937057495
2004-10-21,1106.489990234375,3.996999979019165
2004-10-22,1095.739990234375,3.9839999675750732
2004-10-25,1094.800048828125,3.9709999561309814
2004-10-26,1111.0899658203125,3.989000082015991
2004-10-27,1125.4000244140625,4.0879998207092285
2004-10-28,1127.43994140625,4.079999923706055
2004-10-29,1130.199951171875,4.0289998054504395
2004-11-01,1130.510009765625,4.090000152587891
2004-11-02,1130.56005859375,4.074999809265137
2004-11-03,1143.199951171875,4.070000171661377
2004-11-04,1161.6700439453125,4.067999839782715
2004-11-05,1166.1700439453125,4.185999870300293
2004-11-08,1164.8900146484375,4.215000152587891
2004-11-09,1164.0799560546875,4.2179999351501465
2004-11-10,1162.9100341796875,4.252999782562256
2004-11-11,1173.47998046875,4.252999782562256
2004-11-12,1184.1700439453125,4.197999954223633
2004-11-15,1183.81005859375,4.190000057220459
2004-11-16,1175.4300537109375,4.208000183105469
2004-11-17,1181.93994140625,4.144000053405762
2004-11-18,1183.550048828125,4.117000102996826
2004-11-19,1170.3399658203125,4.196000099182129
2004-11-22,1177.239990234375,4.164999961853027
2004-11-23,1176.93994140625,4.184000015258789
2004-11-24,1181.760009765625,4.195000171661377
2004-11-26,1182.6500244140625,4.23799991607666
2004-11-29,1178.5699462890625,4.329999923706055
2004-11-30,1173.8199462890625,4.357999801635742
2004-12-01,1191.3699951171875,4.375
2004-12-02,1190.3299560546875,4.396999835968018
2004-12-03,1191.1700439453125,4.269999980926514
2004-12-06,1190.25,4.239999771118164
2004-12-07,1177.0699462890625,4.2270002365112305
2004-12-08,1182.81005859375,4.133999824523926
2004-12-09,1189.239990234375,4.160999774932861
2004-12-10,1188.0,4.156000137329102
2004-12-13,1198.6800537109375,4.151000022888184
2004-12-14,1203.3800048828125,4.131999969482422
2004-12-15,1205.719970703125,4.076000213623047
2004-12-16,1203.2099609375,4.184999942779541
2004-12-17,1194.199951171875,4.206999778747559
2004-12-20,1194.6500244140625,4.198999881744385
2004-12-21,1205.449951171875,4.168000221252441
2004-12-22,1209.5699462890625,4.201000213623047
2004-12-23,1210.1300048828125,4.2179999351501465
2004-12-27,1204.9200439453125,4.290999889373779
2004-12-28,1213.5400390625,4.290999889373779
2004-12-29,1213.449951171875,4.322000026702881
2004-12-30,1213.550048828125,4.263000011444092
2004-12-31,1211.9200439453125,4.216000080108643
2005-01-03,1202.0799560546875,4.21999979019165
2005-01-04,1188.050048828125,4.2829999923706055
2005-01-05,1183.739990234375,4.2769999504089355
2005-01-06,1187.8900146484375,4.271999835968018
2005-01-07,1186.18994140625,4.284999847412109
2005-01-10,1190.25,4.2779998779296875
2005-01-11,1182.989990234375,4.24399995803833
2005-01-12,1187.699951171875,4.236000061035156
2005-01-13,1177.449951171875,4.186999797821045
2005-01-14,1184.52001953125,4.216000080108643
2005-01-18,1195.97998046875,4.195000171661377
2005-01-19,1184.6300048828125,4.186999797821045
2005-01-20,1175.4100341796875,4.164999961853027
2005-01-21,1167.8699951171875,4.142000198364258
2005-01-24,1163.75,4.122000217437744
2005-01-25,1168.4100341796875,4.189000129699707
2005-01-26,1174.0699462890625,4.191999912261963
2005-01-27,1174.550048828125,4.206999778747559
2005-01-28,1171.3599853515625,4.138000011444092
2005-01-31,1181.27001953125,4.132999897003174
2005-02-01,1189.4100341796875,4.136000156402588
2005-02-02,1193.18994140625,4.139999866485596
2005-02-03,1189.8900146484375,4.163000106811523
2005-02-04,1203.030029296875,4.072999954223633
2005-02-07,1201.719970703125,4.052000045776367
2005-02-08,1202.300048828125,4.0370001792907715
2005-02-09,1191.989990234375,3.9769999980926514
2005-02-10,1197.010009765625,4.072999954223633
2005-02-11,1205.300048828125,4.09499979019165
2005-02-14,1206.1400146484375,4.072999954223633
2005-02-15,1210.1199951171875,4.0980000495910645
2005-02-16,1210.3399658203125,4.1579999923706055
2005-02-17,1200.75,4.184999942779541
2005-02-18,1201.5899658203125,4.260000228881836
2005-02-22,1184.1600341796875,4.284999847412109
2005-02-23,1190.800048828125,4.26800012588501
2005-02-24,1200.199951171875,4.281000137329102
2005-02-25,1211.3699951171875,4.271999835968018
2005-02-28,1203.5999755859375,4.359000205993652
2005-03-01,1210.4100341796875,4.372000217437744
2005-03-02,1210.0799560546875,4.379000186920166
2005-03-03,1210.469970703125,4.382999897003174
2005-03-04,1222.1199951171875,4.309999942779541
2005-03-07,1225.31005859375,4.303999900817871
2005-03-08,1219.4300537109375,4.375
2005-03-09,1207.010009765625,4.513999938964844
2005-03-10,1209.25,4.459000110626221
2005-03-11,1200.0799560546875,4.534999847412109
2005-03-14,1206.8299560546875,4.515999794006348
2005-03-15,1197.75,4.541999816894531
2005-03-16,1188.0699462890625,4.51800012588501
2005-03-17,1190.2099609375,4.46999979019165
2005-03-18,1189.6500244140625,4.511000156402588
2005-03-21,1183.780029296875,4.525000095367432
2005-03-22,1171.7099609375,4.610000133514404
2005-03-23,1172.530029296875,4.60699987411499
2005-03-24,1171.4200439453125,4.591000080108643
2005-03-28,1174.280029296875,4.624000072479248
2005-03-29,1165.3599853515625,4.591000080108643
2005-03-30,1181.4100341796875,4.558000087738037
2005-03-31,1180.5899658203125,4.495999813079834
2005-04-01,1172.9200439453125,4.451000213623047
2005-04-04,1176.1199951171875,4.455999851226807
2005-04-05,1181.3900146484375,4.46999979019165
2005-04-06,1184.0699462890625,4.435999870300293
2005-04-07,1191.1400146484375,4.4720001220703125
2005-04-08,1181.199951171875,4.491000175476074
2005-04-11,1181.2099609375,4.445000171661377
2005-04-12,1187.760009765625,4.360000133514404
2005-04-13,1173.7900390625,4.374000072479248
2005-04-14,1162.050048828125,4.357999801635742
2005-04-15,1142.6199951171875,4.270999908447266
2005-04-18,1145.97998046875,4.249000072479248
2005-04-19,1152.780029296875,4.203000068664551
2005-04-20,1137.5,4.210999965667725
2005-04-21,1159.949951171875,4.300000190734863
2005-04-22,1152.1199951171875,4.255000114440918
2005-04-25,1162.0999755859375,4.250999927520752
2005-04-26,1151.8299560546875,4.267000198364258
2005-04-27,1156.3800048828125,4.236999988555908
2005-04-28,1143.219970703125,4.172999858856201
2005-04-29,1156.8499755859375,4.201000213623047
2005-05-02,1162.1600341796875,4.193999767303467
2005-05-03,1161.1700439453125,4.185999870300293
2005-05-04,1175.6500244140625,4.185999870300293
2005-05-05,1172.6300048828125,4.1620001792907715
2005-05-06,1171.3499755859375,4.265999794006348
2005-05-09,1178.8399658203125,4.2779998779296875
2005-05-10,1166.219970703125,4.2220001220703125
2005-05-11,1171.1099853515625,4.202000141143799
2005-05-12,1159.3599853515625,4.184000015258789
2005-05-13,1154.050048828125,4.120999813079834
2005-05-16,1165.68994140625,4.125
2005-05-17,1173.800048828125,4.117000102996826
2005-05-18,1185.56005859375,4.067999839782715
2005-05-19,1191.0799560546875,4.107999801635742
2005-05-20,1189.280029296875,4.125
2005-05-23,1193.8599853515625,4.072000026702881
2005-05-24,1194.0699462890625,4.0370001792907715
2005-05-25,1190.010009765625,4.072000026702881
2005-05-26,1197.6199951171875,4.080999851226807
2005-05-27,1198.780029296875,4.072999954223633
2005-05-31,1191.5,4.00600004196167
2005-06-01,1202.219970703125,3.9070000648498535
2005-06-02,1204.2900390625,3.890000104904175
2005-06-03,1196.02001953125,3.9790000915527344
2005-06-06,1197.510009765625,3.9619998931884766
2005-06-07,1197.260009765625,3.9110000133514404
2005-06-08,1194.6700439453125,3.940000057220459
2005-06-09,1200.9300537109375,3.9649999141693115
2005-06-10,1198.1099853515625,4.046999931335449
2005-06-13,1200.8199462890625,4.085999965667725
2005-06-14,1203.9100341796875,4.126999855041504
2005-06-15,1206.5799560546875,4.114999771118164
2005-06-16,1210.9599609375,4.076000213623047
2005-06-17,1216.9599609375,4.078000068664551
2005-06-20,1216.0999755859375,4.103000164031982
2005-06-21,1213.6099853515625,4.048999786376953
2005-06-22,1213.8800048828125,3.944999933242798
2005-06-23,1200.72998046875,3.9590001106262207
2005-06-24,1191.5699462890625,3.9140000343322754
2005-06-27,1190.68994140625,3.9019999504089355
2005-06-28,1201.5699462890625,3.9760000705718994
2005-06-29,1199.8499755859375,3.990000009536743
2005-06-30,1191.3299560546875,3.944999933242798
2005-07-01,1194.43994140625,4.048999786376953
2005-07-05,1204.989990234375,4.098999977111816
2005-07-06,1194.93994140625,4.074999809265137
2005-07-07,1197.8699951171875,4.031000137329102
2005-07-08,1211.8599853515625,4.109000205993652
2005-07-11,1219.43994140625,4.1020002365112305
2005-07-12,1222.2099609375,4.140999794006348
2005-07-13,1223.2900390625,4.163000106811523
2005-07-14,1226.5,4.179999828338623
2005-07-15,1227.9200439453125,4.175000190734863
2005-07-18,1221.1300048828125,4.2230000495910645
2005-07-19,1229.3499755859375,4.189000129699707
2005-07-20,1235.199951171875,4.177000045776367
2005-07-21,1227.0400390625,4.2820000648498535
2005-07-22,1233.6800537109375,4.2230000495910645
2005-07-25,1229.030029296875,4.247000217437744
2005-07-26,1231.1600341796875,4.238999843597412
2005-07-27,1236.7900390625,4.261000156402588
2005-07-28,1243.719970703125,4.196000099182129
2005-07-29,1234.1800537109375,4.285999774932861
2005-08-01,1235.3499755859375,4.318999767303467
2005-08-02,1244.1199951171875,4.335999965667725
2005-08-03,1245.0400390625,4.300000190734863
2005-08-04,1235.8599853515625,4.318999767303467
2005-08-05,1226.4200439453125,4.392000198364258
2005-08-08,1223.1300048828125,4.419000148773193
2005-08-09,1231.3800048828125,4.394000053405762
2005-08-10,1229.1300048828125,4.4039998054504395
2005-08-11,1237.81005859375,4.334000110626221
2005-08-12,1230.3900146484375,4.23799991607666
2005-08-15,1233.8699951171875,4.269999980926514
2005-08-16,1219.3399658203125,4.2270002365112305
2005-08-17,1220.239990234375,4.2729997634887695
2005-08-18,1219.02001953125,4.216000080108643
2005-08-19,1219.7099609375,4.210999965667725
2005-08-22,1221.72998046875,4.218999862670898
2005-08-23,1217.5899658203125,4.186999797821045
2005-08-24,1209.5899658203125,4.178999900817871
2005-08-25,1212.3699951171875,4.159999847412109
2005-08-26,1205.0999755859375,4.189000129699707
2005-08-29,1212.280029296875,4.172999858856201
2005-08-30,1208.4100341796875,4.090000152587891
2005-08-31,1220.3299560546875,4.019999980926514
2005-09-01,1221.5899658203125,4.019000053405762
2005-09-02,1218.02001953125,4.0289998054504395
2005-09-06,1233.3900146484375,4.085000038146973
2005-09-07,1236.3599853515625,4.138000011444092
2005-09-08,1231.6700439453125,4.138999938964844
2005-09-09,1241.47998046875,4.123000144958496
2005-09-12,1240.56005859375,4.169000148773193
2005-09-13,1231.199951171875,4.133999824523926
2005-09-14,1227.1600341796875,4.168000221252441
2005-09-15,1227.72998046875,4.214000225067139
2005-09-16,1237.9100341796875,4.26200008392334
2005-09-19,1231.02001953125,4.247000217437744
2005-09-20,1221.3399658203125,4.243000030517578
2005-09-21,1210.199951171875,4.188000202178955
2005-09-22,1214.6199951171875,4.176000118255615
2005-09-23,1215.2900390625,4.248000144958496
2005-09-26,1215.6300048828125,4.294000148773193
2005-09-27,1215.6600341796875,4.301000118255615
2005-09-28,1216.8900146484375,4.26200008392334
2005-09-29,1227.6800537109375,4.289000034332275
2005-09-30,1228.81005859375,4.328000068664551
2005-10-03,1226.699951171875,4.386000156402588
2005-10-04,1214.469970703125,4.375999927520752
2005-10-05,1196.3900146484375,4.361000061035156
2005-10-06,1191.489990234375,4.366000175476074
2005-10-07,1195.9000244140625,4.361000061035156
2005-10-10,1187.3299560546875,
2005-10-11,1184.8699951171875,4.383999824523926
2005-10-12,1177.6800537109375,4.440999984741211
2005-10-13,1176.8399658203125,4.474999904632568
2005-10-14,1186.5699462890625,4.491000175476074
2005-10-17,1190.0999755859375,4.488999843597412
2005-10-18,1178.1400146484375,4.480999946594238
2005-10-19,1195.760009765625,4.4629998207092285
2005-10-20,1177.800048828125,4.459000110626221
2005-10-21,1179.5899658203125,4.389999866485596
2005-10-24,1199.3800048828125,4.446000099182129
2005-10-25,1196.5400390625,4.507999897003174
2005-10-26,1191.3800048828125,4.591000080108643
2005-10-27,1178.9000244140625,4.558000087738037
2005-10-28,1198.4100341796875,4.566999912261963
2005-10-31,1207.010009765625,4.559000015258789
2005-11-01,1202.760009765625,4.577000141143799
2005-11-02,1214.760009765625,4.610000133514404
2005-11-03,1219.93994140625,4.644000053405762
2005-11-04,1220.1400146484375,4.6570000648498535
2005-11-07,1222.81005859375,4.638999938964844
2005-11-08,1218.5899658203125,4.565000057220459
2005-11-09,1220.6500244140625,4.635000228881836
2005-11-10,1230.9599609375,4.564000129699707
2005-11-11,1234.719970703125,
2005-11-14,1233.760009765625,4.604000091552734
2005-11-15,1229.010009765625,4.557000160217285
2005-11-16,1231.2099609375,4.484000205993652
2005-11-17,1242.800048828125,4.459000110626221
2005-11-18,1248.27001953125,4.501999855041504
2005-11-21,1254.8499755859375,4.460999965667725
2005-11-22,1261.22998046875,4.427999973297119
2005-11-23,1265.6099853515625,4.473999977111816
2005-11-25,1268.25,4.431000232696533
2005-11-28,1257.4599609375,4.406000137329102
2005-11-29,1257.47998046875,4.48199987411499
2005-11-30,1249.47998046875,4.5
2005-12-01,1264.6700439453125,4.520999908447266
2005-12-02,1265.0799560546875,4.519000053405762
2005-12-05,1262.0899658203125,4.566999912261963
2005-12-06,1263.699951171875,4.49399995803833
2005-12-07,1257.3699951171875,4.517000198364258
2005-12-08,1255.8399658203125,4.464000225067139
2005-12-09,1259.3699951171875,4.5370001792907715
2005-12-12,1260.4300537109375,4.546999931335449
2005-12-13,1267.4300537109375,4.534999847412109
2005-12-14,1272.739990234375,4.449999809265137
2005-12-15,1270.93994140625,4.4679999351501465
2005-12-16,1267.3199462890625,4.447999954223633
2005-12-19,1259.9200439453125,4.441999912261963
2005-12-20,1259.6199951171875,4.466000080108643
2005-12-21,1262.7900390625,4.486000061035156
2005-12-22,1268.1199951171875,4.433000087738037
2005-12-23,1268.6600341796875,4.380000114440918
2005-12-27,1256.5400390625,4.341000080108643
2005-12-28,1258.1700439453125,4.377999782562256
2005-12-29,1254.4200439453125,4.375999927520752
2005-12-30,1248.2900390625,4.394999980926514
2006-01-03,1268.800048828125,4.369999885559082
2006-01-04,1273.4599609375,4.355999946594238
2006-01-05,1273.47998046875,4.355999946594238
2006-01-06,1285.449951171875,4.379000186920166
2006-01-09,1290.1500244140625,4.379000186920166
2006-01-10,1289.68994140625,4.427999973297119
2006-01-11,1294.1800537109375,4.458000183105469
2006-01-12,1286.06005859375,4.409999847412109
2006-01-13,1287.6099853515625,4.349999904632568
2006-01-17,1282.9300537109375,4.331999778747559
2006-01-18,1277.9300537109375,4.340000152587891
2006-01-19,1285.0400390625,4.379000186920166
2006-01-20,1261.489990234375,4.361000061035156
2006-01-23,1263.8199462890625,4.35699987411499
2006-01-24,1266.8599853515625,4.389999866485596
2006-01-25,1264.6800537109375,4.479000091552734
2006-01-26,1273.8299560546875,4.5229997634887695
2006-01-27,1283.719970703125,4.502999782562256
2006-01-30,1285.18994140625,4.534999847412109
2006-01-31,1280.0799560546875,4.5269999504089355
2006-02-01,1282.4599609375,4.560999870300293
2006-02-02,1270.8399658203125,4.560999870300293
2006-02-03,1264.030029296875,4.5329999923706055
2006-02-06,1265.02001953125,4.545000076293945
2006-02-07,1254.780029296875,4.566999912261963
2006-02-08,1265.6500244140625,4.59499979019165
2006-02-09,1263.780029296875,4.540999889373779
2006-02-10,1266.989990234375,4.580999851226807
2006-02-13,1262.8599853515625,4.583000183105469
2006-02-14,1275.530029296875,4.613999843597412
2006-02-15,1280.0,4.605999946594238
2006-02-16,1289.3800048828125,4.5960001945495605
2006-02-17,1287.239990234375,4.540999889373779
2006-02-21,1283.030029296875,4.563000202178955
2006-02-22,1292.6700439453125,4.531000137329102
2006-02-23,1287.7900390625,4.566999912261963
2006-02-24,1289.4300537109375,4.566999912261963
2006-02-27,1294.1199951171875,4.590000152587891
2006-02-28,1280.6600341796875,4.546999931335449
2006-03-01,1291.239990234375,4.589000225067139
2006-03-02,1289.1400146484375,4.638000011444092
2006-03-03,1287.22998046875,4.684000015258789
2006-03-06,1278.260009765625,4.73799991607666
2006-03-07,1275.8800048828125,4.736000061035156
2006-03-08,1278.469970703125,4.734000205993652
2006-03-09,1272.22998046875,4.730000019073486
2006-03-10,1281.4200439453125,4.755000114440918
2006-03-13,1284.1300048828125,4.775000095367432
2006-03-14,1297.47998046875,4.696000099182129
2006-03-15,1303.02001953125,4.730999946594238
2006-03-16,1305.3299560546875,4.645999908447266
2006-03-17,1307.25,4.673999786376953
2006-03-20,1305.0799560546875,4.656000137329102
2006-03-21,1297.22998046875,4.7170000076293945
2006-03-22,1305.0400390625,4.703000068664551
2006-03-23,1301.6700439453125,4.738999843597412
2006-03-24,1302.949951171875,4.675000190734863
2006-03-27,1301.6099853515625,4.701000213623047
2006-03-28,1293.22998046875,4.7779998779296875
2006-03-29,1302.8900146484375,4.809999942779541
2006-03-30,1300.25,4.855000019073486
2006-03-31,1294.8699951171875,4.853000164031982
2006-04-03,1297.81005859375,4.874000072479248
2006-04-04,1305.9300537109375,4.872000217437744
2006-04-05,1311.56005859375,4.839000225067139
2006-04-06,1309.0400390625,4.89300012588501
2006-04-07,1295.5,4.9629998207092285
2006-04-10,1296.6199951171875,4.9629998207092285
2006-04-11,1286.5699462890625,4.932000160217285
2006-04-12,1288.1199951171875,4.97599983215332
2006-04-13,1289.1199951171875,5.035999774932861
2006-04-17,1285.3299560546875,5.006999969482422
2006-04-18,1307.280029296875,4.973999977111816
2006-04-19,1309.9300537109375,5.0279998779296875
2006-04-20,1311.4599609375,5.039000034332275
2006-04-21,1311.280029296875,5.01200008392334
2006-04-24,1308.1099853515625,4.985000133514404
2006-04-25,1301.739990234375,5.071000099182129
2006-04-26,1305.4100341796875,5.105000019073486
2006-04-27,1309.719970703125,5.084000110626221
2006-04-28,1310.6099853515625,5.068999767303467
2006-05-01,1305.18994140625,5.13100004196167
2006-05-02,1313.2099609375,5.110000133514404
2006-05-03,1308.1199951171875,5.144000053405762
2006-05-04,1312.25,5.150000095367432
2006-05-05,1325.760009765625,5.107999801635742
2006-05-08,1324.6600341796875,5.11899995803833
2006-05-09,1325.1400146484375,5.125
2006-05-10,1322.8499755859375,5.125
2006-05-11,1305.9200439453125,5.15500020980835
2006-05-12,1291.239990234375,5.185999870300293
2006-05-15,1294.5,5.1529998779296875
2006-05-16,1292.0799560546875,5.105000019073486
2006-05-17,1270.3199462890625,5.1529998779296875
2006-05-18,1261.81005859375,5.072999954223633
2006-05-19,1267.030029296875,5.053999900817871
2006-05-22,1262.0699462890625,5.035999774932861
2006-05-23,1256.5799560546875,5.065999984741211
2006-05-24,1258.5699462890625,5.033999919891357
2006-05-25,1272.8800048828125,5.073999881744385
2006-05-26,1280.1600341796875,5.052000045776367
2006-05-30,1259.8699951171875,5.085999965667725
2006-05-31,1270.0899658203125,5.11299991607666
2006-06-01,1285.7099609375,5.107999801635742
2006-06-02,1288.219970703125,4.99399995803833
2006-06-05,1265.2900390625,5.026000022888184
2006-06-06,1263.8499755859375,5.00600004196167
2006-06-07,1256.1500244140625,5.026000022888184
2006-06-08,1257.9300537109375,4.992000102996826
2006-06-09,1252.300048828125,4.980999946594238
2006-06-12,1237.43994140625,4.986999988555908
2006-06-13,1223.68994140625,4.960999965667725
2006-06-14,1230.0400390625,5.050000190734863
2006-06-15,1256.1600341796875,5.0980000495910645
2006-06-16,1251.5400390625,5.127999782562256
2006-06-19,1240.1300048828125,5.144999980926514
2006-06-20,1240.1199951171875,5.1570000648498535
2006-06-21,1252.199951171875,5.15500020980835
2006-06-22,1245.5999755859375,5.197999954223633
2006-06-23,1244.5,5.228000164031982
2006-06-26,1250.56005859375,5.238999843597412
2006-06-27,1239.199951171875,5.210000038146973
2006-06-28,1246.0,5.244999885559082
2006-06-29,1272.8699951171875,5.199999809265137
2006-06-30,1270.199951171875,5.138000011444092
2006-07-03,1280.18994140625,5.151000022888184
2006-07-05,1270.9100341796875,5.2270002365112305
2006-07-06,1274.0799560546875,5.184999942779541
2006-07-07,1265.47998046875,5.131999969482422
2006-07-10,1267.3399658203125,5.130000114440918
2006-07-11,1272.4300537109375,5.099999904632568
2006-07-12,1258.5999755859375,5.099999904632568
2006-07-13,1242.280029296875,5.071000099182129
2006-07-14,1236.199951171875,5.059000015258789
2006-07-17,1234.489990234375,5.068999767303467
2006-07-18,1236.8599853515625,5.130000114440918
2006-07-19,1259.81005859375,5.059000015258789
2006-07-20,1249.1300048828125,5.0279998779296875
2006-07-21,1240.2900390625,5.045000076293945
2006-07-24,1260.9100341796875,5.044000148773193
2006-07-25,1268.8800048828125,5.065000057220459
2006-07-26,1268.4000244140625,5.035999774932861
2006-07-27,1263.199951171875,5.039999961853027
2006-07-28,1278.550048828125,4.989999771118164
2006-07-31,1276.6600341796875,4.98799991607666
2006-08-01,1270.9200439453125,4.982999801635742
2006-08-02,1277.4100341796875,4.960999965667725
2006-08-03,1280.27001953125,4.951000213623047
2006-08-04,1279.3599853515625,4.901000022888184
2006-08-07,1275.77001953125,4.921000003814697
2006-08-08,1271.47998046875,4.922999858856201
2006-08-09,1265.949951171875,4.936999797821045
2006-08-10,1271.81005859375,4.927000045776367
2006-08-11,1266.739990234375,4.9670000076293945
2006-08-14,1268.2099609375,5.000999927520752
2006-08-15,1285.5799560546875,4.931000232696533
2006-08-16,1295.4300537109375,4.870999813079834
2006-08-17,1297.47998046875,4.867000102996826
2006-08-18,1302.300048828125,4.835000038146973
2006-08-21,1297.52001953125,4.818999767303467
2006-08-22,1298.8199462890625,4.810999870300293
2006-08-23,1292.989990234375,4.818999767303467
2006-08-24,1296.06005859375,4.802999973297119
2006-08-25,1295.0899658203125,4.790999889373779
2006-08-28,1301.780029296875,4.796999931335449
2006-08-29,1304.280029296875,4.7829999923706055
2006-08-30,1305.3699951171875,4.763000011444092
2006-08-31,1303.8199462890625,4.73199987411499
2006-09-01,1311.010009765625,4.72599983215332
2006-09-05,1313.25,4.781000137329102
2006-09-06,1300.260009765625,4.801000118255615
2006-09-07,1294.02001953125,4.795000076293945
2006-09-08,1298.9200439453125,4.770999908447266
2006-09-11,1299.5400390625,4.798999786376953
2006-09-12,1313.0,4.7729997634887695
2006-09-13,1318.0699462890625,4.764999866485596
2006-09-14,1316.280029296875,4.793000221252441
2006-09-15,1319.6600341796875,4.797999858856201
2006-09-18,1321.1800537109375,4.809999942779541
2006-09-19,1317.6400146484375,4.736999988555908
2006-09-20,1325.1800537109375,4.729000091552734
2006-09-21,1318.030029296875,4.6479997634887695
2006-09-22,1314.780029296875,4.5970001220703125
2006-09-25,1326.3699951171875,4.554999828338623
2006-09-26,1336.3499755859375,4.585000038146973
2006-09-27,1336.5899658203125,4.593999862670898
2006-09-28,1338.8800048828125,4.625999927520752
2006-09-29,1335.8499755859375,4.632999897003174
2006-10-02,1331.3199462890625,4.618000030517578
2006-10-03,1334.1099853515625,4.616000175476074
2006-10-04,1350.199951171875,4.565000057220459
2006-10-05,1353.219970703125,4.607999801635742
2006-10-06,1349.5899658203125,4.696000099182129
2006-10-09,1350.6600341796875,
2006-10-10,1353.4200439453125,4.748000144958496
2006-10-11,1349.949951171875,4.783999919891357
2006-10-12,1362.8299560546875,4.7779998779296875
2006-10-13,1365.6199951171875,4.806000232696533
2006-10-16,1369.06005859375,4.788000106811523
2006-10-17,1364.050048828125,4.7779998779296875
2006-10-18,1365.800048828125,4.763999938964844
2006-10-19,1366.9599609375,4.785999774932861
2006-10-20,1368.5999755859375,4.783999919891357
2006-10-23,1377.02001953125,4.826000213623047
2006-10-24,1377.3800048828125,4.823999881744385
2006-10-25,1382.219970703125,4.7729997634887695
2006-10-26,1389.0799560546875,4.7210001945495605
2006-10-27,1377.3399658203125,4.675000190734863
2006-10-30,1377.9300537109375,4.672999858856201
2006-10-31,1377.93994140625,4.605999946594238
2006-11-01,1367.81005859375,4.560999870300293
2006-11-02,1367.3399658203125,4.5960001945495605
2006-11-03,1364.300048828125,4.715000152587891
2006-11-06,1379.780029296875,4.709000110626221
2006-11-07,1382.8399658203125,4.658999919891357
2006-11-08,1385.719970703125,4.632999897003174
2006-11-09,1378.3299560546875,4.632999897003174
2006-11-10,1380.9000244140625,4.585999965667725
2006-11-13,1384.4200439453125,4.605000019073486
2006-11-14,1393.219970703125,4.567999839782715
2006-11-15,1396.5699462890625,4.614999771118164
2006-11-16,1399.760009765625,4.65500020980835
2006-11-17,1401.199951171875,4.60699987411499
2006-11-20,1400.5,4.59499979019165
2006-11-21,1402.81005859375,4.578000068664551
2006-11-22,1406.0899658203125,4.567999839782715
2006-11-24,1400.949951171875,4.547999858856201
2006-11-27,1381.9599609375,4.538000106811523
2006-11-28,1386.719970703125,4.508999824523926
2006-11-29,1399.47998046875,4.520999908447266
2006-11-30,1400.6300048828125,4.458000183105469
2006-12-01,1396.7099609375,4.425000190734863
2006-12-04,1409.1199951171875,4.433000087738037
2006-12-05,1414.760009765625,4.441999912261963
2006-12-06,1412.9000244140625,4.480999946594238
2006-12-07,1407.2900390625,4.482999801635742
2006-12-08,1409.8399658203125,4.552000045776367
2006-12-11,1413.0400390625,4.519999980926514
2006-12-12,1411.56005859375,4.491000175476074
2006-12-13,1413.2099609375,4.577000141143799
2006-12-14,1425.489990234375,4.59499979019165
2006-12-15,1427.0899658203125,4.5970001220703125
2006-12-18,1422.47998046875,4.586999893188477
2006-12-19,1425.550048828125,4.598999977111816
2006-12-20,1423.530029296875,4.59499979019165
2006-12-21,1418.300048828125,4.548999786376953
2006-12-22,1410.760009765625,4.624000072479248
2006-12-26,1416.9000244140625,4.603000164031982
2006-12-27,1426.8399658203125,4.6539998054504395
2006-12-28,1424.72998046875,4.690000057220459
2006-12-29,1418.300048828125,4.710000038146973
2007-01-03,1416.5999755859375,4.664000034332275
2007-01-04,1418.3399658203125,4.618000030517578
2007-01-05,1409.7099609375,4.645999908447266
2007-01-08,1412.8399658203125,4.659999847412109
2007-01-09,1412.1099853515625,4.656000137329102
2007-01-10,1414.8499755859375,4.682000160217285
2007-01-11,1423.8199462890625,4.736999988555908
2007-01-12,1430.72998046875,4.770999908447266
2007-01-16,1431.9000244140625,4.750999927520752
2007-01-17,1430.6199951171875,4.7870001792907715
2007-01-18,1426.3699951171875,4.750999927520752
2007-01-19,1430.5,4.7729997634887695
2007-01-22,1422.949951171875,4.758999824523926
2007-01-23,1427.989990234375,4.803999900817871
2007-01-24,1440.1300048828125,4.809999942779541
2007-01-25,1423.9000244140625,4.867000102996826
2007-01-26,1422.1800537109375,4.879000186920166
2007-01-29,1420.6199951171875,4.892000198364258
2007-01-30,1428.8199462890625,4.875
2007-01-31,1438.239990234375,4.826000213623047
2007-02-01,1445.93994140625,4.836999893188477
2007-02-02,1448.3900146484375,4.827000141143799
2007-02-05,1446.989990234375,4.808000087738037
2007-02-06,1448.0,4.764999866485596
2007-02-07,1450.02001953125,4.744999885559082
2007-02-08,1448.31005859375,4.730000019073486
2007-02-09,1438.06005859375,4.783999919891357
2007-02-12,1433.3699951171875,4.803999900817871
2007-02-13,1444.260009765625,4.814000129699707
2007-02-14,1455.300048828125,4.730000019073486
2007-02-15,1456.81005859375,4.705999851226807
2007-02-16,1455.5400390625,4.690000057220459
2007-02-20,1459.6800537109375,4.679999828338623
2007-02-21,1457.6300048828125,4.691999912261963
2007-02-22,1456.3800048828125,4.730000019073486
2007-02-23,1451.18994140625,4.677999973297119
2007-02-26,1449.3699951171875,4.63100004196167
2007-02-27,1399.0400390625,4.513000011444092
2007-02-28,1406.8199462890625,4.550000190734863
2007-03-01,1403.1700439453125,4.556000232696533
2007-03-02,1387.1700439453125,4.514999866485596
2007-03-05,1374.1199951171875,4.51800012588501
2007-03-06,1395.4100341796875,4.5279998779296875
2007-03-07,1391.969970703125,4.497000217437744
2007-03-08,1401.8900146484375,4.508999824523926
2007-03-09,1402.8399658203125,4.589000225067139
2007-03-12,1406.5999755859375,4.552999973297119
2007-03-13,1377.949951171875,4.494999885559082
2007-03-14,1387.1700439453125,4.521999835968018
2007-03-15,1392.280029296875,4.535999774932861
2007-03-16,1386.949951171875,4.545000076293945
2007-03-19,1402.06005859375,4.571000099182129
2007-03-20,1410.93994140625,4.546999931335449
2007-03-21,1435.0400390625,4.51800012588501
2007-03-22,1434.5400390625,4.589000225067139
2007-03-23,1436.1099853515625,4.61299991607666
2007-03-26,1437.5,4.586999893188477
2007-03-27,1428.6099853515625,4.611999988555908
2007-03-28,1417.22998046875,4.619999885559082
2007-03-29,1422.530029296875,4.631999969482422
2007-03-30,1420.8599853515625,4.6479997634887695
2007-04-02,1424.550048828125,4.642000198364258
2007-04-03,1437.77001953125,4.664000034332275
2007-04-04,1439.3699951171875,4.6519999504089355
2007-04-05,1443.760009765625,4.673999786376953
2007-04-09,1444.6099853515625,4.744999885559082
2007-04-10,1448.3900146484375,4.723999977111816
2007-04-11,1438.8699951171875,4.738999843597412
2007-04-12,1447.800048828125,4.736999988555908
2007-04-13,1452.8499755859375,4.761000156402588
2007-04-16,1468.3299560546875,4.735000133514404
2007-04-17,1471.47998046875,4.688000202178955
2007-04-18,1472.5,4.6539998054504395
2007-04-19,1470.72998046875,4.670000076293945
2007-04-20,1484.3499755859375,4.671999931335449
2007-04-23,1480.9300537109375,4.650000095367432
2007-04-24,1480.4100341796875,4.622000217437744
2007-04-25,1495.4200439453125,4.645999908447266
2007-04-26,1494.25,4.684000015258789
2007-04-27,1494.0699462890625,4.697999954223633
2007-04-30,1482.3699951171875,4.630000114440918
2007-05-01,1486.300048828125,4.642000198364258
2007-05-02,1495.9200439453125,4.645999908447266
2007-05-03,1502.3900146484375,4.673999786376953
2007-05-04,1505.6199951171875,4.639999866485596
2007-05-07,1509.47998046875,4.636000156402588
2007-05-08,1507.719970703125,4.633999824523926
2007-05-09,1512.5799560546875,4.668000221252441
2007-05-10,1491.469970703125,4.6479997634887695
2007-05-11,1505.8499755859375,4.670000076293945
2007-05-14,1503.1500244140625,4.690000057220459
2007-05-15,1501.18994140625,4.711999893188477
2007-05-16,1514.1400146484375,4.708000183105469
2007-05-17,1512.75,4.75600004196167
2007-05-18,1522.75,4.803999900817871
2007-05-21,1525.0999755859375,4.788000106811523
2007-05-22,1524.1199951171875,4.830999851226807
2007-05-23,1522.280029296875,4.859000205993652
2007-05-24,1507.510009765625,4.85699987411499
2007-05-25,1515.72998046875,4.861000061035156
2007-05-29,1518.1099853515625,4.881999969482422
2007-05-30,1530.22998046875,4.877999782562256
2007-05-31,1530.6199951171875,4.889999866485596
2007-06-01,1536.3399658203125,4.955999851226807
2007-06-04,1539.1800537109375,4.928999900817871
2007-06-05,1530.949951171875,4.97599983215332
2007-06-06,1517.3800048828125,4.96999979019165
2007-06-07,1490.719970703125,5.098999977111816
2007-06-08,1507.6700439453125,5.118000030517578
2007-06-11,1509.1199951171875,5.13700008392334
2007-06-12,1493.0,5.248000144958496
2007-06-13,1515.6700439453125,5.199999809265137
2007-06-14,1522.969970703125,5.2170000076293945
2007-06-15,1532.9100341796875,5.171000003814697
2007-06-18,1531.050048828125,5.142000198364258
2007-06-19,1533.699951171875,5.085999965667725
2007-06-20,1512.8399658203125,5.123000144958496
2007-06-21,1522.18994140625,5.163000106811523
2007-06-22,1502.56005859375,5.138000011444092
2007-06-25,1497.739990234375,5.078000068664551
2007-06-26,1492.8900146484375,5.10099983215332
2007-06-27,1506.3399658203125,5.070000171661377
2007-06-28,1505.7099609375,5.118000030517578
2007-06-29,1503.3499755859375,5.0329999923706055
2007-07-02,1519.4300537109375,4.998000144958496
2007-07-03,1524.8699951171875,5.050000190734863
2007-07-05,1525.4000244140625,5.144000053405762
2007-07-06,1530.43994140625,5.195000171661377
2007-07-09,1531.8499755859375,5.158999919891357
2007-07-10,1510.1199951171875,5.038000106811523
2007-07-11,1518.760009765625,5.079999923706055
2007-07-12,1547.699951171875,5.116000175476074
2007-07-13,1552.5,5.10699987411499
2007-07-16,1549.52001953125,5.040999889373779
2007-07-17,1549.3699951171875,5.078000068664551
2007-07-18,1546.1700439453125,5.010000228881836
2007-07-19,1553.0799560546875,5.0279998779296875
2007-07-20,1534.0999755859375,4.955999851226807
2007-07-23,1541.5699462890625,4.964000225067139
2007-07-24,1511.0400390625,4.943999767303467
2007-07-25,1518.0899658203125,4.9039998054504395
2007-07-26,1482.6600341796875,4.7769999504089355
2007-07-27,1458.949951171875,4.788000106811523
2007-07-30,1473.9100341796875,4.803999900817871
2007-07-31,1455.27001953125,4.770999908447266
2007-08-01,1465.81005859375,4.758999824523926
2007-08-02,1472.199951171875,4.752999782562256
2007-08-03,1433.06005859375,4.699999809265137
2007-08-06,1467.6700439453125,4.730999946594238
2007-08-07,1476.7099609375,4.743000030517578
2007-08-08,1497.489990234375,4.860000133514404
2007-08-09,1453.0899658203125,4.789999961853027
2007-08-10,1453.6400146484375,4.776000022888184
2007-08-13,1452.9200439453125,4.7779998779296875
2007-08-14,1426.5400390625,4.73199987411499
2007-08-15,1406.699951171875,4.705999851226807
2007-08-16,1411.27001953125,4.599999904632568
2007-08-17,1445.93994140625,4.672999858856201
2007-08-20,1445.550048828125,4.633999824523926
2007-08-21,1447.1199951171875,4.590000152587891
2007-08-22,1464.0699462890625,4.619999885559082
2007-08-23,1462.5,4.618000030517578
2007-08-24,1479.3699951171875,4.632999897003174
2007-08-27,1466.7900390625,4.5960001945495605
2007-08-28,1432.3599853515625,4.53000020980835
2007-08-29,1463.760009765625,4.552999973297119
2007-08-30,1457.6400146484375,4.501999855041504
2007-08-31,1473.989990234375,4.5370001792907715
2007-09-04,1489.4200439453125,4.558000087738037
2007-09-05,1472.2900390625,4.4730000495910645
2007-09-06,1478.550048828125,4.5
2007-09-07,1453.550048828125,4.368000030517578
2007-09-10,1451.699951171875,4.323999881744385
2007-09-11,1471.489990234375,4.363999843597412
2007-09-12,1471.56005859375,4.4079999923706055
2007-09-13,1483.949951171875,4.48199987411499
2007-09-14,1484.25,4.461999893188477
2007-09-17,1476.6500244140625,4.46999979019165
2007-09-18,1519.780029296875,4.480000019073486
2007-09-19,1529.030029296875,4.52400016784668
2007-09-20,1518.75,4.671999931335449
2007-09-21,1525.75,4.631999969482422
2007-09-24,1517.72998046875,4.624000072479248
2007-09-25,1517.2099609375,4.613999843597412
2007-09-26,1525.4200439453125,4.619999885559082
2007-09-27,1531.3800048828125,4.572999954223633
2007-09-28,1526.75,4.578999996185303
2007-10-01,1547.0400390625,4.557000160217285
2007-10-02,1546.6300048828125,4.5289998054504395
2007-10-03,1539.5899658203125,4.543000221252441
2007-10-04,1542.8399658203125,4.5229997634887695
2007-10-05,1557.5899658203125,4.639999866485596
2007-10-08,1552.5799560546875,4.638000011444092
2007-10-09,1565.1500244140625,4.651000022888184
2007-10-10,1562.469970703125,4.646999835968018
2007-10-11,1554.4100341796875,4.658999919891357
2007-10-12,1561.800048828125,4.686999797821045
2007-10-15,1548.7099609375,4.672999858856201
2007-10-16,1538.530029296875,4.65500020980835
2007-10-17,1541.239990234375,4.546000003814697
2007-10-18,1540.0799560546875,4.502999782562256
2007-10-19,1500.6300048828125,4.401000022888184
2007-10-22,1506.3299560546875,4.39300012588501
2007-10-23,1519.5899658203125,4.40500020980835
2007-10-24,1515.8800048828125,4.330999851226807
2007-10-25,1514.4000244140625,4.3520002365112305
2007-10-26,1535.280029296875,4.388999938964844
2007-10-29,1540.97998046875,4.382999897003174
2007-10-30,1531.02001953125,4.382999897003174
2007-10-31,1549.3800048828125,4.474999904632568
2007-11-01,1508.43994140625,4.361000061035156
2007-11-02,1509.6500244140625,4.290999889373779
2007-11-05,1502.1700439453125,4.317999839782715
2007-11-06,1520.27001953125,4.35699987411499
2007-11-07,1475.6199951171875,4.334000110626221
2007-11-08,1474.77001953125,4.2729997634887695
2007-11-09,1453.699951171875,4.224999904632568
2007-11-12,1439.1800537109375,4.210999965667725
2007-11-13,1481.050048828125,4.25600004196167
2007-11-14,1470.5799560546875,4.269000053405762
2007-11-15,1451.1500244140625,4.158999919891357
2007-11-16,1458.739990234375,4.150000095367432
2007-11-19,1433.27001953125,4.078999996185303
2007-11-20,1439.699951171875,4.053999900817871
2007-11-21,1416.77001953125,4.02400016784668
2007-11-23,1440.699951171875,4.01200008392334
2007-11-26,1407.219970703125,3.8469998836517334
2007-11-27,1428.22998046875,3.944000005722046
2007-11-28,1469.02001953125,4.025000095367432
2007-11-29,1469.719970703125,3.940000057220459
2007-11-30,1481.1400146484375,3.9719998836517334
2007-12-03,1472.4200439453125,3.8949999809265137
2007-12-04,1462.7900390625,3.8889999389648438
2007-12-05,1485.010009765625,3.9110000133514404
2007-12-06,1507.3399658203125,3.997999906539917
2007-12-07,1504.6600341796875,4.119999885559082
2007-12-10,1515.9599609375,4.14900016784668
2007-12-11,1477.6500244140625,3.990000009536743
2007-12-12,1486.5899658203125,4.076000213623047
2007-12-13,1488.4100341796875,4.170000076293945
2007-12-14,1467.949951171875,4.23199987411499
2007-12-17,1445.9000244140625,4.192999839782715
2007-12-18,1454.97998046875,4.119999885559082
2007-12-19,1453.0,4.070000171661377
2007-12-20,1460.1199951171875,4.026000022888184
2007-12-21,1484.4599609375,4.168000221252441
2007-12-24,1496.449951171875,4.211999893188477
2007-12-26,1497.6600341796875,4.281000137329102
2007-12-27,1476.27001953125,4.198999881744385
2007-12-28,1478.489990234375,4.0960001945495605
2007-12-31,1468.3599853515625,4.034999847412109
2008-01-02,1447.1600341796875,3.9010000228881836
2008-01-03,1447.1600341796875,3.9010000228881836
2008-01-04,1411.6300048828125,3.8540000915527344
2008-01-07,1416.1800537109375,3.8389999866485596
2008-01-08,1390.18994140625,3.8399999141693115
2008-01-09,1409.1300048828125,3.7909998893737793
2008-01-10,1420.3299560546875,3.88700008392334
2008-01-11,1401.02001953125,3.809999942779541
2008-01-14,1416.25,3.7929999828338623
2008-01-15,1380.949951171875,3.7009999752044678
2008-01-16,1373.199951171875,3.7119998931884766
2008-01-17,1333.25,3.640000104904175
2008-01-18,1325.18994140625,3.6480000019073486
2008-01-22,1310.5,3.4839999675750732
2008-01-23,1338.5999755859375,3.4260001182556152
2008-01-24,1352.0699462890625,3.640000104904175
2008-01-25,1330.6099853515625,3.5840001106262207
2008-01-28,1353.9599609375,3.5859999656677246
2008-01-29,1362.300048828125,3.6579999923706055
2008-01-30,1355.81005859375,3.7330000400543213
2008-01-31,1378.550048828125,3.6389999389648438
2008-02-01,1395.4200439453125,3.5999999046325684
2008-02-04,1380.8199462890625,3.6429998874664307
2008-02-05,1336.6400146484375,3.5869998931884766
2008-02-06,1326.449951171875,3.614000082015991
2008-02-07,1336.9100341796875,3.7360000610351562
2008-02-08,1331.2900390625,3.6540000438690186
2008-02-11,1339.1300048828125,3.618000030517578
2008-02-12,1348.8599853515625,3.678999900817871
2008-02-13,1367.2099609375,3.694000005722046
2008-02-14,1348.8599853515625,3.818000078201294
2008-02-15,1349.989990234375,3.7799999713897705
2008-02-19,1348.780029296875,3.875
2008-02-20,1360.030029296875,3.9170000553131104
2008-02-21,1342.530029296875,3.7839999198913574
2008-02-22,1353.1099853515625,3.7899999618530273
2008-02-25,1371.800048828125,3.9019999504089355
2008-02-26,1381.2900390625,3.859999895095825
2008-02-27,1380.02001953125,3.8499999046325684
2008-02-28,1367.6800537109375,3.7149999141693115
2008-02-29,1330.6300048828125,3.5339999198913574
2008-03-03,1331.3399658203125,3.5339999198913574
2008-03-04,1326.75,3.5789999961853027
2008-03-05,1333.699951171875,3.693000078201294
2008-03-06,1304.3399658203125,3.621999979019165
2008-03-07,1293.3699951171875,3.5409998893737793
2008-03-10,1273.3699951171875,3.437999963760376
2008-03-11,1320.6500244140625,3.5959999561309814
2008-03-12,1308.77001953125,3.4830000400543213
2008-03-13,1315.47998046875,3.5339999198913574
2008-03-14,1288.1400146484375,3.4210000038146973
2008-03-17,1276.5999755859375,3.313999891281128
2008-03-18,1330.739990234375,3.4509999752044678
2008-03-19,1298.4200439453125,3.361999988555908
2008-03-20,1329.510009765625,3.328000068664551
2008-03-24,1349.8800048828125,3.5220000743865967
2008-03-25,1352.989990234375,3.492000102996826
2008-03-26,1341.1300048828125,3.49399995803833
2008-03-27,1325.760009765625,3.5339999198913574
2008-03-28,1315.219970703125,3.4660000801086426
2008-03-31,1322.699951171875,3.431999921798706
2008-04-01,1370.1800537109375,3.5450000762939453
2008-04-02,1367.530029296875,3.5829999446868896
2008-04-03,1369.31005859375,3.5910000801086426
2008-04-04,1370.4000244140625,3.4809999465942383
2008-04-07,1372.5400390625,3.555999994277954
2008-04-08,1365.5400390625,3.558000087738037
2008-04-09,1354.489990234375,3.4660000801086426
2008-04-10,1360.550048828125,3.5320000648498535
2008-04-11,1332.8299560546875,3.4709999561309814
2008-04-14,1328.3199462890625,3.503000020980835
2008-04-15,1334.4300537109375,3.569999933242798
2008-04-16,1364.7099609375,3.696000099182129
2008-04-17,1365.56005859375,3.7290000915527344
2008-04-18,1390.3299560546875,3.743000030517578
2008-04-21,1388.1700439453125,3.7119998931884766
2008-04-22,1375.93994140625,3.7200000286102295
2008-04-23,1379.9300537109375,3.7300000190734863
2008-04-24,1388.8199462890625,3.8269999027252197
2008-04-25,1397.8399658203125,3.865999937057495
2008-04-28,1396.3699951171875,3.8350000381469727
2008-04-29,1390.93994140625,3.825000047683716
2008-04-30,1385.5899658203125,3.759000062942505
2008-05-01,1409.3399658203125,3.749000072479248
2008-05-02,1413.9000244140625,3.8450000286102295
2008-05-05,1407.489990234375,3.8450000286102295
2008-05-06,1418.260009765625,3.8929998874664307
2008-05-07,1392.5699462890625,3.867000102996826
2008-05-08,1397.6800537109375,3.805000066757202
2008-05-09,1388.280029296875,3.7669999599456787
2008-05-12,1403.5799560546875,3.7750000953674316
2008-05-13,1403.0400390625,3.9089999198913574
2008-05-14,1408.6600341796875,3.937999963760376
2008-05-15,1423.5699462890625,3.8429999351501465
2008-05-16,1425.3499755859375,3.8499999046325684
2008-05-19,1426.6300048828125,3.8389999866485596
2008-05-20,1413.4000244140625,3.7760000228881836
2008-05-21,1390.7099609375,3.822000026702881
2008-05-22,1394.3499755859375,3.9210000038146973
2008-05-23,1375.9300537109375,3.8310000896453857
2008-05-27,1385.3499755859375,3.9210000038146973
2008-05-28,1390.8399658203125,4.008999824523926
2008-05-29,1398.260009765625,4.078999996185303
2008-05-30,1400.3800048828125,4.046000003814697
2008-06-02,1385.6700439453125,3.9709999561309814
2008-06-03,1377.6500244140625,3.8980000019073486
2008-06-04,1377.199951171875,3.940000057220459
2008-06-05,1404.050048828125,4.025000095367432
2008-06-06,1360.6800537109375,3.937999963760376
2008-06-09,1361.760009765625,3.992000102996826
2008-06-10,1358.43994140625,4.098999977111816
2008-06-11,1335.489990234375,4.072999954223633
2008-06-12,1339.8699951171875,4.204999923706055
2008-06-13,1360.030029296875,4.261000156402588
2008-06-16,1360.1400146484375,4.244999885559082
2008-06-17,1350.9300537109375,4.224999904632568
2008-06-18,1337.81005859375,4.1539998054504395
2008-06-19,1342.8299560546875,4.198999881744385
2008-06-20,1317.9300537109375,4.13700008392334
2008-06-23,1318.0,4.168000221252441
2008-06-24,1314.2900390625,4.105000019073486
2008-06-25,1321.969970703125,4.114999771118164
2008-06-26,1283.1500244140625,4.0329999923706055
2008-06-27,1278.3800048828125,3.990000009536743
2008-06-30,1280.0,3.9790000915527344
2008-07-01,1284.9100341796875,3.992000102996826
2008-07-02,1261.52001953125,3.9590001106262207
2008-07-03,1262.9000244140625,3.9730000495910645
2008-07-07,1252.31005859375,3.930000066757202
2008-07-08,1273.699951171875,3.880000114440918
2008-07-09,1244.68994140625,3.8340001106262207
2008-07-10,1253.3900146484375,3.811000108718872
2008-07-11,1239.489990234375,3.940000057220459
2008-07-14,1228.300048828125,3.880000114440918
2008-07-15,1214.9100341796875,3.8440001010894775
2008-07-16,1245.3599853515625,3.934000015258789
2008-07-17,1260.3199462890625,4.038000106811523
2008-07-18,1260.6800537109375,4.080999851226807
2008-07-21,1260.0,4.066999912261963
2008-07-22,1277.0,4.0970001220703125
2008-07-23,1282.18994140625,4.1479997634887695
2008-07-24,1252.5400390625,4.015999794006348
2008-07-25,1257.760009765625,4.111000061035156
2008-07-28,1234.3699951171875,4.01800012588501
2008-07-29,1263.199951171875,4.044000148773193
2008-07-30,1284.260009765625,4.047999858856201
2008-07-31,1267.3800048828125,3.9790000915527344
2008-08-01,1260.31005859375,3.947999954223633
2008-08-04,1249.010009765625,3.9719998836517334
2008-08-05,1284.8800048828125,4.006999969482422
2008-08-06,1289.18994140625,4.047999858856201
2008-08-07,1266.0699462890625,3.934999942779541
2008-08-08,1296.3199462890625,3.950000047683716
2008-08-11,1305.3199462890625,4.001999855041504
2008-08-12,1289.5899658203125,3.9179999828338623
2008-08-13,1285.8299560546875,3.947000026702881
2008-08-14,1292.9300537109375,3.8919999599456787
2008-08-15,1298.199951171875,3.8519999980926514
2008-08-18,1278.5999755859375,3.815999984741211
2008-08-19,1266.68994140625,3.8420000076293945
2008-08-20,1274.5400390625,3.7990000247955322
2008-08-21,1277.719970703125,3.8380000591278076
2008-08-22,1292.199951171875,3.867000102996826
2008-08-25,1266.8399658203125,3.7909998893737793
2008-08-26,1271.510009765625,3.7839999198913574
2008-08-27,1281.6600341796875,3.7720000743865967
2008-08-28,1300.6800537109375,3.7950000762939453
2008-08-29,1282.8299560546875,3.812999963760376
2008-09-02,1277.5799560546875,3.746000051498413
2008-09-03,1274.97998046875,3.697000026702881
2008-09-04,1236.8299560546875,3.6429998874664307
2008-09-05,1242.31005859375,3.6600000858306885
2008-09-08,1267.7900390625,3.6649999618530273
2008-09-09,1224.510009765625,3.5959999561309814
2008-09-10,1232.0400390625,3.6410000324249268
2008-09-11,1249.050048828125,3.621999979019165
2008-09-12,1251.699951171875,3.7300000190734863
2008-09-15,1192.699951171875,3.4830000400543213
2008-09-16,1213.5999755859375,3.490999937057495
2008-09-17,1156.3900146484375,3.4100000858306885
2008-09-18,1206.510009765625,3.437000036239624
2008-09-19,1255.0799560546875,3.7690000534057617
2008-09-22,1207.0899658203125,3.8259999752044678
2008-09-23,1188.219970703125,3.8410000801086426
2008-09-24,1185.8699951171875,3.7709999084472656
2008-09-25,1209.1800537109375,3.861999988555908
2008-09-26,1213.27001953125,3.8269999027252197
2008-09-29,1106.4200439453125,3.631999969482422
2008-09-30,1166.3599853515625,3.8269999027252197
2008-10-01,1161.06005859375,3.7679998874664307
2008-10-02,1114.280029296875,3.6459999084472656
2008-10-03,1099.22998046875,3.6440000534057617
2008-10-06,1056.8900146484375,3.4260001182556152
2008-10-07,996.22998046875,3.50600004196167
2008-10-08,984.9400024414062,3.7149999141693115
2008-10-09,909.9199829101562,3.8340001106262207
2008-10-10,899.219970703125,3.8610000610351562
2008-10-13,1003.3499755859375,3.8610000610351562
2008-10-14,998.010009765625,4.0229997634887695
2008-10-15,907.8400268554688,4.011000156402588
2008-10-16,946.4299926757812,3.936000108718872
2008-10-17,940.5499877929688,3.937999963760376
2008-10-20,985.4000244140625,3.885999917984009
2008-10-21,955.0499877929688,3.703000068664551
2008-10-22,896.780029296875,3.618000030517578
2008-10-23,908.1099853515625,3.5339999198913574
2008-10-24,876.77001953125,3.697000026702881
2008-10-27,848.9199829101562,3.7290000915527344
2008-10-28,940.510009765625,3.819999933242798
2008-10-29,930.0900268554688,3.874000072479248
2008-10-30,954.0900268554688,3.938999891281128
2008-10-31,968.75,3.9700000286102295
2008-11-03,966.2999877929688,3.9040000438690186
2008-11-04,1005.75,3.765000104904175
2008-11-05,952.77001953125,3.694000005722046
2008-11-06,904.8800048828125,3.7070000171661377
2008-11-07,930.989990234375,3.7799999713897705
2008-11-10,919.2100219726562,3.759999990463257
2008-11-11,898.9500122070312,3.755000114440918
2008-11-12,852.2999877929688,3.6649999618530273
2008-11-13,911.2899780273438,3.818000078201294
2008-11-14,873.2899780273438,3.75
2008-11-17,850.75,3.684000015258789
2008-11-18,859.1199951171875,3.5350000858306885
2008-11-19,806.5800170898438,3.3910000324249268
2008-11-20,752.4400024414062,3.1440000534057617
2008-11-21,800.030029296875,3.1670000553131104
2008-11-24,851.8099975585938,3.3399999141693115
2008-11-25,857.3900146484375,3.0920000076293945
2008-11-26,887.6799926757812,3.000999927520752
2008-11-28,896.239990234375,2.9570000171661377
2008-12-01,816.2100219726562,2.7190001010894775
2008-12-02,848.8099975585938,2.693000078201294
2008-12-03,870.739990234375,2.6760001182556152
2008-12-04,845.219970703125,2.569999933242798
2008-12-05,876.0700073242188,2.6570000648498535
2008-12-08,909.7000122070312,2.7339999675750732
2008-12-09,888.6699829101562,2.6689999103546143
2008-12-10,899.239990234375,2.684000015258789
2008-12-11,873.5900268554688,2.6480000019073486
2008-12-12,879.72998046875,2.5889999866485596
2008-12-15,868.5700073242188,2.5329999923706055
2008-12-16,913.1799926757812,2.36299991607666
2008-12-17,904.4199829101562,2.190000057220459
2008-12-18,885.280029296875,2.0739998817443848
2008-12-19,887.8800048828125,2.13100004196167
2008-12-22,871.6300048828125,2.1410000324249268
2008-12-23,863.1599731445312,2.1630001068115234
2008-12-24,868.1500244140625,2.178999900817871
2008-12-26,872.7999877929688,2.13700008392334
2008-12-29,869.4199829101562,2.0959999561309814
2008-12-30,890.6400146484375,2.0869998931884766
2008-12-31,903.25,2.24399995803833
2009-01-02,931.7999877929688,2.4159998893737793
2009-01-05,927.4500122070312,2.48799991607666
2009-01-06,934.7000122070312,2.505000114440918
2009-01-07,906.6500244140625,2.49399995803833
2009-01-08,909.72998046875,2.444999933242798
2009-01-09,890.3499755859375,2.4070000648498535
2009-01-12,870.260009765625,2.309000015258789
2009-01-13,871.7899780273438,2.296999931335449
2009-01-14,842.6199951171875,2.2130000591278076
2009-01-15,843.739990234375,2.2009999752044678
2009-01-16,850.1199951171875,2.303999900817871
2009-01-20,805.219970703125,2.3450000286102295
2009-01-21,840.239990234375,2.5260000228881836
2009-01-22,827.5,2.5940001010894775
2009-01-23,831.9500122070312,2.621999979019165
2009-01-26,836.5700073242188,2.6429998874664307
2009-01-27,845.7100219726562,2.5190000534057617
2009-01-28,874.0900268554688,2.6559998989105225
2009-01-29,845.1400146484375,2.815000057220459
2009-01-30,825.8800048828125,2.8440001010894775
2009-02-02,825.4400024414062,2.7190001010894775
2009-02-03,838.510009765625,2.8420000076293945
2009-02-04,832.22998046875,2.9140000343322754
2009-02-05,845.8499755859375,2.9000000953674316
2009-02-06,868.5999755859375,2.9790000915527344
2009-02-09,869.8900146484375,3.0269999504089355
2009-02-10,827.1599731445312,2.8469998836517334
2009-02-11,833.739990234375,2.76200008392334
2009-02-12,835.1900024414062,2.7269999980926514
2009-02-13,826.8400268554688,2.881999969482422
2009-02-17,789.1699829101562,2.6619999408721924
2009-02-18,788.4199829101562,2.7279999256134033
2009-02-19,778.9400024414062,2.8570001125335693
2009-02-20,770.0499877929688,2.7720000743865967
2009-02-23,743.3300170898438,2.7769999504089355
2009-02-24,773.1400146484375,2.7990000247955322
2009-02-25,764.9000244140625,2.944999933242798
2009-02-26,752.8300170898438,2.9779999256134033
2009-02-27,735.0900268554688,3.0409998893737793
2009-03-02,700.8200073242188,2.9189999103546143
2009-03-03,696.3300170898438,2.937999963760376
2009-03-04,712.8699951171875,3.010999917984009
2009-03-05,682.5499877929688,2.819000005722046
2009-03-06,683.3800048828125,2.828000068664551
2009-03-09,676.530029296875,2.885999917984009
2009-03-10,719.5999755859375,2.9820001125335693
2009-03-11,721.3599853515625,2.9159998893737793
2009-03-12,750.739990234375,2.8919999599456787
2009-03-13,756.5499877929688,2.884999990463257
2009-03-16,753.8900146484375,2.9509999752044678
2009-03-17,778.1199951171875,3.003000020980835
2009-03-18,794.3499755859375,2.5329999923706055
2009-03-19,784.0399780273438,2.5969998836517334
2009-03-20,768.5399780273438,2.625
2009-03-23,822.9199829101562,2.6600000858306885
2009-03-24,806.1199951171875,2.6540000438690186
2009-03-25,813.8800048828125,2.7720000743865967
2009-03-26,832.8599853515625,2.7330000400543213
2009-03-27,815.9400024414062,2.760999917984009
2009-03-30,787.530029296875,2.7139999866485596
2009-03-31,797.8699951171875,2.684999942779541
2009-04-01,811.0800170898438,2.6579999923706055
2009-04-02,834.3800048828125,2.752000093460083
2009-04-03,842.5,2.9070000648498535
2009-04-06,835.47998046875,2.938999891281128
2009-04-07,815.5499877929688,2.9089999198913574
2009-04-08,825.1599731445312,2.8469998836517334
2009-04-09,856.5599975585938,2.9260001182556152
2009-04-13,858.72998046875,2.8450000286102295
2009-04-14,841.5,2.7860000133514404
2009-04-15,852.0599975585938,2.759000062942505
2009-04-16,865.2999877929688,2.8299999237060547
2009-04-17,869.5999755859375,2.930000066757202
2009-04-20,832.3900146484375,2.8429999351501465
2009-04-21,850.0800170898438,2.9019999504089355
2009-04-22,843.5499877929688,2.9639999866485596
2009-04-23,851.9199829101562,2.927000045776367
2009-04-24,866.22998046875,2.996000051498413
2009-04-27,857.510009765625,2.9210000038146973
2009-04-28,855.1599731445312,3.002000093460083
2009-04-29,873.6400146484375,3.0959999561309814
2009-04-30,872.8099975585938,3.124000072479248
2009-05-01,877.52001953125,3.1740000247955322
2009-05-04,907.239990234375,3.1570000648498535
2009-05-05,903.7999877929688,3.1570000648498535
2009-05-06,919.530029296875,3.1519999504089355
2009-05-07,907.3900146484375,3.2950000762939453
2009-05-08,929.22998046875,3.2929999828338623
2009-05-11,909.239990234375,3.180000066757202
2009-05-12,908.3499755859375,3.174999952316284
2009-05-13,883.9199829101562,3.1050000190734863
2009-05-14,893.0700073242188,3.1070001125335693
2009-05-15,882.8800048828125,3.122999906539917
2009-05-18,909.7100219726562,3.2109999656677246
2009-05-19,908.1300048828125,3.243000030517578
2009-05-20,903.469970703125,3.2019999027252197
2009-05-21,888.3300170898438,3.3529999256134033
2009-05-22,887.0,3.447999954223633
2009-05-26,910.3300170898438,3.493000030517578
2009-05-27,893.0599975585938,3.694999933242798
2009-05-28,906.8300170898438,3.671999931335449
2009-05-29,919.1400146484375,3.4649999141693115
2009-06-01,942.8699951171875,3.7149999141693115
2009-06-02,944.739990234375,3.6440000534057617
2009-06-03,931.760009765625,3.5510001182556152
2009-06-04,942.4600219726562,3.7160000801086426
2009-06-05,940.0900268554688,3.861999988555908
2009-06-08,939.1400146484375,3.8889999389648438
2009-06-09,942.4299926757812,3.8580000400543213
2009-06-10,939.1500244140625,3.936000108718872
2009-06-11,944.8900146484375,3.861999988555908
2009-06-12,946.2100219726562,3.7880001068115234
2009-06-15,923.719970703125,3.7130000591278076
2009-06-16,911.969970703125,3.6740000247955322
2009-06-17,910.7100219726562,3.6470000743865967
2009-06-18,918.3699951171875,3.8340001106262207
2009-06-19,921.22998046875,3.7890000343322754
2009-06-22,893.0399780273438,3.693000078201294
2009-06-23,895.0999755859375,3.640000104904175
2009-06-24,900.9400024414062,3.684999942779541
2009-06-25,920.260009765625,3.5460000038146973
2009-06-26,918.9000244140625,3.50600004196167
2009-06-29,927.22998046875,3.492000102996826
2009-06-30,919.3200073242188,3.5230000019073486
2009-07-01,923.3300170898438,3.5439999103546143
2009-07-02,896.4199829101562,3.494999885559082
2009-07-06,898.719970703125,3.50600004196167
2009-07-07,881.030029296875,3.4600000381469727
2009-07-08,879.5599975585938,3.2890000343322754
2009-07-09,882.6799926757812,3.4130001068115234
2009-07-10,879.1300048828125,3.2950000762939453
2009-07-13,901.0499877929688,3.3459999561309814
2009-07-14,905.8400268554688,3.447000026702881
2009-07-15,932.6799926757812,3.5959999561309814
2009-07-16,940.739990234375,3.556999921798706
2009-07-17,940.3800048828125,3.6510000228881836
2009-07-20,951.1300048828125,3.5850000381469727
2009-07-21,954.5800170898438,3.4769999980926514
2009-07-22,954.0700073242188,3.553999900817871
2009-07-23,976.2899780273438,3.7090001106262207
2009-07-24,979.260009765625,3.6700000762939453
2009-07-27,982.1799926757812,3.7130000591278076
2009-07-28,979.6199951171875,3.687999963760376
2009-07-29,975.1500244140625,3.6640000343322754
2009-07-30,986.75,3.6410000324249268
2009-07-31,987.47998046875,3.500999927520752
2009-08-03,1002.6300048828125,3.6389999389648438
2009-08-04,1005.6500244140625,3.678999900817871
2009-08-05,1002.719970703125,3.7639999389648438
2009-08-06,997.0800170898438,3.746000051498413
2009-08-07,1010.47998046875,3.8540000915527344
2009-08-10,1007.0999755859375,3.7709999084472656
2009-08-11,994.3499755859375,3.693000078201294
2009-08-12,1005.8099975585938,3.7009999752044678
2009-08-13,1012.72998046875,3.5910000801086426
2009-08-14,1004.0900268554688,3.558000087738037
2009-08-17,979.72998046875,3.490999937057495
2009-08-18,989.6699829101562,3.5260000228881836
2009-08-19,996.4600219726562,3.4630000591278076
2009-08-20,1007.3699951171875,3.434999942779541
2009-08-21,1026.1300048828125,3.555999994277954
2009-08-24,1025.5699462890625,3.49399995803833
2009-08-25,1028.0,3.450000047683716
2009-08-26,1028.1199951171875,3.437999963760376
2009-08-27,1030.97998046875,3.4619998931884766
2009-08-28,1028.9300537109375,3.4509999752044678
2009-08-31,1020.6199951171875,3.4010000228881836
2009-09-01,998.0399780273438,3.375
2009-09-02,994.75,3.2950000762939453
2009-09-03,1003.239990234375,3.328000068664551
2009-09-04,1016.4000244140625,3.441999912261963
2009-09-08,1025.3900146484375,3.4690001010894775
2009-09-09,1033.3699951171875,3.4790000915527344
2009-09-10,1044.1400146484375,3.3420000076293945
2009-09-11,1042.72998046875,3.3429999351501465
2009-09-14,1049.3399658203125,3.4059998989105225
2009-09-15,1052.6300048828125,3.4519999027252197
2009-09-16,1068.760009765625,3.4709999561309814
2009-09-17,1065.489990234375,3.3980000019073486
2009-09-18,1068.300048828125,3.4739999771118164
2009-09-21,1064.6600341796875,3.486999988555908
2009-09-22,1071.6600341796875,3.4560000896453857
2009-09-23,1060.8699951171875,3.4179999828338623
2009-09-24,1050.780029296875,3.38100004196167
2009-09-25,1044.3800048828125,3.3289999961853027
2009-09-28,1062.97998046875,3.302000045776367
2009-09-29,1060.6099853515625,3.2920000553131104
2009-09-30,1057.0799560546875,3.306999921798706
2009-10-01,1029.8499755859375,3.194000005722046
2009-10-02,1025.2099609375,3.2209999561309814
2009-10-05,1040.4599609375,3.2239999771118164
2009-10-06,1054.719970703125,3.247999906539917
2009-10-07,1057.5799560546875,3.174999952316284
2009-10-08,1065.47998046875,3.255000114440918
2009-10-09,1071.489990234375,3.384000062942505
2009-10-12,1076.18994140625,3.380000114440918
2009-10-13,1073.18994140625,3.312000036239624
2009-10-14,1092.02001953125,3.4230000972747803
2009-10-15,1096.56005859375,3.4700000286102295
2009-10-16,1087.6800537109375,3.4170000553131104
2009-10-19,1097.9100341796875,3.3949999809265137
2009-10-20,1091.06005859375,3.3369998931884766
2009-10-21,1081.4000244140625,3.4110000133514404
2009-10-22,1092.9100341796875,3.4210000038146973
2009-10-23,1079.5999755859375,3.4749999046325684
2009-10-26,1066.949951171875,3.553999900817871
2009-10-27,1063.4100341796875,3.4619998931884766
2009-10-28,1042.6300048828125,3.4110000133514404
2009-10-29,1066.1099853515625,3.500999927520752
2009-10-30,1036.18994140625,3.3919999599456787
2009-11-02,1042.8800048828125,3.421999931335449
2009-11-03,1045.4100341796875,3.4730000495910645
2009-11-04,1046.5,3.5460000038146973
2009-11-05,1066.6300048828125,3.5329999923706055
2009-11-06,1069.300048828125,3.503000020980835
2009-11-09,1093.0799560546875,3.4860000610351562
2009-11-10,1093.010009765625,3.4820001125335693
2009-11-11,1098.510009765625,3.4739999771118164
2009-11-12,1087.239990234375,3.446000099182129
2009-11-13,1093.47998046875,3.428999900817871
2009-11-16,1109.300048828125,3.3310000896453857
2009-11-17,1110.3199462890625,3.319000005722046
2009-11-18,1109.800048828125,3.365999937057495
2009-11-19,1094.9000244140625,3.3489999771118164
2009-11-20,1091.3800048828125,3.3559999465942383
2009-11-23,1106.239990234375,3.364000082015991
2009-11-24,1105.6500244140625,3.316999912261963
2009-11-25,1110.6300048828125,3.2790000438690186
2009-11-27,1091.489990234375,3.2309999465942383
2009-11-30,1095.6300048828125,3.2009999752044678
2009-12-01,1108.8599853515625,3.2750000953674316
2009-12-02,1109.239990234375,3.322999954223633
2009-12-03,1099.9200439453125,3.380000114440918
2009-12-04,1105.97998046875,3.4830000400543213
2009-12-07,1103.25,3.447999954223633
2009-12-08,1091.93994140625,3.3919999599456787
2009-12-09,1095.949951171875,3.4230000972747803
2009-12-10,1102.3499755859375,3.4820001125335693
2009-12-11,1106.4100341796875,3.5399999618530273
2009-12-14,1114.1099853515625,3.5460000038146973
2009-12-15,1107.9300537109375,3.6029999256134033
2009-12-16,1109.1800537109375,3.5959999561309814
2009-12-17,1096.0799560546875,3.486999988555908
2009-12-18,1102.469970703125,3.5460000038146973
2009-12-21,1114.050048828125,3.681999921798706
2009-12-22,1118.02001953125,3.74399995803833
2009-12-23,1120.5899658203125,3.747999906539917
2009-12-24,1126.47998046875,3.806999921798706
2009-12-28,1127.780029296875,3.8420000076293945
2009-12-29,1126.199951171875,3.809000015258789
2009-12-30,1126.4200439453125,3.7839999198913574
2009-12-31,1115.0999755859375,3.8429999351501465
2010-01-04,1132.989990234375,3.8410000801086426
2010-01-05,1136.52001953125,3.755000114440918
2010-01-06,1137.1400146484375,3.808000087738037
2010-01-07,1141.68994140625,3.822000026702881
2010-01-08,1144.97998046875,3.808000087738037
2010-01-11,1146.97998046875,3.818000078201294
2010-01-12,1136.219970703125,3.7190001010894775
2010-01-13,1145.6800537109375,3.7829999923706055
2010-01-14,1148.4599609375,3.7339999675750732
2010-01-15,1136.030029296875,3.6760001182556152
2010-01-19,1150.22998046875,3.7070000171661377
2010-01-20,1138.0400390625,3.6589999198913574
2010-01-21,1116.47998046875,3.6110000610351562
2010-01-22,1091.760009765625,3.5980000495910645
2010-01-25,1096.780029296875,3.630000114440918
2010-01-26,1092.1700439453125,3.630000114440918
2010-01-27,1097.5,3.6440000534057617
2010-01-28,1084.530029296875,3.6579999923706055
2010-01-29,1073.8699951171875,3.6089999675750732
2010-02-01,1089.18994140625,3.6540000438690186
2010-02-02,1103.3199462890625,3.634999990463257
2010-02-03,1097.280029296875,3.703000068664551
2010-02-04,1063.1099853515625,3.609999895095825
2010-02-05,1066.18994140625,3.5460000038146973
2010-02-08,1056.739990234375,3.5920000076293945
2010-02-09,1070.52001953125,3.632999897003174
2010-02-10,1068.1300048828125,3.694000005722046
2010-02-11,1078.469970703125,3.7330000400543213
2010-02-12,1075.510009765625,3.693000078201294
2010-02-16,1094.8699951171875,3.6640000343322754
2010-02-17,1099.510009765625,3.742000102996826
2010-02-18,1106.75,3.802999973297119
2010-02-19,1109.1700439453125,3.7820000648498535
2010-02-22,1108.010009765625,3.7990000247955322
2010-02-23,1094.5999755859375,3.690999984741211
2010-02-24,1105.239990234375,3.694999933242798
2010-02-25,1102.93994140625,3.6419999599456787
2010-02-26,1104.489990234375,3.5950000286102295
2010-03-01,1115.7099609375,3.6059999465942383
2010-03-02,1118.31005859375,3.614000082015991
2010-03-03,1118.7900390625,3.625
2010-03-04,1122.969970703125,3.6059999465942383
2010-03-05,1138.699951171875,3.681999921798706
2010-03-08,1138.5,3.7079999446868896
2010-03-09,1140.449951171875,3.7009999752044678
2010-03-10,1145.6099853515625,3.7200000286102295
2010-03-11,1150.239990234375,3.7200000286102295
2010-03-12,1149.989990234375,3.7100000381469727
2010-03-15,1150.510009765625,3.7039999961853027
2010-03-16,1159.4599609375,3.6530001163482666
2010-03-17,1166.2099609375,3.6419999599456787
2010-03-18,1165.8299560546875,3.671999931335449
2010-03-19,1159.9000244140625,3.687000036239624
2010-03-22,1165.81005859375,3.6630001068115234
2010-03-23,1174.1700439453125,3.680000066757202
2010-03-24,1167.719970703125,3.8289999961853027
2010-03-25,1165.72998046875,3.9010000228881836
2010-03-26,1166.5899658203125,3.8550000190734863
2010-03-29,1173.219970703125,3.864000082015991
2010-03-30,1173.27001953125,3.868000030517578
2010-03-31,1169.4300537109375,3.8329999446868896
2010-04-01,1178.0999755859375,3.8589999675750732
2010-04-05,1187.43994140625,3.99399995803833
2010-04-06,1189.43994140625,3.9679999351501465
2010-04-07,1182.449951171875,3.86299991607666
2010-04-08,1186.43994140625,3.8959999084472656
2010-04-09,1194.3699951171875,3.888000011444092
2010-04-12,1196.47998046875,3.8459999561309814
2010-04-13,1197.300048828125,3.811000108718872
2010-04-14,1210.6500244140625,3.8550000190734863
2010-04-15,1211.6700439453125,3.8480000495910645
2010-04-16,1192.1300048828125,3.7699999809265137
2010-04-19,1197.52001953125,3.806999921798706
2010-04-20,1207.1700439453125,3.805000066757202
2010-04-21,1205.93994140625,3.73799991607666
2010-04-22,1208.6700439453125,3.7720000743865967
2010-04-23,1217.280029296875,3.816999912261963
2010-04-26,1212.050048828125,3.815000057220459
2010-04-27,1183.7099609375,3.690000057220459
2010-04-28,1191.3599853515625,3.7730000019073486
2010-04-29,1206.780029296875,3.7279999256134033
2010-04-30,1186.68994140625,3.6630001068115234
2010-05-03,1202.260009765625,3.7049999237060547
2010-05-04,1173.5999755859375,3.61299991607666
2010-05-05,1165.8699951171875,3.549999952316284
2010-05-06,1128.1500244140625,3.3980000019073486
2010-05-07,1110.8800048828125,3.428999900817871
2010-05-10,1159.72998046875,3.5390000343322754
2010-05-11,1155.7900390625,3.5350000858306885
2010-05-12,1171.6700439453125,3.566999912261963
2010-05-13,1157.43994140625,3.563999891281128
2010-05-14,1135.6800537109375,3.441999912261963
2010-05-17,1136.93994140625,3.4719998836517334
2010-05-18,1120.800048828125,3.375999927520752
2010-05-19,1115.050048828125,3.3589999675750732
2010-05-20,1071.5899658203125,3.2639999389648438
2010-05-21,1087.68994140625,3.200000047683716
2010-05-24,1073.6500244140625,3.2269999980926514
2010-05-25,1074.030029296875,3.1579999923706055
2010-05-26,1067.949951171875,3.2179999351501465
2010-05-27,1103.06005859375,3.3380000591278076
2010-05-28,1089.4100341796875,3.3010001182556152
2010-06-01,1070.7099609375,3.2960000038146973
2010-06-02,1098.3800048828125,3.3340001106262207
2010-06-03,1102.8299560546875,3.378999948501587
2010-06-04,1064.8800048828125,3.194999933242798
2010-06-07,1050.469970703125,3.184000015258789
2010-06-08,1062.0,3.1679999828338623
2010-06-09,1055.68994140625,3.187000036239624
2010-06-10,1086.8399658203125,3.319000005722046
2010-06-11,1091.5999755859375,3.2160000801086426
2010-06-14,1089.6300048828125,3.2750000953674316
2010-06-15,1115.22998046875,3.309999942779541
2010-06-16,1114.6099853515625,3.2820000648498535
2010-06-17,1116.0400390625,3.190000057220459
2010-06-18,1117.510009765625,3.2230000495910645
2010-06-21,1113.199951171875,3.243000030517578
2010-06-22,1095.31005859375,3.1659998893737793
2010-06-23,1092.0400390625,3.115000009536743
2010-06-24,1073.68994140625,3.122999906539917
2010-06-25,1076.760009765625,3.11299991607666
2010-06-28,1074.5699462890625,3.0320000648498535
2010-06-29,1041.239990234375,2.9670000076293945
2010-06-30,1030.7099609375,2.9509999752044678
2010-07-01,1027.3699951171875,2.927000045776367
2010-07-02,1022.5800170898438,2.9790000915527344
2010-07-06,1028.06005859375,2.931999921798706
2010-07-07,1060.27001953125,2.9800000190734863
2010-07-08,1070.25,3.0199999809265137
2010-07-09,1077.9599609375,3.055999994277954
2010-07-12,1078.75,3.0460000038146973
2010-07-13,1095.3399658203125,3.114000082015991
2010-07-14,1095.1700439453125,3.049999952316284
2010-07-15,1096.47998046875,2.9779999256134033
2010-07-16,1064.8800048828125,2.938999891281128
2010-07-19,1071.25,2.9639999866485596
2010-07-20,1083.47998046875,2.931999921798706
2010-07-21,1069.5899658203125,2.8919999599456787
2010-07-22,1093.6700439453125,2.931999921798706
2010-07-23,1102.6600341796875,2.99399995803833
2010-07-26,1115.010009765625,2.99399995803833
2010-07-27,1113.8399658203125,3.046999931335449
2010-07-28,1106.1300048828125,3.000999927520752
2010-07-29,1101.530029296875,2.999000072479248
2010-07-30,1101.5999755859375,2.9070000648498535
2010-08-02,1125.8599853515625,2.9630000591278076
2010-08-03,1120.4599609375,2.9140000343322754
2010-08-04,1127.239990234375,2.9519999027252197
2010-08-05,1125.81005859375,2.9149999618530273
2010-08-06,1121.6400146484375,2.8239998817443848
2010-08-09,1127.7900390625,2.822000026702881
2010-08-10,1121.06005859375,2.7809998989105225
2010-08-11,1089.469970703125,2.684999942779541
2010-08-12,1083.6099853515625,2.734999895095825
2010-08-13,1079.25,2.687999963760376
2010-08-16,1079.3800048828125,2.575000047683716
2010-08-17,1092.5400390625,2.6449999809265137
2010-08-18,1094.1600341796875,2.6410000324249268
2010-08-19,1075.6300048828125,2.5789999961853027
2010-08-20,1071.68994140625,2.611999988555908
2010-08-23,1067.3599853515625,2.6070001125335693
2010-08-24,1051.8699951171875,2.499000072479248
2010-08-25,1055.3299560546875,2.5380001068115234
2010-08-26,1047.219970703125,2.499000072479248
2010-08-27,1064.5899658203125,2.6519999504089355
2010-08-30,1048.9200439453125,2.5450000762939453
2010-08-31,1049.3299560546875,2.4769999980926514
2010-09-01,1080.2900390625,2.5820000171661377
2010-09-02,1090.0999755859375,2.628000020980835
2010-09-03,1104.510009765625,2.7060000896453857
2010-09-07,1091.8399658203125,2.6089999675750732
2010-09-08,1098.8699951171875,2.6540000438690186
2010-09-09,1104.1800537109375,2.760999917984009
2010-09-10,1109.550048828125,2.7950000762939453
2010-09-13,1121.9000244140625,2.740999937057495
2010-09-14,1121.0999755859375,2.6659998893737793
2010-09-15,1125.0699462890625,2.7230000495910645
2010-09-16,1124.6600341796875,2.759000062942505
2010-09-17,1125.5899658203125,2.746000051498413
2010-09-20,1142.7099609375,2.7060000896453857
2010-09-21,1139.780029296875,2.5940001010894775
2010-09-22,1134.280029296875,2.5480000972747803
2010-09-23,1124.8299560546875,2.555000066757202
2010-09-24,1148.6700439453125,2.611999988555908
2010-09-27,1142.1600341796875,2.5169999599456787
2010-09-28,1147.699951171875,2.4560000896453857
2010-09-29,1144.72998046875,2.50600004196167
2010-09-30,1141.199951171875,2.5169999599456787
2010-10-01,1146.239990234375,2.5260000228881836
2010-10-04,1137.030029296875,2.4790000915527344
2010-10-05,1160.75,2.4739999771118164
2010-10-06,1159.969970703125,2.3989999294281006
2010-10-07,1158.06005859375,2.3959999084472656
2010-10-08,1165.1500244140625,2.38100004196167
2010-10-11,1165.3199462890625,
2010-10-12,1169.77001953125,2.421999931335449
2010-10-13,1178.0999755859375,2.430999994277954
2010-10-14,1173.81005859375,2.494999885559082
2010-10-15,1176.18994140625,2.5759999752044678
2010-10-18,1184.7099609375,2.490999937057495
2010-10-19,1165.9000244140625,2.4749999046325684
2010-10-20,1178.1700439453125,2.4700000286102295
2010-10-21,1180.260009765625,2.5309998989105225
2010-10-22,1183.0799560546875,2.562999963760376
2010-10-25,1185.6199951171875,2.553999900817871
2010-10-26,1185.6400146484375,2.635999917984009
2010-10-27,1182.449951171875,2.7119998931884766
2010-10-28,1183.780029296875,2.6610000133514404
2010-10-29,1183.260009765625,2.611999988555908
2010-11-01,1184.3800048828125,2.628000020980835
2010-11-02,1193.5699462890625,2.5940001010894775
2010-11-03,1197.9599609375,2.61899995803833
2010-11-04,1221.06005859375,2.4839999675750732
2010-11-05,1225.8499755859375,2.5360000133514404
2010-11-08,1223.25,2.562999963760376
2010-11-09,1213.4000244140625,2.6589999198913574
2010-11-10,1218.7099609375,2.6480000019073486
2010-11-11,1213.5400390625,2.6480000019073486
2010-11-12,1199.2099609375,2.75600004196167
2010-11-15,1197.75,2.9110000133514404
2010-11-16,1178.3399658203125,2.8469998836517334
2010-11-17,1178.5899658203125,2.864000082015991
2010-11-18,1196.68994140625,2.9019999504089355
2010-11-19,1199.72998046875,2.875
2010-11-22,1197.8399658203125,2.812999963760376
2010-11-23,1180.72998046875,2.76200008392334
2010-11-24,1198.3499755859375,2.9140000343322754
2010-11-26,1189.4000244140625,2.864000082015991
2010-11-29,1187.760009765625,2.822000026702881
2010-11-30,1180.550048828125,2.796999931335449
2010-12-01,1206.0699462890625,2.9639999866485596
2010-12-02,1221.530029296875,3.0
2010-12-03,1224.7099609375,3.0169999599456787
2010-12-06,1223.1199951171875,2.940999984741211
2010-12-07,1223.75,3.1649999618530273
2010-12-08,1228.280029296875,3.2360000610351562
2010-12-09,1233.0,3.2230000495910645
2010-12-10,1240.4000244140625,3.2960000038146973
2010-12-13,1240.4599609375,3.2829999923706055
2010-12-14,1241.5899658203125,3.4549999237060547
2010-12-15,1235.22998046875,3.5199999809265137
2010-12-16,1242.8699951171875,3.4769999980926514
2010-12-17,1243.9100341796875,3.3299999237060547
2010-12-20,1247.0799560546875,3.3489999771118164
2010-12-21,1254.5999755859375,3.3259999752044678
2010-12-22,1258.8399658203125,3.3459999561309814
2010-12-23,1256.77001953125,3.3929998874664307
2010-12-27,1257.5400390625,3.3510000705718994
2010-12-28,1258.510009765625,3.4809999465942383
2010-12-29,1259.780029296875,3.3410000801086426
2010-12-30,1257.8800048828125,3.36899995803833
2010-12-31,1257.6400146484375,3.305000066757202
2011-01-03,1271.8699951171875,3.3420000076293945
2011-01-04,1270.199951171875,3.3459999561309814
2011-01-05,1276.56005859375,3.4830000400543213
2011-01-06,1273.8499755859375,3.4189999103546143
2011-01-07,1271.5,3.328000068664551
2011-01-10,1269.75,3.303999900817871
2011-01-11,1274.47998046875,3.3410000801086426
2011-01-12,1285.9599609375,3.3550000190734863
2011-01-13,1283.760009765625,3.3010001182556152
2011-01-14,1293.239990234375,3.3329999446868896
2011-01-18,1295.02001953125,3.364000082015991
2011-01-19,1281.9200439453125,3.3369998931884766
2011-01-20,1280.260009765625,3.4590001106262207
2011-01-21,1283.3499755859375,3.4159998893737793
2011-01-24,1290.8399658203125,3.4079999923706055
2011-01-25,1291.1800537109375,3.319000005722046
2011-01-26,1296.6300048828125,3.427999973297119
2011-01-27,1299.5400390625,3.384999990463257
2011-01-28,1276.3399658203125,3.3289999961853027
2011-01-31,1286.1199951171875,3.378000020980835
2011-02-01,1307.5899658203125,3.443000078201294
2011-02-02,1304.030029296875,3.489000082015991
2011-02-03,1307.0999755859375,3.5409998893737793
2011-02-04,1310.8699951171875,3.6519999504089355
2011-02-07,1319.050048828125,3.6440000534057617
2011-02-08,1324.5699462890625,3.7249999046325684
2011-02-09,1320.8800048828125,3.6419999599456787
2011-02-10,1321.8699951171875,3.7079999446868896
2011-02-11,1329.1500244140625,3.6459999084472656
2011-02-14,1332.3199462890625,3.614000082015991
2011-02-15,1328.010009765625,3.615999937057495
2011-02-16,1336.3199462890625,3.621000051498413
2011-02-17,1340.4300537109375,3.5739998817443848
2011-02-18,1343.010009765625,3.5889999866485596
2011-02-22,1315.43994140625,3.4609999656677246
2011-02-23,1307.4000244140625,3.486999988555908
2011-02-24,1306.0999755859375,3.437999963760376
2011-02-25,1319.8800048828125,3.424999952316284
2011-02-28,1327.219970703125,3.4140000343322754
2011-03-01,1306.3299560546875,3.4140000343322754
2011-03-02,1308.43994140625,3.4639999866485596
2011-03-03,1330.969970703125,3.572000026702881
2011-03-04,1321.1500244140625,3.492000102996826
2011-03-07,1310.1300048828125,3.496999979019165
2011-03-08,1321.8199462890625,3.5439999103546143
2011-03-09,1320.02001953125,3.4690001010894775
2011-03-10,1295.1099853515625,3.3929998874664307
2011-03-11,1304.280029296875,3.3929998874664307
2011-03-14,1296.3900146484375,3.3469998836517334
2011-03-15,1281.8699951171875,3.322999954223633
2011-03-16,1256.8800048828125,3.2119998931884766
2011-03-17,1273.719970703125,3.247999906539917
2011-03-18,1279.2099609375,3.2769999504089355
2011-03-21,1298.3800048828125,3.322999954223633
2011-03-22,1293.77001953125,3.3320000171661377
2011-03-23,1297.5400390625,3.3480000495910645
2011-03-24,1309.6600341796875,3.4040000438690186
2011-03-25,1313.800048828125,3.444000005722046
2011-03-28,1310.18994140625,3.447999954223633
2011-03-29,1319.43994140625,3.490999937057495
2011-03-30,1328.260009765625,3.4549999237060547
2011-03-31,1325.8299560546875,3.4539999961853027
2011-04-01,1332.4100341796875,3.4509999752044678
2011-04-04,1332.8699951171875,3.430999994277954
2011-04-05,1332.6300048828125,3.486999988555908
2011-04-06,1335.5400390625,3.5450000762939453
2011-04-07,1333.510009765625,3.555000066757202
2011-04-08,1328.1700439453125,3.569999933242798
2011-04-11,1324.4599609375,3.569999933242798
2011-04-12,1314.1600341796875,3.5
2011-04-13,1314.4100341796875,3.4660000801086426
2011-04-14,1314.52001953125,3.484999895095825
2011-04-15,1319.6800537109375,3.4100000858306885
2011-04-18,1305.1400146484375,3.371000051498413
2011-04-19,1312.6199951171875,3.3559999465942383
2011-04-20,1330.3599853515625,3.4000000953674316
2011-04-21,1337.3800048828125,3.4000000953674316
2011-04-25,1335.25,3.36299991607666
2011-04-26,1347.239990234375,3.319999933242798
2011-04-27,1355.6600341796875,3.368000030517578
2011-04-28,1360.47998046875,3.312000036239624
2011-04-29,1363.6099853515625,3.2960000038146973
2011-05-02,1361.219970703125,3.2860000133514404
2011-05-03,1356.6199951171875,3.255000114440918
2011-05-04,1347.3199462890625,3.2230000495910645
2011-05-05,1335.0999755859375,3.1679999828338623
2011-05-06,1340.199951171875,3.1570000648498535
2011-05-09,1346.2900390625,3.1419999599456787
2011-05-10,1357.1600341796875,3.194999933242798
2011-05-11,1342.0799560546875,3.1570000648498535
2011-05-12,1348.6500244140625,3.2300000190734863
2011-05-13,1337.77001953125,3.187000036239624
2011-05-16,1329.469970703125,3.1489999294281006
2011-05-17,1328.97998046875,3.121000051498413
2011-05-18,1340.6800537109375,3.1710000038146973
2011-05-19,1343.5999755859375,3.1710000038146973
2011-05-20,1333.27001953125,3.1519999504089355
2011-05-23,1317.3699951171875,3.134000062942505
2011-05-24,1316.280029296875,3.122999906539917
2011-05-25,1320.469970703125,3.128999948501587
2011-05-26,1325.68994140625,3.061000108718872
2011-05-27,1331.0999755859375,3.063999891281128
2011-05-31,1345.199951171875,3.049999952316284
2011-06-01,1314.550048828125,2.9660000801086426
2011-06-02,1312.93994140625,3.0299999713897705
2011-06-03,1300.1600341796875,2.996999979019165
2011-06-06,1286.1700439453125,3.002000093460083
2011-06-07,1284.93994140625,3.010999917984009
2011-06-08,1279.56005859375,2.9619998931884766
2011-06-09,1289.0,2.997999906539917
2011-06-10,1270.97998046875,2.9709999561309814
2011-06-13,1271.8299560546875,2.990999937057495
2011-06-14,1287.8699951171875,3.0989999771118164
2011-06-15,1265.4200439453125,2.9730000495910645
2011-06-16,1267.6400146484375,2.9089999198913574
2011-06-17,1271.5,2.944000005722046
2011-06-20,1278.3599853515625,2.9630000591278076
2011-06-21,1295.52001953125,2.984999895095825
2011-06-22,1287.1400146484375,2.993000030517578
2011-06-23,1283.5,2.9089999198913574
2011-06-24,1268.449951171875,2.871000051498413
2011-06-27,1280.0999755859375,2.927000045776367
2011-06-28,1296.6700439453125,3.0450000762939453
2011-06-29,1307.4100341796875,3.1080000400543213
2011-06-30,1320.6400146484375,3.1579999923706055
2011-07-01,1339.6700439453125,3.197000026702881
2011-07-05,1337.8800048828125,3.135999917984009
2011-07-06,1339.219970703125,3.0950000286102295
2011-07-07,1353.219970703125,3.1489999294281006
2011-07-08,1343.800048828125,3.0160000324249268
2011-07-11,1319.489990234375,2.9170000553131104
2011-07-12,1313.6400146484375,2.9079999923706055
2011-07-13,1317.719970703125,2.8910000324249268
2011-07-14,1308.8699951171875,2.944000005722046
2011-07-15,1316.1400146484375,2.9079999923706055
2011-07-18,1305.43994140625,2.9089999198913574
2011-07-19,1326.72998046875,2.8910000324249268
2011-07-20,1325.8399658203125,2.933000087738037
2011-07-21,1343.800048828125,3.009999990463257
2011-07-22,1345.02001953125,2.9639999866485596
2011-07-25,1337.4300537109375,3.003999948501587
2011-07-26,1331.93994140625,2.9509999752044678
2011-07-27,1304.8900146484375,2.9800000190734863
2011-07-28,1300.6700439453125,2.9509999752044678
2011-07-29,1292.280029296875,2.805000066757202
2011-08-01,1286.93994140625,2.740000009536743
2011-08-02,1254.050048828125,2.624000072479248
2011-08-03,1260.3399658203125,2.5989999771118164
2011-08-04,1200.0699462890625,2.4579999446868896
2011-08-05,1199.3800048828125,2.558000087738037
2011-08-08,1119.4599609375,2.3389999866485596
2011-08-09,1172.530029296875,2.181999921798706
2011-08-10,1120.760009765625,2.13700008392334
2011-08-11,1172.6400146484375,2.3359999656677246
2011-08-12,1178.81005859375,2.236999988555908
2011-08-15,1204.489990234375,2.2850000858306885
2011-08-16,1192.760009765625,2.2139999866485596
2011-08-17,1193.8900146484375,2.1649999618530273
2011-08-18,1140.6500244140625,2.0829999446868896
2011-08-19,1123.530029296875,2.071000099182129
2011-08-22,1123.8199462890625,2.0880000591278076
2011-08-23,1162.3499755859375,2.13700008392334
2011-08-24,1177.5999755859375,2.259999990463257
2011-08-25,1159.27001953125,2.2219998836517334
2011-08-26,1176.800048828125,2.187999963760376
2011-08-29,1210.0799560546875,2.2709999084472656
2011-08-30,1212.9200439453125,2.1760001182556152
2011-08-31,1218.8900146484375,2.2179999351501465
2011-09-01,1204.4200439453125,2.1459999084472656
2011-09-02,1173.969970703125,1.996000051498413
2011-09-06,1165.239990234375,1.9789999723434448
2011-09-07,1198.6199951171875,2.0360000133514404
2011-09-08,1185.9000244140625,1.9859999418258667
2011-09-09,1154.22998046875,1.9149999618530273
2011-09-12,1162.27001953125,1.9299999475479126
2011-09-13,1172.8699951171875,1.99399995803833
2011-09-14,1188.6800537109375,2.010999917984009
2011-09-15,1209.1099853515625,2.0850000381469727
2011-09-16,1216.010009765625,2.0759999752044678
2011-09-19,1204.0899658203125,1.940000057220459
2011-09-20,1202.0899658203125,1.9470000267028809
2011-09-21,1166.760009765625,1.875
2011-09-22,1129.56005859375,1.715000033378601
2011-09-23,1136.4300537109375,1.8079999685287476
2011-09-26,1162.949951171875,1.9040000438690186
2011-09-27,1175.3800048828125,2.0160000324249268
2011-09-28,1151.06005859375,2.002000093460083
2011-09-29,1160.4000244140625,1.9570000171661377
2011-09-30,1131.4200439453125,1.9240000247955322
2011-10-03,1099.22998046875,1.784999966621399
2011-10-04,1123.949951171875,1.781000018119812
2011-10-05,1144.030029296875,1.9049999713897705
2011-10-06,1164.969970703125,1.9859999418258667
2011-10-07,1155.4599609375,2.068000078201294
2011-10-10,1194.8900146484375,2.0759999752044678
2011-10-11,1195.5400390625,2.1600000858306885
2011-10-12,1207.25,2.2260000705718994
2011-10-13,1203.6600341796875,2.1689999103546143
2011-10-14,1224.5799560546875,2.2320001125335693
2011-10-17,1200.8599853515625,2.1549999713897705
2011-10-18,1225.3800048828125,2.1510000228881836
2011-10-19,1209.8800048828125,2.1589999198913574
2011-10-20,1215.3900146484375,2.180000066757202
2011-10-21,1238.25,2.203000068664551
2011-10-24,1254.18994140625,2.2339999675750732
2011-10-25,1229.050048828125,2.128000020980835
2011-10-26,1242.0,2.203000068664551
2011-10-27,1284.5899658203125,2.3949999809265137
2011-10-28,1285.0899658203125,2.305999994277954
2011-10-31,1253.300048828125,2.174999952316284
2011-11-01,1218.280029296875,2.000999927520752
2011-11-02,1237.9000244140625,2.00600004196167
2011-11-03,1261.1500244140625,2.065999984741211
2011-11-04,1253.22998046875,2.049999952316284
2011-11-07,1261.1199951171875,1.99399995803833
2011-11-08,1275.9200439453125,2.065000057220459
2011-11-09,1229.0999755859375,1.9550000429153442
2011-11-10,1239.699951171875,2.055999994277954
2011-11-11,1263.8499755859375,2.055999994277954
2011-11-14,1251.780029296875,2.0429999828338623
2011-11-15,1257.81005859375,2.056999921798706
2011-11-16,1236.9100341796875,2.0239999294281006
2011-11-17,1216.1300048828125,1.9579999446868896
2011-11-18,1215.6500244140625,2.01200008392334
2011-11-21,1192.97998046875,1.9620000123977661
2011-11-22,1188.0400390625,1.9390000104904175
2011-11-23,1161.7900390625,1.878999948501587
2011-11-25,1158.6700439453125,1.9670000076293945
2011-11-28,1192.550048828125,1.9579999446868896
2011-11-29,1195.18994140625,1.996000051498413
2011-11-30,1246.9599609375,2.068000078201294
2011-12-01,1244.5799560546875,2.117000102996826
2011-12-02,1244.280029296875,2.0420000553131104
2011-12-05,1257.0799560546875,2.053999900817871
2011-12-06,1258.469970703125,2.0929999351501465
2011-12-07,1261.010009765625,2.0169999599456787
2011-12-08,1234.3499755859375,1.972000002861023
2011-12-09,1255.18994140625,2.052000045776367
2011-12-12,1236.469970703125,2.009000062942505
2011-12-13,1225.72998046875,1.9620000123977661
2011-12-14,1211.8199462890625,1.9010000228881836
2011-12-15,1215.75,1.9129999876022339
2011-12-16,1219.6600341796875,1.8539999723434448
2011-12-19,1205.3499755859375,1.812999963760376
2011-12-20,1241.300048828125,1.9249999523162842
2011-12-21,1243.719970703125,1.9670000076293945
2011-12-22,1254.0,1.9509999752044678
2011-12-23,1265.3299560546875,2.0299999713897705
2011-12-27,1265.4300537109375,2.009000062942505
2011-12-28,1249.6400146484375,1.9079999923706055
2011-12-29,1263.02001953125,1.8969999551773071
2011-12-30,1257.5999755859375,1.871000051498413
2012-01-03,1277.06005859375,1.9600000381469727
2012-01-04,1277.300048828125,1.9950000047683716
2012-01-05,1281.06005859375,1.9930000305175781
2012-01-06,1277.81005859375,1.9609999656677246
2012-01-09,1280.699951171875,1.9600000381469727
2012-01-10,1292.0799560546875,1.972000002861023
2012-01-11,1292.47998046875,1.9040000438690186
2012-01-12,1295.5,1.9329999685287476
2012-01-13,1289.0899658203125,1.8530000448226929
2012-01-17,1293.6700439453125,1.850000023841858
2012-01-18,1308.0400390625,1.8969999551773071
2012-01-19,1314.5,1.972000002861023
2012-01-20,1315.3800048828125,2.0280001163482666
2012-01-23,1316.0,2.066999912261963
2012-01-24,1314.6500244140625,2.063999891281128
2012-01-25,1326.06005859375,2.006999969482422
2012-01-26,1318.4300537109375,1.930999994277954
2012-01-27,1316.3299560546875,1.8980000019073486
2012-01-30,1313.010009765625,1.8370000123977661
2012-01-31,1312.4100341796875,1.7990000247955322
2012-02-01,1324.0899658203125,1.8459999561309814
2012-02-02,1325.5400390625,1.8250000476837158
2012-02-03,1344.9000244140625,1.9490000009536743
2012-02-06,1344.3299560546875,1.9010000228881836
2012-02-07,1347.050048828125,1.965999960899353
2012-02-08,1349.9599609375,1.975000023841858
2012-02-09,1351.949951171875,2.046999931335449
2012-02-10,1342.6400146484375,1.968999981880188
2012-02-13,1351.77001953125,1.9900000095367432
2012-02-14,1350.5,1.9240000247955322
2012-02-15,1343.22998046875,1.930999994277954
2012-02-16,1358.0400390625,1.9930000305175781
2012-02-17,1361.22998046875,2.009999990463257
2012-02-21,1362.2099609375,2.0450000762939453
2012-02-22,1357.6600341796875,2.005000114440918
2012-02-23,1363.4599609375,1.9839999675750732
2012-02-24,1365.739990234375,1.9769999980926514
2012-02-27,1367.5899658203125,1.9220000505447388
2012-02-28,1372.1800537109375,1.9290000200271606
2012-02-29,1365.6800537109375,1.9769999980926514
2012-03-01,1374.0899658203125,2.0369999408721924
2012-03-02,1369.6300048828125,1.9859999418258667
2012-03-05,1364.3299560546875,2.005000114440918
2012-03-06,1343.3599853515625,1.944000005722046
2012-03-07,1352.6300048828125,1.972000002861023
2012-03-08,1365.9100341796875,2.0139999389648438
2012-03-09,1370.8699951171875,2.0380001068115234
2012-03-12,1371.0899658203125,2.0309998989105225
2012-03-13,1395.949951171875,2.1070001125335693
2012-03-14,1394.280029296875,2.2739999294281006
2012-03-15,1402.5999755859375,2.2809998989105225
2012-03-16,1404.1700439453125,2.2980000972747803
2012-03-19,1409.75,2.378999948501587
2012-03-20,1405.52001953125,2.371999979019165
2012-03-21,1402.8900146484375,2.2939999103546143
2012-03-22,1392.780029296875,2.2750000953674316
2012-03-23,1397.1099853515625,2.236999988555908
2012-03-26,1416.510009765625,2.24399995803833
2012-03-27,1412.52001953125,2.187000036239624
2012-03-28,1405.5400390625,2.196000099182129
2012-03-29,1403.280029296875,2.1589999198913574
2012-03-30,1408.469970703125,2.2160000801086426
2012-04-02,1419.0400390625,2.193000078201294
2012-04-03,1413.3800048828125,2.2839999198913574
2012-04-04,1398.9599609375,2.243000030517578
2012-04-05,1398.0799560546875,2.174999952316284
2012-04-09,1382.199951171875,2.0369999408721924
2012-04-10,1358.5899658203125,1.9880000352859497
2012-04-11,1368.7099609375,2.0280001163482666
2012-04-12,1387.5699462890625,2.0490000247955322
2012-04-13,1370.260009765625,1.9980000257492065
2012-04-16,1369.5699462890625,1.9739999771118164
2012-04-17,1390.780029296875,2.009000062942505
2012-04-18,1385.1400146484375,1.9819999933242798
2012-04-19,1376.9200439453125,1.9520000219345093
2012-04-20,1378.530029296875,1.9700000286102295
2012-04-23,1366.93994140625,1.9329999685287476
2012-04-24,1371.969970703125,1.9609999656677246
2012-04-25,1390.68994140625,1.9839999675750732
2012-04-26,1399.97998046875,1.9589999914169312
2012-04-27,1403.3599853515625,1.9329999685287476
2012-04-30,1397.9100341796875,1.9149999618530273
2012-05-01,1405.8199462890625,1.9559999704360962
2012-05-02,1402.31005859375,1.9220000505447388
2012-05-03,1391.5699462890625,1.9240000247955322
2012-05-04,1369.0999755859375,1.8799999952316284
2012-05-07,1369.5799560546875,1.8769999742507935
2012-05-08,1363.719970703125,1.8370000123977661
2012-05-09,1354.5799560546875,1.8350000381469727
2012-05-10,1357.989990234375,1.8839999437332153
2012-05-11,1353.3900146484375,1.840999960899353
2012-05-14,1338.3499755859375,1.7879999876022339
2012-05-15,1330.6600341796875,1.7769999504089355
2012-05-16,1324.800048828125,1.7649999856948853
2012-05-17,1304.8599853515625,1.7020000219345093
2012-05-18,1295.219970703125,1.7020000219345093
2012-05-21,1315.989990234375,1.7350000143051147
2012-05-22,1316.6300048828125,1.7929999828338623
2012-05-23,1318.8599853515625,1.7209999561309814
2012-05-24,1320.6800537109375,1.7589999437332153
2012-05-25,1317.8199462890625,1.7450000047683716
2012-05-29,1332.4200439453125,1.7309999465942383
2012-05-30,1313.3199462890625,1.625
2012-05-31,1310.3299560546875,1.5809999704360962
2012-06-01,1278.0400390625,1.4670000076293945
2012-06-04,1278.1800537109375,1.5269999504089355
2012-06-05,1285.5,1.555999994277954
2012-06-06,1315.1300048828125,1.6510000228881836
2012-06-07,1314.989990234375,1.6540000438690186
2012-06-08,1325.6600341796875,1.6369999647140503
2012-06-11,1308.9300537109375,1.600000023841858
2012-06-12,1324.1800537109375,1.6610000133514404
2012-06-13,1314.8800048828125,1.5989999771118164
2012-06-14,1329.0999755859375,1.6109999418258667
2012-06-15,1342.8399658203125,1.5870000123977661
2012-06-18,1344.780029296875,1.5839999914169312
2012-06-19,1357.97998046875,1.6200000047683716
2012-06-20,1355.68994140625,1.6419999599456787
2012-06-21,1325.510009765625,1.6180000305175781
2012-06-22,1335.02001953125,1.6720000505447388
2012-06-25,1313.719970703125,1.6080000400543213
2012-06-26,1319.989990234375,1.628000020980835
2012-06-27,1331.8499755859375,1.621000051498413
2012-06-28,1329.0400390625,1.5770000219345093
2012-06-29,1362.1600341796875,1.659000039100647
2012-07-02,1365.510009765625,1.5800000429153442
2012-07-03,1374.02001953125,1.63100004196167
2012-07-05,1367.5799560546875,1.597000002861023
2012-07-06,1354.6800537109375,1.5440000295639038
2012-07-09,1352.4599609375,1.5130000114440918
2012-07-10,1341.469970703125,1.4980000257492065
2012-07-11,1341.449951171875,1.4980000257492065
2012-07-12,1334.760009765625,1.4789999723434448
2012-07-13,1356.780029296875,1.4989999532699585
2012-07-16,1353.6400146484375,1.4639999866485596
2012-07-17,1363.6700439453125,1.5010000467300415
2012-07-18,1372.780029296875,1.4789999723434448
2012-07-19,1376.510009765625,1.5149999856948853
2012-07-20,1362.6600341796875,1.4600000381469727
2012-07-23,1350.52001953125,1.434999942779541
2012-07-24,1338.31005859375,1.4040000438690186
2012-07-25,1337.8900146484375,1.406000018119812
2012-07-26,1360.02001953125,1.4279999732971191
2012-07-27,1385.969970703125,1.5549999475479126
2012-07-30,1385.300048828125,1.503999948501587
2012-07-31,1379.3199462890625,1.4919999837875366
2012-08-01,1375.3199462890625,1.5390000343322754
2012-08-02,1365.0,1.4780000448226929
2012-08-03,1390.989990234375,1.5770000219345093
2012-08-06,1394.22998046875,1.5579999685287476
2012-08-07,1401.3499755859375,1.628000020980835
2012-08-08,1402.219970703125,1.6399999856948853
2012-08-09,1402.800048828125,1.687999963760376
2012-08-10,1405.8699951171875,1.6490000486373901
2012-08-13,1404.1099853515625,1.6540000438690186
2012-08-14,1403.9300537109375,1.7259999513626099
2012-08-15,1405.530029296875,1.8049999475479126
2012-08-16,1415.510009765625,1.8359999656677246
2012-08-17,1418.1600341796875,1.815999984741211
2012-08-20,1418.1300048828125,1.8140000104904175
2012-08-21,1413.1700439453125,1.8049999475479126
2012-08-22,1413.489990234375,1.718999981880188
2012-08-23,1402.0799560546875,1.6660000085830688
2012-08-24,1411.1300048828125,1.6779999732971191
2012-08-27,1410.43994140625,1.6490000486373901
2012-08-28,1409.300048828125,1.6299999952316284
2012-08-29,1410.489990234375,1.6540000438690186
2012-08-30,1399.47998046875,1.6200000047683716
2012-08-31,1406.5799560546875,1.562000036239624
2012-09-04,1404.93994140625,1.5809999704360962
2012-09-05,1403.43994140625,1.593999981880188
2012-09-06,1432.1199951171875,1.6729999780654907
2012-09-07,1437.9200439453125,1.6610000133514404
2012-09-10,1429.0799560546875,1.6829999685287476
2012-09-11,1433.56005859375,1.6950000524520874
2012-09-12,1436.56005859375,1.7649999856948853
2012-09-13,1459.989990234375,1.75600004196167
2012-09-14,1465.77001953125,1.8700000047683716
2012-09-17,1461.18994140625,1.8380000591278076
2012-09-18,1459.3199462890625,1.812000036239624
2012-09-19,1461.050048828125,1.781999945640564
2012-09-20,1460.260009765625,1.7769999504089355
2012-09-21,1460.1500244140625,1.7599999904632568
2012-09-24,1456.8900146484375,1.718000054359436
2012-09-25,1441.5899658203125,1.6820000410079956
2012-09-26,1433.3199462890625,1.6180000305175781
2012-09-27,1447.1500244140625,1.6399999856948853
2012-09-28,1440.6700439453125,1.6369999647140503
2012-10-01,1444.489990234375,1.625
2012-10-02,1445.75,1.6150000095367432
2012-10-03,1450.989990234375,1.6230000257492065
2012-10-04,1461.4000244140625,1.6649999618530273
2012-10-05,1460.9300537109375,1.7319999933242798
2012-10-08,1455.8800048828125,1.746000051498413
2012-10-09,1441.47998046875,1.7200000286102295
2012-10-10,1432.56005859375,1.690999984741211
2012-10-11,1432.8399658203125,1.6749999523162842
2012-10-12,1428.5899658203125,1.6629999876022339
2012-10-15,1440.1300048828125,1.6629999876022339
2012-10-16,1454.9200439453125,1.7200000286102295
2012-10-17,1460.9100341796875,1.8109999895095825
2012-10-18,1457.3399658203125,1.8259999752044678
2012-10-19,1433.18994140625,1.7680000066757202
2012-10-22,1433.8199462890625,1.7979999780654907
2012-10-23,1413.1099853515625,1.7640000581741333
2012-10-24,1408.75,1.774999976158142
2012-10-25,1412.969970703125,1.8279999494552612
2012-10-26,1411.93994140625,1.75
2012-10-31,1412.1600341796875,1.6859999895095825
2012-11-01,1427.5899658203125,1.715000033378601
2012-11-02,1414.199951171875,1.7259999513626099
2012-11-05,1417.260009765625,1.684000015258789
2012-11-06,1428.3900146484375,1.7419999837875366
2012-11-07,1394.530029296875,1.6319999694824219
2012-11-08,1377.510009765625,1.6319999694824219
2012-11-09,1379.8499755859375,1.6130000352859497
2012-11-12,1380.030029296875,1.6109999418258667
2012-11-13,1374.530029296875,1.5889999866485596
2012-11-14,1355.489990234375,1.5889999866485596
2012-11-15,1353.3299560546875,1.5889999866485596
2012-11-16,1359.8800048828125,1.5740000009536743
2012-11-19,1386.8900146484375,1.6109999418258667
2012-11-20,1387.81005859375,1.656000018119812
2012-11-21,1391.030029296875,1.687000036239624
2012-11-23,1409.1500244140625,1.6929999589920044
2012-11-26,1406.2900390625,1.6640000343322754
2012-11-27,1398.93994140625,1.6449999809265137
2012-11-28,1409.9300537109375,1.6169999837875366
2012-11-29,1415.949951171875,1.6200000047683716
2012-11-30,1416.1800537109375,1.6059999465942383
2012-12-03,1409.4599609375,1.628000020980835
2012-12-04,1407.050048828125,1.6080000400543213
2012-12-05,1409.280029296875,1.590999960899353
2012-12-06,1413.93994140625,1.5809999704360962
2012-12-07,1418.0699462890625,1.6269999742507935
2012-12-10,1418.550048828125,1.6160000562667847
2012-12-11,1427.8399658203125,1.6490000486373901
2012-12-12,1428.47998046875,1.6970000267028809
2012-12-13,1419.449951171875,1.7280000448226929
2012-12-14,1413.5799560546875,1.7079999446868896
2012-12-17,1430.3599853515625,1.7630000114440918
2012-12-18,1446.7900390625,1.8270000219345093
2012-12-19,1435.81005859375,1.7999999523162842
2012-12-20,1443.68994140625,1.7999999523162842
2012-12-21,1430.1500244140625,1.753999948501587
2012-12-24,1426.6600341796875,1.7740000486373901
2012-12-26,1419.8299560546875,1.7580000162124634
2012-12-27,1418.0999755859375,1.715000033378601
2012-12-28,1402.4300537109375,1.7109999656677246
2012-12-31,1426.18994140625,1.75600004196167
2013-01-02,1462.4200439453125,1.8389999866485596
2013-01-03,1459.3699951171875,1.8990000486373901
2013-01-04,1466.469970703125,1.9149999618530273
2013-01-07,1461.8900146484375,1.902999997138977
2013-01-08,1457.1500244140625,1.871000051498413
2013-01-09,1461.02001953125,1.8519999980926514
2013-01-10,1472.1199951171875,1.8940000534057617
2013-01-11,1472.050048828125,1.875
2013-01-14,1470.6800537109375,1.8569999933242798
2013-01-15,1472.3399658203125,1.8309999704360962
2013-01-16,1472.6300048828125,1.8240000009536743
2013-01-17,1480.93994140625,1.875
2013-01-18,1485.97998046875,1.843000054359436
2013-01-22,1492.56005859375,1.8350000381469727
2013-01-23,1494.81005859375,1.8329999446868896
2013-01-24,1494.8199462890625,1.843999981880188
2013-01-25,1502.9599609375,1.9470000267028809
2013-01-28,1500.1800537109375,1.9739999771118164
2013-01-29,1507.8399658203125,1.9880000352859497
2013-01-30,1501.9599609375,2.00600004196167
2013-01-31,1498.1099853515625,1.9850000143051147
2013-02-01,1513.1700439453125,2.009999990463257
2013-02-04,1495.7099609375,1.9730000495910645
2013-02-05,1511.2900390625,2.0160000324249268
2013-02-06,1512.1199951171875,1.968000054359436
2013-02-07,1509.3900146484375,1.9509999752044678
2013-02-08,1517.9300537109375,1.9539999961853027
2013-02-11,1517.010009765625,1.9459999799728394
2013-02-12,1519.4300537109375,1.9819999933242798
2013-02-13,1520.3299560546875,2.0190000534057617
2013-02-14,1521.3800048828125,2.0
2013-02-15,1519.7900390625,2.006999969482422
2013-02-19,1530.93994140625,2.0260000228881836
2013-02-20,1511.949951171875,2.0209999084472656
2013-02-21,1502.4200439453125,1.9759999513626099
2013-02-22,1515.5999755859375,1.9670000076293945
2013-02-25,1487.8499755859375,1.8949999809265137
2013-02-26,1496.93994140625,1.878999948501587
2013-02-27,1515.989990234375,1.902999997138977
2013-02-28,1514.6800537109375,1.8880000114440918
2013-03-01,1518.199951171875,1.8530000448226929
2013-03-04,1525.199951171875,1.8769999742507935
2013-03-05,1539.7900390625,1.8940000534057617
2013-03-06,1541.4599609375,1.937999963760376
2013-03-07,1544.260009765625,1.9910000562667847
2013-03-08,1551.1800537109375,2.055999994277954
2013-03-11,1556.219970703125,2.055999994277954
2013-03-12,1552.47998046875,2.0230000019073486
2013-03-13,1554.52001953125,2.0209999084472656
2013-03-14,1563.22998046875,2.0329999923706055
2013-03-15,1560.699951171875,1.996000051498413
2013-03-18,1552.0999755859375,1.9559999704360962
2013-03-19,1548.3399658203125,1.9079999923706055
2013-03-20,1558.7099609375,1.937000036239624
2013-03-21,1545.800048828125,1.9320000410079956
2013-03-22,1556.8900146484375,1.9149999618530273
2013-03-25,1551.68994140625,1.9149999618530273
2013-03-26,1563.77001953125,1.906000018119812
2013-03-27,1562.8499755859375,1.8509999513626099
2013-03-28,1569.18994140625,1.8519999980926514
2013-04-01,1562.1700439453125,1.840000033378601
2013-04-02,1570.25,1.8609999418258667
2013-04-03,1553.68994140625,1.812000036239624
2013-04-04,1559.97998046875,1.7589999437332153
2013-04-05,1553.280029296875,1.694000005722046
2013-04-08,1563.0699462890625,1.7319999933242798
2013-04-09,1568.6099853515625,1.746999979019165
2013-04-10,1587.72998046875,1.8049999475479126
2013-04-11,1593.3699951171875,1.7910000085830688
2013-04-12,1588.8499755859375,1.7209999561309814
2013-04-15,1552.3599853515625,1.7020000219345093
2013-04-16,1574.5699462890625,1.718999981880188
2013-04-17,1552.010009765625,1.7039999961853027
2013-04-18,1541.6099853515625,1.684999942779541
2013-04-19,1555.25,1.7029999494552612
2013-04-22,1562.5,1.6979999542236328
2013-04-23,1578.780029296875,1.6979999542236328
2013-04-24,1578.7900390625,1.6979999542236328
2013-04-25,1585.1600341796875,1.7109999656677246
2013-04-26,1582.239990234375,1.6629999876022339
2013-04-29,1593.6099853515625,1.6679999828338623
2013-04-30,1597.5699462890625,1.6749999523162842
2013-05-01,1582.699951171875,1.6390000581741333
2013-05-02,1597.5899658203125,1.63100004196167
2013-05-03,1614.4200439453125,1.7519999742507935
2013-05-06,1617.5,1.7710000276565552
2013-05-07,1625.9599609375,1.7829999923706055
2013-05-08,1632.68994140625,1.7599999904632568
2013-05-09,1626.6700439453125,1.812999963760376
2013-05-10,1633.699951171875,1.899999976158142
2013-05-13,1633.77001953125,1.9229999780654907
2013-05-14,1650.3399658203125,1.9520000219345093
2013-05-15,1658.780029296875,1.9429999589920044
2013-05-16,1650.469970703125,1.8650000095367432
2013-05-17,1667.469970703125,1.9490000009536743
2013-05-20,1666.2900390625,1.965000033378601
2013-05-21,1669.1600341796875,1.944000005722046
2013-05-22,1655.3499755859375,2.0260000228881836
2013-05-23,1650.510009765625,2.0230000019073486
2013-05-24,1649.5999755859375,2.010999917984009
2013-05-28,1660.06005859375,2.134999990463257
2013-05-29,1648.3599853515625,2.124000072479248
2013-05-30,1654.4100341796875,2.124000072479248
2013-05-31,1630.739990234375,2.1640000343322754
2013-06-03,1640.4200439453125,2.134000062942505
2013-06-04,1631.3800048828125,2.13700008392334
2013-06-05,1608.9000244140625,2.0999999046325684
2013-06-06,1622.56005859375,2.075000047683716
2013-06-07,1643.3800048828125,2.1610000133514404
2013-06-10,1642.81005859375,2.2149999141693115
2013-06-11,1626.1300048828125,2.194999933242798
2013-06-12,1612.52001953125,2.2300000190734863
2013-06-13,1636.3599853515625,2.1740000247955322
2013-06-14,1626.72998046875,2.125999927520752
2013-06-17,1639.0400390625,2.1710000038146973
2013-06-18,1651.81005859375,2.181999921798706
2013-06-19,1628.9300537109375,2.311000108718872
2013-06-20,1588.18994140625,2.4189999103546143
2013-06-21,1592.4300537109375,2.5139999389648438
2013-06-24,1573.0899658203125,2.5480000972747803
2013-06-25,1588.030029296875,2.5889999866485596
2013-06-26,1603.260009765625,2.5390000343322754
2013-06-27,1613.199951171875,2.4830000400543213
2013-06-28,1606.280029296875,2.4779999256134033
2013-07-01,1614.9599609375,2.490000009536743
2013-07-02,1614.0799560546875,2.4690001010894775
2013-07-03,1615.4100341796875,2.500999927520752
2013-07-05,1631.8900146484375,2.7149999141693115
2013-07-08,1640.4599609375,2.6449999809265137
2013-07-09,1652.3199462890625,2.630000114440918
2013-07-10,1652.6199951171875,2.680000066757202
2013-07-11,1675.02001953125,2.5739998817443848
2013-07-12,1680.18994140625,2.6010000705718994
2013-07-15,1682.5,2.555999994277954
2013-07-16,1676.260009765625,2.5320000648498535
2013-07-17,1680.9100341796875,2.490999937057495
2013-07-18,1689.3699951171875,2.5339999198913574
2013-07-19,1692.0899658203125,2.490999937057495
2013-07-22,1695.530029296875,2.48799991607666
2013-07-23,1692.3900146484375,2.5160000324249268
2013-07-24,1685.93994140625,2.5880000591278076
2013-07-25,1690.25,2.6070001125335693
2013-07-26,1691.6500244140625,2.561000108718872
2013-07-29,1685.3299560546875,2.5850000381469727
2013-07-30,1685.9599609375,2.6029999256134033
2013-07-31,1685.72998046875,2.5929999351501465
2013-08-01,1706.8699951171875,2.7230000495910645
2013-08-02,1709.6700439453125,2.6019999980926514
2013-08-05,1707.1400146484375,2.640000104904175
2013-08-06,1697.3699951171875,2.6419999599456787
2013-08-07,1690.9100341796875,2.5999999046325684
2013-08-08,1697.47998046875,2.5869998931884766
2013-08-09,1691.4200439453125,2.5799999237060547
2013-08-12,1689.469970703125,2.6050000190734863
2013-08-13,1694.1600341796875,2.7149999141693115
2013-08-14,1685.3900146484375,2.7119998931884766
2013-08-15,1661.3199462890625,2.755000114440918
2013-08-16,1655.8299560546875,2.8289999961853027
2013-08-19,1646.06005859375,2.884000062942505
2013-08-20,1652.3499755859375,2.813999891281128
2013-08-21,1642.800048828125,2.8550000190734863
2013-08-22,1656.9599609375,2.9010000228881836
2013-08-23,1663.5,2.818000078201294
2013-08-26,1656.780029296875,2.805000066757202
2013-08-27,1630.47998046875,2.7209999561309814
2013-08-28,1634.9599609375,2.7820000648498535
2013-08-29,1638.1700439453125,2.750999927520752
2013-08-30,1632.969970703125,2.749000072479248
2013-09-03,1639.77001953125,2.8480000495910645
2013-09-04,1653.0799560546875,2.8970000743865967
2013-09-05,1655.0799560546875,2.9790000915527344
2013-09-06,1655.1700439453125,2.937999963760376
2013-09-09,1671.7099609375,2.8970000743865967
2013-09-10,1683.989990234375,2.9590001106262207
2013-09-11,1689.1300048828125,2.9200000762939453
2013-09-12,1683.4200439453125,2.9070000648498535
2013-09-13,1687.989990234375,2.8980000019073486
2013-09-16,1697.5999755859375,2.874000072479248
2013-09-17,1704.760009765625,2.8529999256134033
2013-09-18,1725.52001953125,2.7079999446868896
2013-09-19,1722.3399658203125,2.747999906539917
2013-09-20,1709.9100341796875,2.7320001125335693
2013-09-23,1701.8399658203125,2.7139999866485596
2013-09-24,1697.4200439453125,2.6530001163482666
2013-09-25,1692.77001953125,2.614000082015991
2013-09-26,1698.6700439453125,2.6429998874664307
2013-09-27,1691.75,2.61899995803833
2013-09-30,1681.550048828125,2.615000009536743
2013-10-01,1695.0,2.6459999084472656
2013-10-02,1693.8699951171875,2.625999927520752
2013-10-03,1678.6600341796875,2.6059999465942383
2013-10-04,1690.5,2.6519999504089355
2013-10-07,1676.1199951171875,2.634000062942505
2013-10-08,1655.449951171875,2.635999917984009
2013-10-09,1656.4000244140625,2.6500000953674316
2013-10-10,1692.56005859375,2.684999942779541
2013-10-11,1703.199951171875,2.681999921798706
2013-10-14,1710.1400146484375,2.690999984741211
2013-10-15,1698.06005859375,2.7200000286102295
2013-10-16,1721.5400390625,2.6710000038146973
2013-10-17,1733.1500244140625,2.5869998931884766
2013-10-18,1744.5,2.5889999866485596
2013-10-21,1744.6600341796875,2.6089999675750732
2013-10-22,1754.6700439453125,2.51200008392334
2013-10-23,1746.3800048828125,2.484999895095825
2013-10-24,1752.0699462890625,2.5220000743865967
2013-10-25,1759.77001953125,2.503000020980835
2013-10-28,1762.1099853515625,2.51200008392334
2013-10-29,1771.949951171875,2.506999969482422
2013-10-30,1763.31005859375,2.5269999504089355
2013-10-31,1756.5400390625,2.5420000553131104
2013-11-01,1761.6400146484375,2.619999885559082
2013-11-04,1767.9300537109375,2.6019999980926514
2013-11-05,1762.969970703125,2.6619999408721924
2013-11-06,1770.489990234375,2.640000104904175
2013-11-07,1747.1500244140625,2.61299991607666
2013-11-08,1770.6099853515625,2.746000051498413
2013-11-11,1771.8900146484375,2.750999927520752
2013-11-12,1767.68994140625,2.7679998874664307
2013-11-13,1782.0,2.7249999046325684
2013-11-14,1790.6199951171875,2.7019999027252197
2013-11-15,1798.1800537109375,2.7090001106262207
2013-11-18,1791.530029296875,2.677999973297119
2013-11-19,1787.8699951171875,2.7119998931884766
2013-11-20,1781.3699951171875,2.7920000553131104
2013-11-21,1795.8499755859375,2.7839999198913574
2013-11-22,1804.760009765625,2.752000093460083
2013-11-25,1802.47998046875,2.740999937057495
2013-11-26,1802.75,2.696000099182129
2013-11-27,1807.22998046875,2.7360000610351562
2013-11-29,1805.81005859375,2.740999937057495
2013-12-02,1800.9000244140625,2.8010001182556152
2013-12-03,1795.1500244140625,2.7750000953674316
2013-12-04,1792.81005859375,2.8410000801086426
2013-12-05,1785.030029296875,2.861999988555908
2013-12-06,1805.0899658203125,2.882999897003174
2013-12-09,1808.3699951171875,2.8570001125335693
2013-12-10,1802.6199951171875,2.796999931335449
2013-12-11,1782.219970703125,2.8440001010894775
2013-12-12,1775.5,2.877000093460083
2013-12-13,1775.3199462890625,2.868000030517578
2013-12-16,1786.5400390625,2.877000093460083
2013-12-17,1781.0,2.8429999351501465
2013-12-18,1810.6500244140625,2.884999990463257
2013-12-19,1809.5999755859375,2.924999952316284
2013-12-20,1818.3199462890625,2.88700008392334
2013-12-23,1827.989990234375,2.928999900817871
2013-12-24,1833.3199462890625,2.9830000400543213
2013-12-26,1842.02001953125,2.990000009536743
2013-12-27,1841.4000244140625,3.00600004196167
2013-12-30,1841.0699462890625,2.9760000705718994
2013-12-31,1848.3599853515625,3.0260000228881836
2014-01-02,1831.97998046875,2.984999895095825
2014-01-03,1831.3699951171875,2.994999885559082
2014-01-06,1826.77001953125,2.9609999656677246
2014-01-07,1837.8800048828125,2.937000036239624
2014-01-08,1837.489990234375,2.993000030517578
2014-01-09,1838.1300048828125,2.9630000591278076
2014-01-10,1842.3699951171875,2.859999895095825
2014-01-13,1819.199951171875,2.8269999027252197
2014-01-14,1838.8800048828125,2.86899995803833
2014-01-15,1848.3800048828125,2.884000062942505
2014-01-16,1845.8900146484375,2.8429999351501465
2014-01-17,1838.699951171875,2.8269999027252197
2014-01-21,1843.800048828125,2.825000047683716
2014-01-22,1844.8599853515625,2.859999895095825
2014-01-23,1828.4599609375,2.7730000019073486
2014-01-24,1790.2900390625,2.734999895095825
2014-01-27,1781.56005859375,2.7660000324249268
2014-01-28,1792.5,2.746000051498413
2014-01-29,1774.199951171875,2.674999952316284
2014-01-30,1794.18994140625,2.693000078201294
2014-01-31,1782.5899658203125,2.6679999828338623
2014-02-03,1741.8900146484375,2.5810000896453857
2014-02-04,1755.199951171875,2.624000072479248
2014-02-05,1751.6400146484375,2.6670000553131104
2014-02-06,1773.4300537109375,2.7019999027252197
2014-02-07,1797.02001953125,2.674999952316284
2014-02-10,1799.8399658203125,2.677999973297119
2014-02-11,1819.75,2.7190001010894775
2014-02-12,1819.260009765625,2.763000011444092
2014-02-13,1829.8299560546875,2.7360000610351562
2014-02-14,1838.6300048828125,2.746000051498413
2014-02-18,1840.760009765625,2.7109999656677246
2014-02-19,1828.75,2.7339999675750732
2014-02-20,1839.780029296875,2.753999948501587
2014-02-21,1836.25,2.7339999675750732
2014-02-24,1847.6099853515625,2.75
2014-02-25,1845.1199951171875,2.7009999752044678
2014-02-26,1845.1600341796875,2.6730000972747803
2014-02-27,1854.2900390625,2.6419999599456787
2014-02-28,1859.449951171875,2.6579999923706055
2014-03-03,1845.72998046875,2.6070001125335693
2014-03-04,1873.9100341796875,2.690999984741211
2014-03-05,1873.81005859375,2.697999954223633
2014-03-06,1877.030029296875,2.736999988555908
2014-03-07,1878.0400390625,2.7899999618530273
2014-03-10,1877.1700439453125,2.7839999198913574
2014-03-11,1867.6300048828125,2.7660000324249268
2014-03-12,1868.199951171875,2.7260000705718994
2014-03-13,1846.3399658203125,2.6530001163482666
2014-03-14,1841.1300048828125,2.6449999809265137
2014-03-17,1858.8299560546875,2.6989998817443848
2014-03-18,1872.25,2.680999994277954
2014-03-19,1860.77001953125,2.7720000743865967
2014-03-20,1872.010009765625,2.7750000953674316
2014-03-21,1866.52001953125,2.75
2014-03-24,1857.43994140625,2.7330000400543213
2014-03-25,1865.6199951171875,2.734999895095825
2014-03-26,1852.56005859375,2.7009999752044678
2014-03-27,1849.0400390625,2.671999931335449
2014-03-28,1857.6199951171875,2.7119998931884766
2014-03-31,1872.3399658203125,2.7230000495910645
2014-04-01,1885.52001953125,2.759000062942505
2014-04-02,1890.9000244140625,2.802999973297119
2014-04-03,1888.77001953125,2.7899999618530273
2014-04-04,1865.0899658203125,2.7260000705718994
2014-04-07,1845.0400390625,2.694999933242798
2014-04-08,1851.9599609375,2.680999994277954
2014-04-09,1872.1800537109375,2.684000015258789
2014-04-10,1833.0799560546875,2.628000020980835
2014-04-11,1815.68994140625,2.61899995803833
2014-04-14,1830.6099853515625,2.6389999389648438
2014-04-15,1842.97998046875,2.628000020980835
2014-04-16,1862.31005859375,2.63700008392334
2014-04-17,1864.8499755859375,2.7209999561309814
2014-04-21,1871.8900146484375,2.7209999561309814
2014-04-22,1879.550048828125,2.7260000705718994
2014-04-23,1875.3900146484375,2.686000108718872
2014-04-24,1878.6099853515625,2.687999963760376
2014-04-25,1863.4000244140625,2.6659998893737793
2014-04-28,1869.4300537109375,2.677000045776367
2014-04-29,1878.3299560546875,2.694999933242798
2014-04-30,1883.949951171875,2.6480000019073486
2014-05-01,1883.6800537109375,2.6059999465942383
2014-05-02,1881.1400146484375,2.5910000801086426
2014-05-05,1884.6600341796875,2.6110000610351562
2014-05-06,1867.719970703125,2.5950000286102295
2014-05-07,1878.2099609375,2.5899999141693115
2014-05-08,1875.6300048828125,2.6019999980926514
2014-05-09,1878.47998046875,2.622999906539917
2014-05-12,1896.6500244140625,2.6559998989105225
2014-05-13,1897.449951171875,2.618000030517578
2014-05-14,1888.530029296875,2.5429999828338623
2014-05-15,1870.8499755859375,2.502000093460083
2014-05-16,1877.8599853515625,2.5179998874664307
2014-05-19,1885.0799560546875,2.5360000133514404
2014-05-20,1872.8299560546875,2.509000062942505
2014-05-21,1888.030029296875,2.5369999408721924
2014-05-22,1892.489990234375,2.555000066757202
2014-05-23,1900.530029296875,2.5360000133514404
2014-05-27,1911.9100341796875,2.5179998874664307
2014-05-28,1909.780029296875,2.437999963760376
2014-05-29,1920.030029296875,2.447000026702881
2014-05-30,1923.5699462890625,2.4570000171661377
2014-06-02,1924.969970703125,2.5339999198913574
2014-06-03,1924.239990234375,2.5929999351501465
2014-06-04,1927.8800048828125,2.6059999465942383
2014-06-05,1940.4599609375,2.5840001106262207
2014-06-06,1949.43994140625,2.5969998836517334
2014-06-09,1951.27001953125,2.61299991607666
2014-06-10,1950.7900390625,2.634999990463257
2014-06-11,1943.8900146484375,2.640000104904175
2014-06-12,1930.1099853515625,2.5859999656677246
2014-06-13,1936.1600341796875,2.6040000915527344
2014-06-16,1937.780029296875,2.5969998836517334
2014-06-17,1941.989990234375,2.6549999713897705
2014-06-18,1956.97998046875,2.61299991607666
2014-06-19,1959.47998046875,2.621999979019165
2014-06-20,1962.8699951171875,2.624000072479248
2014-06-23,1962.6099853515625,2.622999906539917
2014-06-24,1949.97998046875,2.5859999656677246
2014-06-25,1959.530029296875,2.559000015258789
2014-06-26,1957.219970703125,2.5250000953674316
2014-06-27,1960.9599609375,2.5320000648498535
2014-06-30,1960.22998046875,2.5160000324249268
2014-07-01,1973.3199462890625,2.562999963760376
2014-07-02,1974.6199951171875,2.628000020980835
2014-07-03,1985.43994140625,2.6480000019073486
2014-07-07,1977.6500244140625,2.617000102996826
2014-07-08,1963.7099609375,2.565000057220459
2014-07-09,1972.8299560546875,2.546999931335449
2014-07-10,1964.6800537109375,2.5320000648498535
2014-07-11,1967.5699462890625,2.5199999809265137
2014-07-14,1977.0999755859375,2.5490000247955322
2014-07-15,1973.280029296875,2.5490000247955322
2014-07-16,1981.5699462890625,2.5380001068115234
2014-07-17,1958.1199951171875,2.4749999046325684
2014-07-18,1978.219970703125,2.4839999675750732
2014-07-21,1973.6300048828125,2.4739999771118164
2014-07-22,1983.530029296875,2.4660000801086426
2014-07-23,1987.010009765625,2.4639999866485596
2014-07-24,1987.97998046875,2.509000062942505
2014-07-25,1978.3399658203125,2.4690001010894775
2014-07-28,1978.9100341796875,2.490999937057495
2014-07-29,1969.949951171875,2.4619998931884766
2014-07-30,1970.0699462890625,2.553999900817871
2014-07-31,1930.6700439453125,2.555999994277954
2014-08-01,1925.1500244140625,2.505000114440918
2014-08-04,1938.989990234375,2.490999937057495
2014-08-05,1920.2099609375,2.4830000400543213
2014-08-06,1920.239990234375,2.4739999771118164
2014-08-07,1909.5699462890625,2.4240000247955322
2014-08-08,1931.5899658203125,2.4149999618530273
2014-08-11,1936.9200439453125,2.4200000762939453
2014-08-12,1933.75,2.441999912261963
2014-08-13,1946.719970703125,2.4130001068115234
2014-08-14,1955.1800537109375,2.4000000953674316
2014-08-15,1955.06005859375,2.3450000286102295
2014-08-18,1971.739990234375,2.38700008392334
2014-08-19,1981.5999755859375,2.4049999713897705
2014-08-20,1986.510009765625,2.4260001182556152
2014-08-21,1992.3699951171875,2.4070000648498535
2014-08-22,1988.4000244140625,2.4030001163482666
2014-08-25,1997.9200439453125,2.38700008392334
2014-08-26,2000.02001953125,2.3910000324249268
2014-08-27,2000.1199951171875,2.3610000610351562
2014-08-28,1996.739990234375,2.3340001106262207
2014-08-29,2003.3699951171875,2.3429999351501465
2014-09-02,2002.280029296875,2.4189999103546143
2014-09-03,2000.719970703125,2.4100000858306885
2014-09-04,1997.6500244140625,2.447999954223633
2014-09-05,2007.7099609375,2.4609999656677246
2014-09-08,2001.5400390625,2.4690001010894775
2014-09-09,1988.43994140625,2.5
2014-09-10,1995.68994140625,2.5339999198913574
2014-09-11,1997.449951171875,2.5309998989105225
2014-09-12,1985.5400390625,2.614000082015991
2014-09-15,1984.1300048828125,2.5910000801086426
2014-09-16,1998.97998046875,2.5889999866485596
2014-09-17,2001.5699462890625,2.5999999046325684
2014-09-18,2011.3599853515625,2.628999948501587
2014-09-19,2010.4000244140625,2.5869998931884766
2014-09-22,1994.2900390625,2.565999984741211
2014-09-23,1982.77001953125,2.5350000858306885
2014-09-24,1998.300048828125,2.569000005722046
2014-09-25,1965.989990234375,2.510999917984009
2014-09-26,1982.8499755859375,2.5350000858306885
2014-09-29,1977.800048828125,2.490999937057495
2014-09-30,1972.2900390625,2.507999897003174
2014-10-01,1946.1600341796875,2.4030001163482666
2014-10-02,1946.1700439453125,2.437999963760376
2014-10-03,1967.9000244140625,2.447000026702881
2014-10-06,1964.8199462890625,2.424999952316284
2014-10-07,1935.0999755859375,2.3499999046325684
2014-10-08,1968.8900146484375,2.3299999237060547
2014-10-09,1928.2099609375,2.3269999027252197
2014-10-10,1906.1300048828125,2.306999921798706
2014-10-13,1874.739990234375,2.2860000133514404
2014-10-14,1877.699951171875,2.2060000896453857
2014-10-15,1862.489990234375,2.0899999141693115
2014-10-16,1862.760009765625,2.1530001163482666
2014-10-17,1886.760009765625,2.1989998817443848
2014-10-20,1904.010009765625,2.180999994277954
2014-10-21,1941.280029296875,2.2079999446868896
2014-10-22,1927.1099853515625,2.2290000915527344
2014-10-23,1950.8199462890625,2.2750000953674316
2014-10-24,1964.5799560546875,2.2730000019073486
2014-10-27,1961.6300048828125,2.256999969482422
2014-10-28,1985.050048828125,2.2839999198913574
2014-10-29,1982.300048828125,2.322999954223633
2014-10-30,1994.6500244140625,2.305000066757202
2014-10-31,2018.050048828125,2.3350000381469727
2014-11-03,2017.81005859375,2.3480000495910645
2014-11-04,2012.0999755859375,2.3420000076293945
2014-11-05,2023.5699462890625,2.3499999046325684
2014-11-06,2031.2099609375,2.375
2014-11-07,2031.9200439453125,2.312000036239624
2014-11-10,2038.260009765625,2.3589999675750732
2014-11-11,2039.6800537109375,2.359999895095825
2014-11-12,2038.25,2.3589999675750732
2014-11-13,2039.3299560546875,2.3469998836517334
2014-11-14,2039.8199462890625,2.319999933242798
2014-11-17,2041.3199462890625,2.3399999141693115
2014-11-18,2051.800048828125,2.322000026702881
2014-11-19,2048.719970703125,2.3510000705718994
2014-11-20,2052.75,2.3350000381469727
2014-11-21,2063.5,2.315000057220459
2014-11-24,2069.409912109375,2.309999942779541
2014-11-25,2067.030029296875,2.259999990463257
2014-11-26,2072.830078125,2.2339999675750732
2014-11-28,2067.56005859375,2.194000005722046
2014-12-01,2053.43994140625,2.2179999351501465
2014-12-02,2066.550048828125,2.2850000858306885
2014-12-03,2074.330078125,2.2869999408721924
2014-12-04,2071.919921875,2.256999969482422
2014-12-05,2075.3701171875,2.306999921798706
2014-12-08,2060.31005859375,2.256999969482422
2014-12-09,2059.820068359375,2.2200000286102295
2014-12-10,2026.1400146484375,2.1689999103546143
2014-12-11,2035.3299560546875,2.177999973297119
2014-12-12,2002.3299560546875,2.1029999256134033
2014-12-15,1989.6300048828125,2.115999937057495
2014-12-16,1972.739990234375,2.071000099182129
2014-12-17,2012.8900146484375,2.1480000019073486
2014-12-18,2061.22998046875,2.2039999961853027
2014-12-19,2070.64990234375,2.1760001182556152
2014-12-22,2078.5400390625,2.1619999408721924
2014-12-23,2082.169921875,2.256999969482422
2014-12-24,2081.8798828125,2.2639999389648438
2014-12-26,2088.77001953125,2.25
2014-12-29,2090.570068359375,2.2070000171661377
2014-12-30,2080.35009765625,2.190000057220459
2014-12-31,2058.89990234375,2.1700000762939453
2015-01-02,2058.199951171875,2.122999906539917
2015-01-05,2020.5799560546875,2.0390000343322754
2015-01-06,2002.6099853515625,1.9630000591278076
2015-01-07,2025.9000244140625,1.9539999961853027
2015-01-08,2062.139892578125,2.0160000324249268
2015-01-09,2044.81005859375,1.9709999561309814
2015-01-12,2028.260009765625,1.9119999408721924
2015-01-13,2023.030029296875,1.8899999856948853
2015-01-14,2011.27001953125,1.8370000123977661
2015-01-15,1992.6700439453125,1.774999976158142
2015-01-16,2019.4200439453125,1.815000057220459
2015-01-20,2022.550048828125,1.8070000410079956
2015-01-21,2032.1199951171875,1.8530000448226929
2015-01-22,2063.14990234375,1.8960000276565552
2015-01-23,2051.820068359375,1.8170000314712524
2015-01-26,2057.090087890625,1.8279999494552612
2015-01-27,2029.550048828125,1.8250000476837158
2015-01-28,2002.1600341796875,1.7239999771118164
2015-01-29,2021.25,1.7510000467300415
2015-01-30,1994.989990234375,1.6749999523162842
2015-02-02,2020.8499755859375,1.6729999780654907
2015-02-03,2050.030029296875,1.7799999713897705
2015-02-04,2041.510009765625,1.7970000505447388
2015-02-05,2062.52001953125,1.815000057220459
2015-02-06,2055.469970703125,1.937999963760376
2015-02-09,2046.739990234375,1.9479999542236328
2015-02-10,2068.590087890625,1.9910000562667847
2015-02-11,2068.530029296875,1.9880000352859497
2015-02-12,2088.47998046875,1.9859999418258667
2015-02-13,2096.989990234375,2.0209999084472656
2015-02-17,2100.340087890625,2.1449999809265137
2015-02-18,2099.679931640625,2.065999984741211
2015-02-19,2097.449951171875,2.11299991607666
2015-02-20,2110.300048828125,2.132999897003174
2015-02-23,2109.659912109375,2.059000015258789
2015-02-24,2115.47998046875,1.9880000352859497
2015-02-25,2113.860107421875,1.968999981880188
2015-02-26,2110.739990234375,2.0160000324249268
2015-02-27,2104.5,2.002000093460083
2015-03-02,2117.389892578125,2.0840001106262207
2015-03-03,2107.780029296875,2.121999979019165
2015-03-04,2098.530029296875,2.122999906539917
2015-03-05,2101.0400390625,2.111999988555908
2015-03-06,2071.260009765625,2.240000009536743
2015-03-09,2079.429931640625,2.194999933242798
2015-03-10,2044.1600341796875,2.125999927520752
2015-03-11,2040.239990234375,2.1089999675750732
2015-03-12,2065.949951171875,2.0959999561309814
2015-03-13,2053.39990234375,2.111999988555908
2015-03-16,2081.18994140625,2.0980000495910645
2015-03-17,2074.280029296875,2.058000087738037
2015-03-18,2099.5,1.9509999752044678
2015-03-19,2089.27001953125,1.9769999980926514
2015-03-20,2108.10009765625,1.9299999475479126
2015-03-23,2104.419921875,1.9149999618530273
2015-03-24,2091.5,1.878000020980835
2015-03-25,2061.050048828125,1.9199999570846558
2015-03-26,2056.14990234375,2.006999969482422
2015-03-27,2061.02001953125,1.9479999542236328
2015-03-30,2086.239990234375,1.9630000591278076
2015-03-31,2067.889892578125,1.934000015258789
2015-04-01,2059.68994140625,1.8680000305175781
2015-04-02,2066.9599609375,1.9040000438690186
2015-04-06,2080.6201171875,1.9040000438690186
2015-04-07,2076.330078125,1.8930000066757202
2015-04-08,2081.89990234375,1.8949999809265137
2015-04-09,2091.179931640625,1.9579999446868896
2015-04-10,2102.06005859375,1.9509999752044678
2015-04-13,2092.429931640625,1.9390000104904175
2015-04-14,2095.840087890625,1.9040000438690186
2015-04-15,2106.6298828125,1.899999976158142
2015-04-16,2104.989990234375,1.878000020980835
2015-04-17,2081.179931640625,1.850000023841858
2015-04-20,2100.39990234375,1.8949999809265137
2015-04-21,2097.2900390625,1.9160000085830688
2015-04-22,2107.9599609375,1.972000002861023
2015-04-23,2112.929931640625,1.9470000267028809
2015-04-24,2117.68994140625,1.9170000553131104
2015-04-27,2108.919921875,1.9240000247955322
2015-04-28,2114.760009765625,1.9730000495910645
2015-04-29,2106.85009765625,2.0350000858306885
2015-04-30,2085.510009765625,2.0460000038146973
2015-05-01,2108.2900390625,2.117000102996826
2015-05-04,2114.489990234375,2.134999990463257
2015-05-05,2089.4599609375,2.1760001182556152
2015-05-06,2080.14990234375,2.240000009536743
2015-05-07,2088.0,2.184000015258789
2015-05-08,2116.10009765625,2.1500000953674316
2015-05-11,2105.330078125,2.2739999294281006
2015-05-12,2099.1201171875,2.259999990463257
2015-05-13,2098.47998046875,2.2820000648498535
2015-05-14,2121.10009765625,2.239000082015991
2015-05-15,2122.72998046875,2.1410000324249268
2015-05-18,2129.199951171875,2.2279999256134033
2015-05-19,2127.830078125,2.26200008392334
2015-05-20,2125.85009765625,2.250999927520752
2015-05-21,2130.820068359375,2.184999942779541
2015-05-22,2126.06005859375,2.2149999141693115
2015-05-26,2104.199951171875,2.13700008392334
2015-05-27,2123.47998046875,2.134999990463257
2015-05-28,2120.7900390625,2.130000114440918
2015-05-29,2107.389892578125,2.0950000286102295
2015-06-01,2111.72998046875,2.191999912261963
2015-06-02,2109.60009765625,2.2660000324249268
2015-06-03,2114.070068359375,2.365999937057495
2015-06-04,2095.840087890625,2.306999921798706
2015-06-05,2092.830078125,2.4019999504089355
2015-06-08,2079.280029296875,2.38100004196167
2015-06-09,2080.14990234375,2.4170000553131104
2015-06-10,2105.199951171875,2.4779999256134033
2015-06-11,2108.860107421875,2.382999897003174
2015-06-12,2094.110107421875,2.384999990463257
2015-06-15,2084.429931640625,2.3580000400543213
2015-06-16,2096.2900390625,2.318000078201294
2015-06-17,2100.43994140625,2.305999994277954
2015-06-18,2121.239990234375,2.3510000705718994
2015-06-19,2109.989990234375,2.2669999599456787
2015-06-22,2122.85009765625,2.359999895095825
2015-06-23,2124.199951171875,2.4089999198913574
2015-06-24,2108.580078125,2.371000051498413
2015-06-25,2102.31005859375,2.3929998874664307
2015-06-26,2101.489990234375,2.4760000705718994
2015-06-29,2057.639892578125,2.3310000896453857
2015-06-30,2063.110107421875,2.3350000381469727
2015-07-01,2077.419921875,2.4179999828338623
2015-07-02,2076.780029296875,2.3929998874664307
2015-07-06,2068.760009765625,2.2780001163482666
2015-07-07,2081.340087890625,2.2309999465942383
2015-07-08,2046.6800537109375,2.2060000896453857
2015-07-09,2051.31005859375,2.3010001182556152
2015-07-10,2076.6201171875,2.4170000553131104
2015-07-13,2099.60009765625,2.430000066757202
2015-07-14,2108.949951171875,2.3989999294281006
2015-07-15,2107.39990234375,2.3499999046325684
2015-07-16,2124.2900390625,2.3519999980926514
2015-07-17,2126.639892578125,2.3489999771118164
2015-07-20,2128.280029296875,2.371999979019165
2015-07-21,2119.2099609375,2.3399999141693115
2015-07-22,2114.14990234375,2.322000026702881
2015-07-23,2102.14990234375,2.2769999504089355
2015-07-24,2079.64990234375,2.2709999084472656
2015-07-27,2067.639892578125,2.2279999256134033
2015-07-28,2093.25,2.25
2015-07-29,2108.570068359375,2.2790000438690186
2015-07-30,2108.6298828125,2.2679998874664307
2015-07-31,2103.840087890625,2.2049999237060547
2015-08-03,2098.0400390625,2.1500000953674316
2015-08-04,2093.320068359375,2.2109999656677246
2015-08-05,2099.840087890625,2.2679998874664307
2015-08-06,2083.56005859375,2.2339999675750732
2015-08-07,2077.570068359375,2.174999952316284
2015-08-10,2104.179931640625,2.23799991607666
2015-08-11,2084.070068359375,2.13700008392334
2015-08-12,2086.050048828125,2.130000114440918
2015-08-13,2083.389892578125,2.188999891281128
2015-08-14,2091.5400390625,2.196000099182129
2015-08-17,2102.43994140625,2.1500000953674316
2015-08-18,2096.919921875,2.196000099182129
2015-08-19,2079.610107421875,2.128999948501587
2015-08-20,2035.72998046875,2.0840001106262207
2015-08-21,1970.8900146484375,2.053999900817871
2015-08-24,1893.2099609375,1.996999979019165
2015-08-25,1867.6099853515625,2.132999897003174
2015-08-26,1940.510009765625,2.171999931335449
2015-08-27,1987.6600341796875,2.1679999828338623
2015-08-28,1988.8699951171875,2.186000108718872
2015-08-31,1972.1800537109375,2.200000047683716
2015-09-01,1913.8499755859375,2.171999931335449
2015-09-02,1948.8599853515625,2.193000078201294
2015-09-03,1951.1300048828125,2.1679999828338623
2015-09-04,1921.219970703125,2.128000020980835
2015-09-08,1969.4100341796875,2.194000005722046
2015-09-09,1942.0400390625,2.180999994277954
2015-09-10,1952.2900390625,2.2219998836517334
2015-09-11,1961.050048828125,2.183000087738037
2015-09-14,1953.030029296875,2.180000066757202
2015-09-15,1978.0899658203125,2.2809998989105225
2015-09-16,1995.31005859375,2.302999973297119
2015-09-17,1990.199951171875,2.2170000076293945
2015-09-18,1958.030029296875,2.130000114440918
2015-09-21,1966.969970703125,2.2139999866485596
2015-09-22,1942.739990234375,2.125
2015-09-23,1938.760009765625,2.1440000534057617
2015-09-24,1932.239990234375,2.119999885559082
2015-09-25,1931.3399658203125,2.1679999828338623
2015-09-28,1881.77001953125,2.0950000286102295
2015-09-29,1884.0899658203125,2.053999900817871
2015-09-30,1920.030029296875,2.059999942779541
2015-10-01,1923.8199462890625,2.0420000553131104
2015-10-02,1951.3599853515625,1.9889999628067017
2015-10-05,1987.050048828125,2.055999994277954
2015-10-06,1979.9200439453125,2.0350000858306885
2015-10-07,1995.8299560546875,2.062000036239624
2015-10-08,2013.4300537109375,2.1080000400543213
2015-10-09,2014.8900146484375,2.0989999771118164
2015-10-12,2017.4599609375,2.0899999141693115
2015-10-13,2003.68994140625,2.055000066757202
2015-10-14,1994.239990234375,1.9809999465942383
2015-10-15,2023.8599853515625,2.0230000019073486
2015-10-16,2033.1099853515625,2.0230000019073486
2015-10-19,2033.6600341796875,2.0280001163482666
2015-10-20,2030.77001953125,2.071000099182129
2015-10-21,2018.93994140625,2.0299999713897705
2015-10-22,2052.510009765625,2.0250000953674316
2015-10-23,2075.14990234375,2.0829999446868896
2015-10-26,2071.179931640625,2.058000087738037
2015-10-27,2065.889892578125,2.0280001163482666
2015-10-28,2090.35009765625,2.0920000076293945
2015-10-29,2089.409912109375,2.1730000972747803
2015-10-30,2079.360107421875,2.1510000228881836
2015-11-02,2104.050048828125,2.187000036239624
2015-11-03,2109.7900390625,2.2200000286102295
2015-11-04,2102.31005859375,2.2300000190734863
2015-11-05,2099.929931640625,2.244999885559082
2015-11-06,2099.199951171875,2.3329999446868896
2015-11-09,2078.580078125,2.3420000076293945
2015-11-10,2081.719970703125,2.322000026702881
2015-11-11,2075.0,2.3380000591278076
2015-11-12,2045.969970703125,2.319000005722046
2015-11-13,2023.0400390625,2.2799999713897705
2015-11-16,2053.18994140625,2.2730000019073486
2015-11-17,2050.43994140625,2.260999917984009
2015-11-18,2083.580078125,2.2690000534057617
2015-11-19,2081.239990234375,2.247999906539917
2015-11-20,2089.169921875,2.26200008392334
2015-11-23,2086.590087890625,2.25
2015-11-24,2089.139892578125,2.243000030517578
2015-11-25,2088.8701171875,2.2320001125335693
2015-11-27,2090.110107421875,2.2249999046325684
2015-11-30,2080.409912109375,2.2179999351501465
2015-12-01,2102.6298828125,2.1549999713897705
2015-12-02,2079.510009765625,2.177999973297119
2015-12-03,2049.6201171875,2.3299999237060547
2015-12-04,2091.68994140625,2.2750000953674316
2015-12-07,2077.070068359375,2.2249999046325684
2015-12-08,2063.590087890625,2.23799991607666
2015-12-09,2047.6199951171875,2.2079999446868896
2015-12-10,2052.22998046875,2.239000082015991
2015-12-11,2012.3699951171875,2.1389999389648438
2015-12-14,2021.93994140625,2.2249999046325684
2015-12-15,2043.4100341796875,2.2679998874664307
2015-12-16,2073.070068359375,2.2869999408721924
2015-12-17,2041.8900146484375,2.23799991607666
2015-12-18,2005.550048828125,2.1989998817443848
2015-12-21,2021.1500244140625,2.197000026702881
2015-12-22,2038.969970703125,2.239000082015991
2015-12-23,2064.2900390625,2.2639999389648438
2015-12-24,2060.989990234375,2.243000030517578
2015-12-28,2056.5,2.2249999046325684
2015-12-29,2078.360107421875,2.306999921798706
2015-12-30,2063.360107421875,2.302999973297119
2015-12-31,2043.93994140625,2.2690000534057617
2016-01-04,2012.6600341796875,2.244999885559082
2016-01-05,2016.7099609375,2.247999906539917
2016-01-06,1990.260009765625,2.177000045776367
2016-01-07,1943.0899658203125,2.1530001163482666
2016-01-08,1922.030029296875,2.130000114440918
2016-01-11,1923.6700439453125,2.1579999923706055
2016-01-12,1938.6800537109375,2.1019999980926514
2016-01-13,1890.280029296875,2.065999984741211
2016-01-14,1921.8399658203125,2.0980000495910645
2016-01-15,1880.3299560546875,2.0329999923706055
2016-01-19,1881.3299560546875,2.0350000858306885
2016-01-20,1859.3299560546875,1.9839999675750732
2016-01-21,1868.989990234375,2.0190000534057617
2016-01-22,1906.9000244140625,2.0480000972747803
2016-01-25,1877.0799560546875,2.0220000743865967
2016-01-26,1903.6300048828125,1.99399995803833
2016-01-27,1882.949951171875,2.000999927520752
2016-01-28,1893.3599853515625,1.9850000143051147
2016-01-29,1940.239990234375,1.930999994277954
2016-02-01,1939.3800048828125,1.965999960899353
2016-02-02,1903.030029296875,1.8639999628067017
2016-02-03,1912.530029296875,1.88100004196167
2016-02-04,1915.449951171875,1.8639999628067017
2016-02-05,1880.050048828125,1.8480000495910645
2016-02-08,1853.43994140625,1.7350000143051147
2016-02-09,1852.2099609375,1.7289999723434448
2016-02-10,1851.8599853515625,1.7050000429153442
2016-02-11,1829.0799560546875,1.6440000534057617
2016-02-12,1864.780029296875,1.7480000257492065
2016-02-16,1895.5799560546875,1.777999997138977
2016-02-17,1926.8199462890625,1.819000005722046
2016-02-18,1917.8299560546875,1.7589999437332153
2016-02-19,1917.780029296875,1.7480000257492065
2016-02-22,1945.5,1.7660000324249268
2016-02-23,1921.27001953125,1.7450000047683716
2016-02-24,1929.800048828125,1.7419999837875366
2016-02-25,1951.699951171875,1.6970000267028809
2016-02-26,1948.050048828125,1.7619999647140503
2016-02-29,1932.22998046875,1.7400000095367432
2016-03-01,1978.3499755859375,1.8339999914169312
2016-03-02,1986.449951171875,1.8480000495910645
2016-03-03,1993.4000244140625,1.8300000429153442
2016-03-04,1999.989990234375,1.8830000162124634
2016-03-07,2001.760009765625,1.9019999504089355
2016-03-08,1979.260009765625,1.8320000171661377
2016-03-09,1989.260009765625,1.8919999599456787
2016-03-10,1989.5699462890625,1.9290000200271606
2016-03-11,2022.18994140625,1.9769999980926514
2016-03-14,2019.6400146484375,1.9630000591278076
2016-03-15,2015.9300537109375,1.9589999914169312
2016-03-16,2027.219970703125,1.937999963760376
2016-03-17,2040.5899658203125,1.902999997138977
2016-03-18,2049.580078125,1.871000051498413
2016-03-21,2051.60009765625,1.9229999780654907
2016-03-22,2049.800048828125,1.934999942779541
2016-03-23,2036.7099609375,1.875
2016-03-24,2035.93994140625,1.899999976158142
2016-03-28,2037.050048828125,1.8700000047683716
2016-03-29,2055.010009765625,1.8140000104904175
2016-03-30,2063.949951171875,1.8300000429153442
2016-03-31,2059.739990234375,1.7860000133514404
2016-04-01,2072.780029296875,1.7920000553131104
2016-04-04,2066.1298828125,1.7790000438690186
2016-04-05,2045.1700439453125,1.7269999980926514
2016-04-06,2066.659912109375,1.7549999952316284
2016-04-07,2041.9100341796875,1.690999984741211
2016-04-08,2047.5999755859375,1.7200000286102295
2016-04-11,2041.989990234375,1.7239999771118164
2016-04-12,2061.719970703125,1.781000018119812
2016-04-13,2082.419921875,1.7619999647140503
2016-04-14,2082.780029296875,1.781000018119812
2016-04-15,2080.72998046875,1.7519999742507935
2016-04-18,2094.340087890625,1.7730000019073486
2016-04-19,2100.800048828125,1.7829999923706055
2016-04-20,2102.39990234375,1.8539999723434448
2016-04-21,2091.47998046875,1.8700000047683716
2016-04-22,2091.580078125,1.8880000114440918
2016-04-25,2087.7900390625,1.9019999504089355
2016-04-26,2091.699951171875,1.930999994277954
2016-04-27,2095.14990234375,1.8600000143051147
2016-04-28,2075.81005859375,1.8380000591278076
2016-04-29,2065.300048828125,1.819000005722046
2016-05-02,2081.429931640625,1.8650000095367432
2016-05-03,2063.3701171875,1.7999999523162842
2016-05-04,2051.1201171875,1.784000039100647
2016-05-05,2050.6298828125,1.746999979019165
2016-05-06,2057.139892578125,1.7790000438690186
2016-05-09,2058.68994140625,1.7599999904632568
2016-05-10,2084.389892578125,1.7599999904632568
2016-05-11,2064.4599609375,1.7369999885559082
2016-05-12,2064.110107421875,1.7569999694824219
2016-05-13,2046.6099853515625,1.7050000429153442
2016-05-16,2066.659912109375,1.753000020980835
2016-05-17,2047.2099609375,1.7589999437332153
2016-05-18,2047.6300048828125,1.8799999952316284
2016-05-19,2040.0400390625,1.8450000286102295
2016-05-20,2052.320068359375,1.8489999771118164
2016-05-23,2048.0400390625,1.8380000591278076
2016-05-24,2076.06005859375,1.8589999675750732
2016-05-25,2090.5400390625,1.8700000047683716
2016-05-26,2090.10009765625,1.8229999542236328
2016-05-27,2099.06005859375,1.8509999513626099
2016-05-31,2096.949951171875,1.8339999914169312
2016-06-01,2099.330078125,1.8459999561309814
2016-06-02,2105.260009765625,1.8109999895095825
2016-06-03,2099.1298828125,1.7039999961853027
2016-06-06,2109.409912109375,1.7230000495910645
2016-06-07,2112.1298828125,1.7130000591278076
2016-06-08,2119.1201171875,1.7059999704360962
2016-06-09,2115.47998046875,1.6799999475479126
2016-06-10,2096.070068359375,1.6390000581741333
2016-06-13,2079.06005859375,1.6160000562667847
2016-06-14,2075.320068359375,1.6109999418258667
2016-06-15,2071.5,1.5959999561309814
2016-06-16,2077.989990234375,1.5640000104904175
2016-06-17,2071.219970703125,1.6180000305175781
2016-06-20,2083.25,1.6699999570846558
2016-06-21,2088.89990234375,1.6970000267028809
2016-06-22,2085.449951171875,1.684999942779541
2016-06-23,2113.320068359375,1.7389999628067017
2016-06-24,2037.4100341796875,1.5789999961853027
2016-06-27,2000.5400390625,1.4600000381469727
2016-06-28,2036.0899658203125,1.4609999656677246
2016-06-29,2070.77001953125,1.4769999980926514
2016-06-30,2098.860107421875,1.4880000352859497
2016-07-01,2102.949951171875,1.4559999704360962
2016-07-05,2088.550048828125,1.3669999837875366
2016-07-06,2099.72998046875,1.3849999904632568
2016-07-07,2097.89990234375,1.3869999647140503
2016-07-08,2129.89990234375,1.3660000562667847
2016-07-11,2137.159912109375,1.434000015258789
2016-07-12,2152.139892578125,1.5130000114440918
2016-07-13,2152.429931640625,1.468000054359436
2016-07-14,2163.75,1.531000018119812
2016-07-15,2161.739990234375,1.593999981880188
2016-07-18,2166.889892578125,1.5870000123977661
2016-07-19,2163.780029296875,1.5579999685287476
2016-07-20,2173.02001953125,1.5800000429153442
2016-07-21,2165.169921875,1.565000057220459
2016-07-22,2175.030029296875,1.5700000524520874
2016-07-25,2168.47998046875,1.5709999799728394
2016-07-26,2169.179931640625,1.562999963760376
2016-07-27,2166.580078125,1.5149999856948853
2016-07-28,2170.06005859375,1.5110000371932983
2016-07-29,2173.60009765625,1.4579999446868896
2016-08-01,2170.840087890625,1.496000051498413
2016-08-02,2157.030029296875,1.5369999408721924
2016-08-03,2163.7900390625,1.5420000553131104
2016-08-04,2164.25,1.503000020980835
2016-08-05,2182.8701171875,1.5820000171661377
2016-08-08,2180.889892578125,1.5829999446868896
2016-08-09,2181.739990234375,1.5449999570846558
2016-08-10,2175.489990234375,1.5089999437332153
2016-08-11,2185.7900390625,1.5729999542236328
2016-08-12,2184.050048828125,1.5149999856948853
2016-08-15,2190.14990234375,1.5529999732971191
2016-08-16,2178.14990234375,1.5759999752044678
2016-08-17,2182.219970703125,1.5609999895095825
2016-08-18,2187.02001953125,1.5360000133514404
2016-08-19,2183.8701171875,1.5779999494552612
2016-08-22,2182.639892578125,1.5390000343322754
2016-08-23,2186.89990234375,1.5529999732971191
2016-08-24,2175.43994140625,1.559000015258789
2016-08-25,2172.469970703125,1.5770000219345093
2016-08-26,2169.0400390625,1.6349999904632568
2016-08-29,2180.3798828125,1.565999984741211
2016-08-30,2176.1201171875,1.5700000524520874
2016-08-31,2170.949951171875,1.5679999589920044
2016-09-01,2170.860107421875,1.5700000524520874
2016-09-02,2179.97998046875,1.5959999561309814
2016-09-06,2186.47998046875,1.5429999828338623
2016-09-07,2186.159912109375,1.5410000085830688
2016-09-08,2181.300048828125,1.6160000562667847
2016-09-09,2127.81005859375,1.6720000505447388
2016-09-12,2159.0400390625,1.6720000505447388
2016-09-13,2127.02001953125,1.7339999675750732
2016-09-14,2125.77001953125,1.6890000104904175
2016-09-15,2147.260009765625,1.7029999494552612
2016-09-16,2139.159912109375,1.7009999752044678
2016-09-19,2139.1201171875,1.6959999799728394
2016-09-20,2139.760009765625,1.687999963760376
2016-09-21,2163.1201171875,1.6679999828338623
2016-09-22,2177.179931640625,1.6319999694824219
2016-09-23,2164.68994140625,1.6150000095367432
2016-09-26,2146.10009765625,1.5889999866485596
2016-09-27,2159.929931640625,1.555999994277954
2016-09-28,2171.3701171875,1.5670000314712524
2016-09-29,2151.1298828125,1.5570000410079956
2016-09-30,2168.27001953125,1.6080000400543213
2016-10-03,2161.199951171875,1.621999979019165
2016-10-04,2150.489990234375,1.6829999685287476
2016-10-05,2159.72998046875,1.715999960899353
2016-10-06,2160.77001953125,1.7419999837875366
2016-10-07,2153.739990234375,1.7359999418258667
2016-10-10,2163.659912109375,1.7230000495910645
2016-10-11,2136.72998046875,1.7589999437332153
2016-10-12,2139.179931640625,1.777999997138977
2016-10-13,2132.550048828125,1.7380000352859497
2016-10-14,2132.97998046875,1.7940000295639038
2016-10-17,2126.5,1.7660000324249268
2016-10-18,2139.60009765625,1.7489999532699585
2016-10-19,2144.2900390625,1.7519999742507935
2016-10-20,2141.340087890625,1.746999979019165
2016-10-21,2141.159912109375,1.7400000095367432
2016-10-24,2151.330078125,1.7630000114440918
2016-10-25,2143.159912109375,1.7580000162124634
2016-10-26,2139.429931640625,1.7899999618530273
2016-10-27,2133.0400390625,1.843000054359436
2016-10-28,2126.409912109375,1.8450000286102295
2016-10-31,2126.14990234375,1.8339999914169312
2016-11-01,2111.719970703125,1.8200000524520874
2016-11-02,2097.93994140625,1.7990000247955322
2016-11-03,2088.659912109375,1.812000036239624
2016-11-04,2085.179931640625,1.7829999923706055
2016-11-07,2131.52001953125,1.8279999494552612
2016-11-08,2139.56005859375,1.8619999885559082
2016-11-09,2163.260009765625,2.072000026702881
2016-11-10,2167.47998046875,2.117000102996826
2016-11-11,2164.449951171875,
2016-11-14,2164.199951171875,2.2219998836517334
2016-11-15,2180.389892578125,2.23799991607666
2016-11-16,2176.93994140625,2.2230000495910645
2016-11-17,2187.1201171875,2.2760000228881836
2016-11-18,2181.89990234375,2.3350000381469727
2016-11-21,2198.179931640625,2.3389999866485596
2016-11-22,2202.93994140625,2.321000099182129
2016-11-23,2204.719970703125,2.3570001125335693
2016-11-25,2213.35009765625,2.371999979019165
2016-11-28,2201.719970703125,2.319999933242798
2016-11-29,2204.659912109375,2.302000045776367
2016-11-30,2198.81005859375,2.368000030517578
2016-12-01,2191.080078125,2.440999984741211
2016-12-02,2191.949951171875,2.390000104904175
2016-12-05,2204.7099609375,2.38700008392334
2016-12-06,2212.22998046875,2.3959999084472656
2016-12-07,2241.35009765625,2.3469998836517334
2016-12-08,2246.18994140625,2.38700008392334
2016-12-09,2259.530029296875,2.4639999866485596
2016-12-12,2256.9599609375,2.4790000915527344
2016-12-13,2271.719970703125,2.4809999465942383
2016-12-14,2253.280029296875,2.5250000953674316
2016-12-15,2262.030029296875,2.5799999237060547
2016-12-16,2258.070068359375,2.5969998836517334
2016-12-19,2262.530029296875,2.5420000553131104
2016-12-20,2270.760009765625,2.568000078201294
2016-12-21,2265.179931640625,2.5460000038146973
2016-12-22,2260.9599609375,2.552999973297119
2016-12-23,2263.7900390625,2.5429999828338623
2016-12-27,2268.8798828125,2.562999963760376
2016-12-28,2249.919921875,2.50600004196167
2016-12-29,2249.260009765625,2.4769999980926514
2016-12-30,2238.830078125,2.446000099182129
2017-01-03,2257.830078125,2.450000047683716
2017-01-04,2270.75,2.4519999027252197
2017-01-05,2269.0,2.368000030517578
2017-01-06,2276.97998046875,2.4179999828338623
2017-01-09,2268.89990234375,2.375999927520752
2017-01-10,2268.89990234375,2.378999948501587
2017-01-11,2275.320068359375,2.369999885559082
2017-01-12,2270.43994140625,2.3610000610351562
2017-01-13,2274.639892578125,2.380000114440918
2017-01-17,2267.889892578125,2.3269999027252197
2017-01-18,2271.889892578125,2.3889999389648438
2017-01-19,2263.68994140625,2.4590001106262207
2017-01-20,2271.31005859375,2.4670000076293945
2017-01-23,2265.199951171875,2.4030001163482666
2017-01-24,2280.070068359375,2.4709999561309814
2017-01-25,2298.3701171875,2.5230000019073486
2017-01-26,2296.679931640625,2.507999897003174
2017-01-27,2294.68994140625,2.4809999465942383
2017-01-30,2280.89990234375,2.4830000400543213
2017-01-31,2278.8701171875,2.4509999752044678
2017-02-01,2279.550048828125,2.4739999771118164
2017-02-02,2280.85009765625,2.4700000286102295
2017-02-03,2297.419921875,2.490999937057495
2017-02-06,2292.56005859375,2.4130001068115234
2017-02-07,2293.080078125,2.3889999389648438
2017-02-08,2294.669921875,2.3510000705718994
2017-02-09,2307.8701171875,2.3949999809265137
2017-02-10,2316.10009765625,2.4089999198913574
2017-02-13,2328.25,2.434000015258789
2017-02-14,2337.580078125,2.4700000286102295
2017-02-15,2349.25,2.502000093460083
2017-02-16,2347.219970703125,2.450000047683716
2017-02-17,2351.159912109375,2.424999952316284
2017-02-21,2365.3798828125,2.427000045776367
2017-02-22,2362.820068359375,2.4179999828338623
2017-02-23,2363.81005859375,2.388000011444092
2017-02-24,2367.340087890625,2.316999912261963
2017-02-27,2369.75,2.36899995803833
2017-02-28,2363.639892578125,2.3580000400543213
2017-03-01,2395.9599609375,2.4630000591278076
2017-03-02,2381.919921875,2.489000082015991
2017-03-03,2383.1201171875,2.492000102996826
2017-03-06,2375.31005859375,2.49399995803833
2017-03-07,2368.389892578125,2.510999917984009
2017-03-08,2362.97998046875,2.552000045776367
2017-03-09,2364.8701171875,2.5980000495910645
2017-03-10,2372.60009765625,2.5820000171661377
2017-03-13,2373.469970703125,2.6080000400543213
2017-03-14,2365.449951171875,2.5950000286102295
2017-03-15,2385.260009765625,2.507999897003174
2017-03-16,2381.3798828125,2.5220000743865967
2017-03-17,2378.25,2.500999927520752
2017-03-20,2373.469970703125,2.4730000495910645
2017-03-21,2344.02001953125,2.436000108718872
2017-03-22,2348.449951171875,2.3959999084472656
2017-03-23,2345.9599609375,2.4179999828338623
2017-03-24,2343.97998046875,2.4000000953674316
2017-03-27,2341.590087890625,2.372999906539917
2017-03-28,2358.570068359375,2.4089999198913574
2017-03-29,2361.1298828125,2.385999917984009
2017-03-30,2368.06005859375,2.4159998893737793
2017-03-31,2362.719970703125,2.3959999084472656
2017-04-03,2358.840087890625,2.3499999046325684
2017-04-04,2360.159912109375,2.3499999046325684
2017-04-05,2352.949951171875,2.3570001125335693
2017-04-06,2357.489990234375,2.3429999351501465
2017-04-07,2355.5400390625,2.372999906539917
2017-04-10,2357.159912109375,2.3610000610351562
2017-04-11,2353.780029296875,2.2980000972747803
2017-04-12,2344.929931640625,2.2960000038146973
2017-04-13,2328.949951171875,2.2320001125335693
2017-04-17,2349.010009765625,2.252000093460083
2017-04-18,2342.18994140625,2.178999900817871
2017-04-19,2338.169921875,2.2019999027252197
2017-04-20,2355.840087890625,2.240999937057495
2017-04-21,2348.68994140625,2.236999988555908
2017-04-24,2374.14990234375,2.2730000019073486
2017-04-25,2388.610107421875,2.3269999027252197
2017-04-26,2387.449951171875,2.311000108718872
2017-04-27,2388.77001953125,2.2960000038146973
2017-04-28,2384.199951171875,2.2820000648498535
2017-05-01,2388.330078125,2.325000047683716
2017-05-02,2391.169921875,2.2960000038146973
2017-05-03,2388.1298828125,2.309000015258789
2017-05-04,2389.52001953125,2.3559999465942383
2017-05-05,2399.2900390625,2.3519999980926514
2017-05-08,2399.3798828125,2.375999927520752
2017-05-09,2396.919921875,2.4070000648498535
2017-05-10,2399.6298828125,2.4140000343322754
2017-05-11,2394.43994140625,2.4000000953674316
2017-05-12,2390.89990234375,2.3350000381469727
2017-05-15,2402.320068359375,2.3380000591278076
2017-05-16,2400.669921875,2.3289999961853027
2017-05-17,2357.030029296875,2.2160000801086426
2017-05-18,2365.719970703125,2.2330000400543213
2017-05-19,2381.72998046875,2.244999885559082
2017-05-22,2394.02001953125,2.253999948501587
2017-05-23,2398.419921875,2.2850000858306885
2017-05-24,2404.389892578125,2.2660000324249268
2017-05-25,2415.070068359375,2.255000114440918
2017-05-26,2415.820068359375,2.25
2017-05-30,2412.909912109375,2.2170000076293945
2017-05-31,2411.800048828125,2.196000099182129
2017-06-01,2430.06005859375,2.2170000076293945
2017-06-02,2439.070068359375,2.1589999198913574
2017-06-05,2436.10009765625,2.181999921798706
2017-06-06,2429.330078125,2.1470000743865967
2017-06-07,2433.139892578125,2.177999973297119
2017-06-08,2433.7900390625,2.194000005722046
2017-06-09,2431.77001953125,2.1989998817443848
2017-06-12,2429.389892578125,2.2130000591278076
2017-06-13,2440.35009765625,2.2070000171661377
2017-06-14,2437.919921875,2.138000011444092
2017-06-15,2432.4599609375,2.1619999408721924
2017-06-16,2433.14990234375,2.1570000648498535
2017-06-19,2453.4599609375,2.190000057220459
2017-06-20,2437.030029296875,2.1530001163482666
2017-06-21,2435.610107421875,2.1549999713897705
2017-06-22,2434.5,2.1530001163482666
2017-06-23,2438.300048828125,2.1440000534057617
2017-06-26,2439.070068359375,2.13700008392334
2017-06-27,2419.3798828125,2.197999954223633
2017-06-28,2440.68994140625,2.2209999561309814
2017-06-29,2419.699951171875,2.2669999599456787
2017-06-30,2423.409912109375,2.302000045776367
2017-07-03,2429.010009765625,2.3459999561309814
2017-07-05,2432.5400390625,2.3340001106262207
2017-07-06,2409.75,2.369999885559082
2017-07-07,2425.179931640625,2.3929998874664307
2017-07-10,2427.429931640625,2.371000051498413
2017-07-11,2425.530029296875,2.361999988555908
2017-07-12,2443.25,2.3269999027252197
2017-07-13,2447.830078125,2.3480000495910645
2017-07-14,2459.27001953125,2.319000005722046
2017-07-17,2459.139892578125,2.309000015258789
2017-07-18,2460.610107421875,2.263000011444092
2017-07-19,2473.830078125,2.2679998874664307
2017-07-20,2473.449951171875,2.2660000324249268
2017-07-21,2472.5400390625,2.2320001125335693
2017-07-24,2469.909912109375,2.253999948501587
2017-07-25,2477.1298828125,2.3259999752044678
2017-07-26,2477.830078125,2.2820000648498535
2017-07-27,2475.419921875,2.309999942779541
2017-07-28,2472.10009765625,2.2890000343322754
2017-07-31,2470.300048828125,2.2920000553131104
2017-08-01,2476.35009765625,2.250999927520752
2017-08-02,2477.570068359375,2.26200008392334
2017-08-03,2472.159912109375,2.2279999256134033
2017-08-04,2476.830078125,2.2669999599456787
2017-08-07,2480.909912109375,2.256999969482422
2017-08-08,2474.919921875,2.2829999923706055
2017-08-09,2474.02001953125,2.240999937057495
2017-08-10,2438.2099609375,2.2119998931884766
2017-08-11,2441.320068359375,2.188999891281128
2017-08-14,2465.840087890625,2.2190001010894775
2017-08-15,2464.610107421875,2.2660000324249268
2017-08-16,2468.110107421875,2.2260000705718994
2017-08-17,2430.010009765625,2.1989998817443848
2017-08-18,2425.550048828125,2.194000005722046
2017-08-21,2428.3701171875,2.180000066757202
2017-08-22,2452.510009765625,2.2149999141693115
2017-08-23,2444.0400390625,2.1710000038146973
2017-08-24,2438.969970703125,2.194000005722046
2017-08-25,2443.050048828125,2.1689999103546143
2017-08-28,2444.239990234375,2.1589999198913574
2017-08-29,2446.300048828125,2.135999917984009
2017-08-30,2457.590087890625,2.1429998874664307
2017-08-31,2471.64990234375,2.121000051498413
2017-09-01,2476.550048828125,2.1570000648498535
2017-09-05,2457.85009765625,2.069999933242798
2017-09-06,2465.5400390625,2.1080000400543213
2017-09-07,2465.10009765625,2.061000108718872
2017-09-08,2461.429931640625,2.061000108718872
2017-09-11,2488.110107421875,2.125
2017-09-12,2496.47998046875,2.1710000038146973
2017-09-13,2498.3701171875,2.194999933242798
2017-09-14,2495.6201171875,2.197000026702881
2017-09-15,2500.22998046875,2.2019999027252197
2017-09-18,2503.8701171875,2.2290000915527344
2017-09-19,2506.64990234375,2.243000030517578
2017-09-20,2508.239990234375,2.2769999504089355
2017-09-21,2500.60009765625,2.2780001163482666
2017-09-22,2502.219970703125,2.26200008392334
2017-09-25,2496.659912109375,2.2200000286102295
2017-09-26,2496.840087890625,2.2290000915527344
2017-09-27,2507.0400390625,2.309000015258789
2017-09-28,2510.06005859375,2.309000015258789
2017-09-29,2519.360107421875,2.3259999752044678
2017-10-02,2529.1201171875,2.3369998931884766
2017-10-03,2534.580078125,2.3340001106262207
2017-10-04,2537.739990234375,2.3299999237060547
2017-10-05,2552.070068359375,2.3499999046325684
2017-10-06,2549.330078125,2.369999885559082
2017-10-09,2544.72998046875,2.3610000610351562
2017-10-10,2550.639892578125,2.3450000286102295
2017-10-11,2555.239990234375,2.3450000286102295
2017-10-12,2550.929931640625,2.322999954223633
2017-10-13,2553.169921875,2.2799999713897705
2017-10-16,2557.639892578125,2.306999921798706
2017-10-17,2559.360107421875,2.2980000972747803
2017-10-18,2561.260009765625,2.3389999866485596
2017-10-19,2562.10009765625,2.321000099182129
2017-10-20,2575.2099609375,2.38100004196167
2017-10-23,2564.97998046875,2.375999927520752
2017-10-24,2569.1298828125,2.4059998989105225
2017-10-25,2557.14990234375,2.444000005722046
2017-10-26,2560.39990234375,2.4519999027252197
2017-10-27,2581.070068359375,2.427999973297119
2017-10-30,2572.830078125,2.369999885559082
2017-10-31,2575.260009765625,2.375999927520752
2017-11-01,2579.360107421875,2.375999927520752
2017-11-02,2579.85009765625,2.3469998836517334
2017-11-03,2587.840087890625,2.3429999351501465
2017-11-06,2591.1298828125,2.319999933242798
2017-11-07,2590.639892578125,2.306999921798706
2017-11-08,2594.3798828125,2.325000047683716
2017-11-09,2584.6201171875,2.3310000896453857
2017-11-10,2582.300048828125,2.4000000953674316
2017-11-13,2584.840087890625,2.4000000953674316
2017-11-14,2578.8701171875,2.38100004196167
2017-11-15,2564.6201171875,2.3350000381469727
2017-11-16,2585.639892578125,2.3610000610351562
2017-11-17,2578.85009765625,2.3540000915527344
2017-11-20,2582.139892578125,2.371999979019165
2017-11-21,2599.030029296875,2.36299991607666
2017-11-22,2597.080078125,2.322000026702881
2017-11-24,2602.419921875,2.3399999141693115
2017-11-27,2601.419921875,2.328000068664551
2017-11-28,2627.0400390625,2.3380000591278076
2017-11-29,2626.070068359375,2.375999927520752
2017-11-30,2647.580078125,2.4170000553131104
2017-12-01,2642.219970703125,2.361999988555908
2017-12-04,2639.43994140625,2.378999948501587
2017-12-05,2629.570068359375,2.3559999465942383
2017-12-06,2629.27001953125,2.3299999237060547
2017-12-07,2636.97998046875,2.375999927520752
2017-12-08,2651.5,2.382999897003174
2017-12-11,2659.989990234375,2.384999990463257
2017-12-12,2664.110107421875,2.4030001163482666
2017-12-13,2662.85009765625,2.3489999771118164
2017-12-14,2652.010009765625,2.3459999561309814
2017-12-15,2675.81005859375,2.3550000190734863
2017-12-18,2690.159912109375,2.3919999599456787
2017-12-19,2681.469970703125,2.4630000591278076
2017-12-20,2679.25,2.496999979019165
2017-12-21,2684.570068359375,2.4809999465942383
2017-12-22,2683.340087890625,2.484999895095825
2017-12-26,2680.5,2.4670000076293945
2017-12-27,2682.6201171875,2.4140000343322754
2017-12-28,2687.5400390625,2.431999921798706
2017-12-29,2673.610107421875,2.4049999713897705
2018-01-02,2695.81005859375,2.4649999141693115
2018-01-03,2713.06005859375,2.447000026702881
2018-01-04,2723.989990234375,2.453000068664551
2018-01-05,2743.14990234375,2.4760000705718994
2018-01-08,2747.7099609375,2.4800000190734863
2018-01-09,2751.2900390625,2.5460000038146973
2018-01-10,2748.22998046875,2.549999952316284
2018-01-11,2767.56005859375,2.5309998989105225
2018-01-12,2786.239990234375,2.552000045776367
2018-01-16,2776.419921875,2.5439999103546143
2018-01-17,2802.56005859375,2.578000068664551
2018-01-18,2798.030029296875,2.6110000610351562
2018-01-19,2810.300048828125,2.63700008392334
2018-01-22,2832.969970703125,2.6649999618530273
2018-01-23,2839.1298828125,2.624000072479248
2018-01-24,2837.5400390625,2.6540000438690186
2018-01-25,2839.25,2.621000051498413
2018-01-26,2872.8701171875,2.6619999408721924
2018-01-29,2853.530029296875,2.6989998817443848
2018-01-30,2822.429931640625,2.7260000705718994
2018-01-31,2823.81005859375,2.7200000286102295
2018-02-01,2821.97998046875,2.7730000019073486
2018-02-02,2762.1298828125,2.8540000915527344
2018-02-05,2648.93994140625,2.7939999103546143
2018-02-06,2695.139892578125,2.7679998874664307
2018-02-07,2681.659912109375,2.8440001010894775
2018-02-08,2581.0,2.8510000705718994
2018-02-09,2619.550048828125,2.8289999961853027
2018-02-12,2656.0,2.8570001125335693
2018-02-13,2662.93994140625,2.8399999141693115
2018-02-14,2698.6298828125,2.9130001068115234
2018-02-15,2731.199951171875,2.8910000324249268
2018-02-16,2732.219970703125,2.877000093460083
2018-02-20,2716.260009765625,2.8929998874664307
2018-02-21,2701.330078125,2.943000078201294
2018-02-22,2703.9599609375,2.9170000553131104
2018-02-23,2747.300048828125,2.871000051498413
2018-02-26,2779.60009765625,2.8589999675750732
2018-02-27,2744.280029296875,2.9079999923706055
2018-02-28,2713.830078125,2.868000030517578
2018-03-01,2677.669921875,2.803999900817871
2018-03-02,2691.25,2.8570001125335693
2018-03-05,2720.93994140625,2.88100004196167
2018-03-06,2728.1201171875,2.877000093460083
2018-03-07,2726.800048828125,2.882999897003174
2018-03-08,2738.969970703125,2.865999937057495
2018-03-09,2786.570068359375,2.8940000534057617
2018-03-12,2783.02001953125,2.869999885559082
2018-03-13,2765.31005859375,2.8480000495910645
2018-03-14,2749.47998046875,2.816999912261963
2018-03-15,2747.330078125,2.8259999752044678
2018-03-16,2752.010009765625,2.8480000495910645
2018-03-19,2712.919921875,2.8450000286102295
2018-03-20,2716.93994140625,2.878999948501587
2018-03-21,2711.929931640625,2.9070000648498535
2018-03-22,2643.68994140625,2.8320000171661377
2018-03-23,2588.260009765625,2.8299999237060547
2018-03-26,2658.550048828125,2.8429999351501465
2018-03-27,2612.6201171875,2.7860000133514404
2018-03-28,2605.0,2.7750000953674316
2018-03-29,2640.8701171875,2.740999937057495
2018-04-02,2581.8798828125,2.7320001125335693
2018-04-03,2614.449951171875,2.7839999198913574
2018-04-04,2644.68994140625,2.7880001068115234
2018-04-05,2662.840087890625,2.8320000171661377
2018-04-06,2604.469970703125,2.7750000953674316
2018-04-09,2613.159912109375,2.7860000133514404
2018-04-10,2656.8701171875,2.796999931335449
2018-04-11,2642.18994140625,2.7899999618530273
2018-04-12,2663.989990234375,2.8340001106262207
2018-04-13,2656.300048828125,2.8289999961853027
2018-04-16,2677.840087890625,2.8320000171661377
2018-04-17,2706.389892578125,2.813999891281128
2018-04-18,2708.639892578125,2.867000102996826
2018-04-19,2693.1298828125,2.9140000343322754
2018-04-20,2670.139892578125,2.9509999752044678
2018-04-23,2670.2900390625,2.9730000495910645
2018-04-24,2634.56005859375,2.9830000400543213
2018-04-25,2639.39990234375,3.0239999294281006
2018-04-26,2666.93994140625,2.990000009536743
2018-04-27,2669.909912109375,2.9570000171661377
2018-04-30,2648.050048828125,2.936000108718872
2018-05-01,2654.800048828125,2.9760000705718994
2018-05-02,2635.669921875,2.9639999866485596
2018-05-03,2629.72998046875,2.946000099182129
2018-05-04,2663.419921875,2.944000005722046
2018-05-07,2672.6298828125,2.950000047683716
2018-05-08,2671.919921875,2.9690001010894775
2018-05-09,2697.7900390625,3.003999948501587
2018-05-10,2723.070068359375,2.9709999561309814
2018-05-11,2727.719970703125,2.9709999561309814
2018-05-14,2730.1298828125,2.994999885559082
2018-05-15,2711.449951171875,3.0799999237060547
2018-05-16,2722.4599609375,3.0950000286102295
2018-05-17,2720.1298828125,3.1089999675750732
2018-05-18,2712.969970703125,3.066999912261963
2018-05-21,2733.010009765625,3.065000057220459
2018-05-22,2724.43994140625,3.065000057220459
2018-05-23,2733.2900390625,3.003000020980835
2018-05-24,2727.760009765625,2.9809999465942383
2018-05-25,2721.330078125,2.930999994277954
2018-05-29,2689.860107421875,2.7679998874664307
2018-05-30,2724.010009765625,2.8420000076293945
2018-05-31,2705.27001953125,2.822000026702881
2018-06-01,2734.6201171875,2.8949999809265137
2018-06-04,2746.8701171875,2.937000036239624
2018-06-05,2748.800048828125,2.9189999103546143
2018-06-06,2772.35009765625,2.9749999046325684
2018-06-07,2770.3701171875,2.933000087738037
2018-06-08,2779.030029296875,2.937000036239624
2018-06-11,2782.0,2.9570000171661377
2018-06-12,2786.85009765625,2.9570000171661377
2018-06-13,2775.6298828125,2.9769999980926514
2018-06-14,2782.489990234375,2.946000099182129
2018-06-15,2779.659912109375,2.9240000247955322
2018-06-18,2773.75,2.9260001182556152
2018-06-19,2762.590087890625,2.8929998874664307
2018-06-20,2767.320068359375,2.927999973297119
2018-06-21,2749.760009765625,2.8970000743865967
2018-06-22,2754.8798828125,2.9000000953674316
2018-06-25,2717.070068359375,2.875
2018-06-26,2723.06005859375,2.880000114440918
2018-06-27,2699.6298828125,2.8269999027252197
2018-06-28,2716.31005859375,2.8469998836517334
2018-06-29,2718.3701171875,2.8489999771118164
2018-07-02,2726.7099609375,2.865999937057495
2018-07-03,2713.219970703125,2.8380000591278076
2018-07-05,2736.610107421875,2.8399999141693115
2018-07-06,2759.820068359375,2.8310000896453857
2018-07-09,2784.169921875,2.859999895095825
2018-07-10,2793.840087890625,2.872999906539917
2018-07-11,2774.02001953125,2.8420000076293945
2018-07-12,2798.2900390625,2.8529999256134033
2018-07-13,2801.31005859375,2.8310000896453857
2018-07-16,2798.429931640625,2.8580000400543213
2018-07-17,2809.550048828125,2.864000082015991
2018-07-18,2815.6201171875,2.875
2018-07-19,2804.489990234375,2.8469998836517334
2018-07-20,2801.830078125,2.8949999809265137
2018-07-23,2806.97998046875,2.9649999141693115
2018-07-24,2820.39990234375,2.9489998817443848
2018-07-25,2846.070068359375,2.936000108718872
2018-07-26,2837.43994140625,2.9749999046325684
2018-07-27,2818.820068359375,2.9600000381469727
2018-07-30,2802.60009765625,2.9749999046325684
2018-07-31,2816.2900390625,2.9639999866485596
2018-08-01,2813.360107421875,3.003000020980835
2018-08-02,2827.219970703125,2.9860000610351562
2018-08-03,2840.35009765625,2.953000068664551
2018-08-06,2850.39990234375,2.937999963760376
2018-08-07,2858.449951171875,2.9730000495910645
2018-08-08,2857.699951171875,2.9709999561309814
2018-08-09,2853.580078125,2.934999942779541
2018-08-10,2833.280029296875,2.8570001125335693
2018-08-13,2821.929931640625,2.877000093460083
2018-08-14,2839.9599609375,2.8949999809265137
2018-08-15,2818.3701171875,2.8519999980926514
2018-08-16,2840.68994140625,2.871000051498413
2018-08-17,2850.1298828125,2.872999906539917
2018-08-20,2857.050048828125,2.822999954223633
2018-08-21,2862.9599609375,2.8440001010894775
2018-08-22,2861.820068359375,2.822999954223633
2018-08-23,2856.97998046875,2.821000099182129
2018-08-24,2874.68994140625,2.8259999752044678
2018-08-27,2896.739990234375,2.8480000495910645
2018-08-28,2897.52001953125,2.884000062942505
2018-08-29,2914.0400390625,2.884000062942505
2018-08-30,2901.1298828125,2.859999895095825
2018-08-31,2901.52001953125,2.8529999256134033
2018-09-04,2896.719970703125,2.9019999504089355
2018-09-05,2888.60009765625,2.9019999504089355
2018-09-06,2878.050048828125,2.878999948501587
2018-09-07,2871.679931640625,2.941999912261963
2018-09-10,2877.1298828125,2.937000036239624
2018-09-11,2887.889892578125,2.9769999980926514
2018-09-12,2888.919921875,2.9630000591278076
2018-09-13,2904.179931640625,2.9630000591278076
2018-09-14,2904.97998046875,2.99399995803833
2018-09-17,2888.800048828125,3.000999927520752
2018-09-18,2904.31005859375,3.0480000972747803
2018-09-19,2907.949951171875,3.0829999446868896
2018-09-20,2930.75,3.078000068664551
2018-09-21,2929.669921875,3.068000078201294
2018-09-24,2919.3701171875,3.078000068664551
2018-09-25,2915.56005859375,3.1019999980926514
2018-09-26,2905.969970703125,3.061000108718872
2018-09-27,2914.0,3.055999994277954
2018-09-28,2913.97998046875,3.055999994277954
2018-10-01,2924.590087890625,3.0799999237060547
2018-10-02,2923.429931640625,3.055999994277954
2018-10-03,2925.510009765625,3.1610000133514404
2018-10-04,2901.610107421875,3.197000026702881
2018-10-05,2885.570068359375,3.2249999046325684
2018-10-08,2884.429931640625,3.2330000400543213
2018-10-09,2880.340087890625,3.2079999446868896
2018-10-10,2785.679931640625,3.2249999046325684
2018-10-11,2728.3701171875,3.132999897003174
2018-10-12,2767.1298828125,3.1410000324249268
2018-10-15,2750.7900390625,3.1630001068115234
2018-10-16,2809.919921875,3.1559998989105225
2018-10-17,2809.2099609375,3.178999900817871
2018-10-18,2768.780029296875,3.174999952316284
2018-10-19,2767.780029296875,3.197999954223633
2018-10-22,2755.8798828125,3.196000099182129
2018-10-23,2740.68994140625,3.1659998893737793
2018-10-24,2656.10009765625,3.124000072479248
2018-10-25,2705.570068359375,3.135999917984009
2018-10-26,2658.68994140625,3.0769999027252197
2018-10-29,2641.25,3.0869998931884766
2018-10-30,2682.6298828125,3.109999895095825
2018-10-31,2711.739990234375,3.1589999198913574
2018-11-01,2740.3701171875,3.1440000534057617
2018-11-02,2723.06005859375,3.2139999866485596
2018-11-05,2738.31005859375,3.2009999752044678
2018-11-06,2755.449951171875,3.2139999866485596
2018-11-07,2813.889892578125,3.2130000591278076
2018-11-08,2806.830078125,3.2339999675750732
2018-11-09,2781.010009765625,3.188999891281128
2018-11-12,2726.219970703125,3.186000108718872
2018-11-13,2722.179931640625,3.1449999809265137
2018-11-14,2701.580078125,3.119999885559082
2018-11-15,2730.199951171875,3.118000030517578
2018-11-16,2736.27001953125,3.0739998817443848
2018-11-19,2690.72998046875,3.056999921798706
2018-11-20,2641.889892578125,3.0480000972747803
2018-11-21,2649.929931640625,3.061000108718872
2018-11-23,2632.56005859375,3.053999900817871
2018-11-26,2673.449951171875,3.072000026702881
2018-11-27,2682.169921875,3.055000066757202
2018-11-28,2743.7900390625,3.0439999103546143
2018-11-29,2737.800048828125,3.0350000858306885
2018-11-30,2760.169921875,3.013000011444092
2018-12-03,2790.3701171875,2.992000102996826
2018-12-04,2700.06005859375,2.9240000247955322
2018-12-06,2695.949951171875,2.875999927520752
2018-12-07,2633.080078125,2.8499999046325684
2018-12-10,2637.719970703125,2.8559999465942383
2018-12-11,2636.780029296875,2.878999948501587
2018-12-12,2651.070068359375,2.9059998989105225
2018-12-13,2650.5400390625,2.9110000133514404
2018-12-14,2599.949951171875,2.8910000324249268
2018-12-17,2545.93994140625,2.8570001125335693
2018-12-18,2546.159912109375,2.825000047683716
2018-12-19,2506.9599609375,2.7780001163482666
2018-12-20,2467.419921875,2.7890000343322754
2018-12-21,2416.6201171875,2.7920000553131104
2018-12-24,2351.10009765625,2.749000072479248
2018-12-26,2467.699951171875,2.796999931335449
2018-12-27,2488.830078125,2.743000030517578
2018-12-28,2485.739990234375,2.7360000610351562
2018-12-31,2506.85009765625,2.686000108718872
2019-01-02,2510.030029296875,2.6610000133514404
2019-01-03,2447.889892578125,2.553999900817871
2019-01-04,2531.93994140625,2.6589999198913574
2019-01-07,2549.68994140625,2.681999921798706
2019-01-08,2574.409912109375,2.7160000801086426
2019-01-09,2584.9599609375,2.7279999256134033
2019-01-10,2596.639892578125,2.7309999465942383
2019-01-11,2596.260009765625,2.7009999752044678
2019-01-14,2582.610107421875,2.7100000381469727
2019-01-15,2610.300048828125,2.7109999656677246
2019-01-16,2616.10009765625,2.7309999465942383
2019-01-17,2635.9599609375,2.749000072479248
2019-01-18,2670.7099609375,2.7839999198913574
2019-01-22,2632.89990234375,2.7300000190734863
2019-01-23,2638.699951171875,2.755000114440918
2019-01-24,2642.330078125,2.7119998931884766
2019-01-25,2664.760009765625,2.753000020980835
2019-01-28,2643.85009765625,2.74399995803833
2019-01-29,2640.0,2.7119998931884766
2019-01-30,2681.050048828125,2.694999933242798
2019-01-31,2704.10009765625,2.634999990463257
2019-02-01,2706.530029296875,2.690999984741211
2019-02-04,2724.8701171875,2.7239999771118164
2019-02-05,2737.699951171875,2.7019999027252197
2019-02-06,2731.610107421875,2.7019999027252197
2019-02-07,2706.050048828125,2.6519999504089355
2019-02-08,2707.8798828125,2.631999969482422
2019-02-11,2709.800048828125,2.6610000133514404
2019-02-12,2744.72998046875,2.684000015258789
2019-02-13,2753.030029296875,2.7079999446868896
2019-02-14,2745.72998046875,2.6570000648498535
2019-02-15,2775.60009765625,2.6659998893737793
2019-02-19,2779.760009765625,2.6470000743865967
2019-02-20,2784.699951171875,2.6540000438690186
2019-02-21,2774.8798828125,2.687999963760376
2019-02-22,2792.669921875,2.6549999713897705
2019-02-25,2796.110107421875,2.6730000972747803
2019-02-26,2793.89990234375,2.635999917984009
2019-02-27,2792.3798828125,2.693000078201294
2019-02-28,2784.489990234375,2.7109999656677246
2019-03-01,2803.68994140625,2.755000114440918
2019-03-04,2792.81005859375,2.7219998836517334
2019-03-05,2789.64990234375,2.7219998836517334
2019-03-06,2771.449951171875,2.691999912261963
2019-03-07,2748.929931640625,2.635999917984009
2019-03-08,2743.070068359375,2.625
2019-03-11,2783.300048828125,2.6429998874664307
2019-03-12,2791.52001953125,2.6050000190734863
2019-03-13,2810.919921875,2.6110000610351562
2019-03-14,2808.47998046875,2.630000114440918
2019-03-15,2822.47998046875,2.5929999351501465
2019-03-18,2832.93994140625,2.6019999980926514
2019-03-19,2832.570068359375,2.614000082015991
2019-03-20,2824.22998046875,2.5350000858306885
2019-03-21,2854.8798828125,2.5369999408721924
2019-03-22,2800.7099609375,2.4549999237060547
2019-03-25,2798.360107421875,2.4200000762939453
2019-03-26,2818.4599609375,2.4140000343322754
2019-03-27,2805.3701171875,2.374000072479248
2019-03-28,2815.43994140625,2.3889999389648438
2019-03-29,2834.39990234375,2.4140000343322754
2019-04-01,2867.18994140625,2.496999979019165
2019-04-02,2867.239990234375,2.4809999465942383
2019-04-03,2873.39990234375,2.5169999599456787
2019-04-04,2879.389892578125,2.51200008392334
2019-04-05,2892.739990234375,2.500999927520752
2019-04-08,2895.77001953125,2.5190000534057617
2019-04-09,2878.199951171875,2.499000072479248
2019-04-10,2888.2099609375,2.4769999980926514
2019-04-11,2888.320068359375,2.503999948501587
2019-04-12,2907.409912109375,2.559999942779541
2019-04-15,2905.580078125,2.552999973297119
2019-04-16,2907.06005859375,2.5920000076293945
2019-04-17,2900.449951171875,2.5920000076293945
2019-04-18,2905.030029296875,2.559999942779541
2019-04-22,2907.969970703125,2.5899999141693115
2019-04-23,2933.679931640625,2.569999933242798
2019-04-24,2927.25,2.5220000743865967
2019-04-25,2926.169921875,2.5339999198913574
2019-04-26,2939.8798828125,2.505000114440918
2019-04-29,2943.030029296875,2.5360000133514404
2019-04-30,2945.830078125,2.509000062942505
2019-05-01,2923.72998046875,2.510999917984009
2019-05-02,2917.52001953125,2.552000045776367
2019-05-03,2945.639892578125,2.5309998989105225
2019-05-06,2932.469970703125,2.5
2019-05-07,2884.050048828125,2.447999954223633
2019-05-08,2879.419921875,2.4820001125335693
2019-05-09,2870.719970703125,2.4570000171661377
2019-05-10,2881.39990234375,2.4549999237060547
2019-05-13,2811.8701171875,2.4049999713897705
2019-05-14,2834.409912109375,2.4189999103546143
2019-05-15,2850.9599609375,2.378999948501587
2019-05-16,2876.320068359375,2.4049999713897705
2019-05-17,2859.530029296875,2.3929998874664307
2019-05-20,2840.22998046875,2.4159998893737793
2019-05-21,2864.360107421875,2.4260001182556152
2019-05-22,2856.27001953125,2.3929998874664307
2019-05-23,2822.239990234375,2.2960000038146973
2019-05-24,2826.06005859375,2.3239998817443848
2019-05-28,2802.389892578125,2.2679998874664307
2019-05-29,2783.02001953125,2.2360000610351562
2019-05-30,2788.860107421875,2.2269999980926514
2019-05-31,2752.06005859375,2.1419999599456787
2019-06-03,2744.449951171875,2.0810000896453857
2019-06-04,2803.27001953125,2.11899995803833
2019-06-05,2826.14990234375,2.122999906539917
2019-06-06,2843.489990234375,2.124000072479248
2019-06-07,2873.340087890625,2.0840001106262207
2019-06-10,2886.72998046875,2.1429998874664307
2019-06-11,2885.719970703125,2.140000104904175
2019-06-12,2879.840087890625,2.127000093460083
2019-06-13,2891.639892578125,2.0910000801086426
2019-06-14,2886.97998046875,2.0929999351501465
2019-06-17,2889.669921875,2.0859999656677246
2019-06-18,2917.75,2.059999942779541
2019-06-19,2926.4599609375,2.0290000438690186
2019-06-20,2954.179931640625,2.000999927520752
2019-06-21,2950.4599609375,2.068000078201294
2019-06-24,2945.35009765625,2.0209999084472656
2019-06-25,2917.3798828125,1.99399995803833
2019-06-26,2913.780029296875,2.0490000247955322
2019-06-27,2924.919921875,2.005000114440918
2019-06-28,2941.760009765625,2.0
2019-07-01,2964.330078125,2.0339999198913574
2019-07-02,2973.010009765625,1.9759999513626099
2019-07-03,2995.820068359375,1.9529999494552612
2019-07-05,2990.409912109375,2.0480000972747803
2019-07-08,2975.949951171875,2.0339999198913574
2019-07-09,2979.6298828125,2.053999900817871
2019-07-10,2993.070068359375,2.061000108718872
2019-07-11,2999.909912109375,2.119999885559082
2019-07-12,3013.77001953125,2.1059999465942383
2019-07-15,3014.300048828125,2.0920000076293945
2019-07-16,3004.0400390625,2.121999979019165
2019-07-17,2984.419921875,2.061000108718872
2019-07-18,2995.110107421875,2.0380001068115234
2019-07-19,2976.610107421875,2.0480000972747803
2019-07-22,2985.030029296875,2.0429999828338623
2019-07-23,3005.469970703125,2.0739998817443848
2019-07-24,3019.56005859375,2.049999952316284
2019-07-25,3003.669921875,2.0739998817443848
2019-07-26,3025.860107421875,2.0810000896453857
2019-07-29,3020.969970703125,2.055000066757202
2019-07-30,3013.179931640625,2.061000108718872
2019-07-31,2980.3798828125,2.0209999084472656
2019-08-01,2953.56005859375,1.8940000534057617
2019-08-02,2932.050048828125,1.8550000190734863
2019-08-05,2844.739990234375,1.7350000143051147
2019-08-06,2881.77001953125,1.7389999628067017
2019-08-07,2883.97998046875,1.684000015258789
2019-08-08,2938.090087890625,1.715999960899353
2019-08-09,2918.64990234375,1.7339999675750732
2019-08-12,2882.699951171875,1.6390000581741333
2019-08-13,2926.320068359375,1.6799999475479126
2019-08-14,2840.60009765625,1.5809999704360962
2019-08-15,2847.60009765625,1.5290000438690186
2019-08-16,2888.679931640625,1.5390000343322754
2019-08-19,2923.64990234375,1.5980000495910645
2019-08-20,2900.510009765625,1.5609999895095825
2019-08-21,2924.429931640625,1.5770000219345093
2019-08-22,2922.949951171875,1.6100000143051147
2019-08-23,2847.110107421875,1.527999997138977
2019-08-26,2878.3798828125,1.5449999570846558
2019-08-27,2869.159912109375,1.4900000095367432
2019-08-28,2887.93994140625,1.465999960899353
2019-08-29,2924.580078125,1.5160000324249268
2019-08-30,2926.4599609375,1.50600004196167
2019-09-03,2906.27001953125,1.465999960899353
2019-09-04,2937.780029296875,1.4589999914169312
2019-09-05,2976.0,1.565000057220459
2019-09-06,2978.7099609375,1.5499999523162842
2019-09-09,2978.429931640625,1.621999979019165
2019-09-10,2979.389892578125,1.7020000219345093
2019-09-11,3000.929931640625,1.7330000400543213
2019-09-12,3009.570068359375,1.7910000085830688
2019-09-13,3007.389892578125,1.902999997138977
2019-09-16,2997.9599609375,1.840999960899353
2019-09-17,3005.699951171875,1.812000036239624
2019-09-18,3006.72998046875,1.7860000133514404
2019-09-19,3006.7900390625,1.7740000486373901
2019-09-20,2992.070068359375,1.7549999952316284
2019-09-23,2991.780029296875,1.7079999446868896
2019-09-24,2966.60009765625,1.6349999904632568
2019-09-25,2984.8701171875,1.7319999933242798
2019-09-26,2977.6201171875,1.684999942779541
2019-09-27,2961.7900390625,1.6749999523162842
2019-09-30,2976.739990234375,1.6749999523162842
2019-10-01,2940.25,1.6440000534057617
2019-10-02,2887.610107421875,1.5959999561309814
2019-10-03,2910.6298828125,1.5360000133514404
2019-10-04,2952.010009765625,1.5149999856948853
2019-10-07,2938.7900390625,1.5529999732971191
2019-10-08,2893.06005859375,1.5369999408721924
2019-10-09,2919.39990234375,1.5889999866485596
2019-10-10,2938.1298828125,1.6579999923706055
2019-10-11,2970.27001953125,1.7519999742507935
2019-10-14,2966.14990234375,1.7330000400543213
2019-10-15,2995.679931640625,1.7710000276565552
2019-10-16,2989.68994140625,1.7480000257492065
2019-10-17,2997.949951171875,1.7569999694824219
2019-10-18,2986.199951171875,1.746999979019165
2019-10-21,3006.719970703125,1.7920000553131104
2019-10-22,2995.989990234375,1.7680000066757202
2019-10-23,3004.52001953125,1.7589999437332153
2019-10-24,3010.2900390625,1.7660000324249268
2019-10-25,3022.550048828125,1.8009999990463257
2019-10-28,3039.419921875,1.8530000448226929
2019-10-29,3036.889892578125,1.8350000381469727
2019-10-30,3046.77001953125,1.7979999780654907
2019-10-31,3037.56005859375,1.690999984741211
2019-11-01,3066.909912109375,1.7280000448226929
2019-11-04,3078.27001953125,1.7860000133514404
2019-11-05,3074.6201171875,1.8660000562667847
2019-11-06,3076.780029296875,1.8140000104904175
2019-11-07,3085.179931640625,1.9259999990463257
2019-11-08,3093.080078125,1.9329999685287476
2019-11-11,3087.010009765625,1.9429999589920044
2019-11-12,3091.840087890625,1.909000039100647
2019-11-13,3094.0400390625,1.8700000047683716
2019-11-14,3096.6298828125,1.815000057220459
2019-11-15,3120.4599609375,1.8339999914169312
2019-11-18,3122.030029296875,1.8079999685287476
2019-11-19,3120.179931640625,1.7860000133514404
2019-11-20,3108.4599609375,1.7380000352859497
2019-11-21,3103.5400390625,1.7719999551773071
2019-11-22,3110.2900390625,1.7740000486373901
2019-11-25,3133.639892578125,1.7640000581741333
2019-11-26,3140.52001953125,1.7400000095367432
2019-11-27,3153.6298828125,1.7669999599456787
2019-11-29,3140.97998046875,1.7760000228881836
2019-12-02,3113.8701171875,1.8359999656677246
2019-12-03,3093.199951171875,1.7089999914169312
2019-12-04,3112.760009765625,1.781000018119812
2019-12-05,3117.429931640625,1.7970000505447388
2019-12-06,3145.909912109375,1.8420000076293945
2019-12-09,3135.9599609375,1.8289999961853027
2019-12-10,3132.52001953125,1.8329999446868896
2019-12-11,3141.6298828125,1.7899999618530273
2019-12-12,3168.570068359375,1.8969999551773071
2019-12-13,3168.800048828125,1.819000005722046
2019-12-16,3191.449951171875,1.8919999599456787
2019-12-17,3192.52001953125,1.8890000581741333
2019-12-18,3191.139892578125,1.9240000247955322
2019-12-19,3205.3701171875,1.9079999923706055
2019-12-20,3221.219970703125,1.9170000553131104
2019-12-23,3224.010009765625,1.934999942779541
2019-12-24,3223.3798828125,1.909999966621399
2019-12-26,3239.909912109375,1.9049999713897705
2019-12-27,3240.02001953125,1.8739999532699585
2019-12-30,3221.2900390625,1.8949999809265137
2019-12-31,3230.780029296875,1.9190000295639038
2020-01-02,3257.85009765625,1.8819999694824219
2020-01-03,3234.85009765625,1.7879999876022339
2020-01-06,3246.280029296875,1.8109999895095825
2020-01-07,3237.179931640625,1.8270000219345093
2020-01-08,3253.050048828125,1.8739999532699585
2020-01-09,3274.699951171875,1.8580000400543213
2020-01-10,3265.35009765625,1.8250000476837158
2020-01-13,3288.1298828125,1.8480000495910645
2020-01-14,3283.14990234375,1.8179999589920044
2020-01-15,3289.2900390625,1.7879999876022339
2020-01-16,3316.81005859375,1.809000015258789
2020-01-17,3329.6201171875,1.8359999656677246
2020-01-21,3320.7900390625,1.7690000534057617
2020-01-22,3321.75,1.7690000534057617
2020-01-23,3325.5400390625,1.7400000095367432
2020-01-24,3295.469970703125,1.680999994277954
2020-01-27,3243.6298828125,1.6050000190734863
2020-01-28,3276.239990234375,1.6410000324249268
2020-01-29,3273.39990234375,1.593999981880188
2020-01-30,3283.659912109375,1.5579999685287476
2020-01-31,3225.52001953125,1.5199999809265137
2020-02-03,3248.919921875,1.5199999809265137
2020-02-04,3297.590087890625,1.6030000448226929
2020-02-05,3334.68994140625,1.6490000486373901
2020-02-06,3345.780029296875,1.6440000534057617
2020-02-07,3327.7099609375,1.5779999494552612
2020-02-10,3352.090087890625,1.5470000505447388
2020-02-11,3357.75,1.590000033378601
2020-02-12,3379.449951171875,1.6299999952316284
2020-02-13,3373.93994140625,1.6169999837875366
2020-02-14,3380.159912109375,1.5880000591278076
2020-02-18,3370.2900390625,1.555999994277954
2020-02-19,3386.14990234375,1.5700000524520874
2020-02-20,3373.22998046875,1.524999976158142
2020-02-21,3337.75,1.4709999561309814
2020-02-24,3225.889892578125,1.3769999742507935
2020-02-25,3128.2099609375,1.3300000429153442
2020-02-26,3116.389892578125,1.309999942779541
2020-02-27,2978.760009765625,1.2990000247955322
2020-02-28,2954.219970703125,1.1269999742507935
2020-03-02,3090.22998046875,1.0880000591278076
2020-03-03,3003.3701171875,1.0099999904632568
2020-03-04,3130.1201171875,0.9919999837875366
2020-03-05,3023.93994140625,0.9259999990463257
2020-03-06,2972.3701171875,0.7059999704360962
2020-03-09,2746.56005859375,0.49900001287460327
2020-03-10,2882.22998046875,0.7480000257492065
2020-03-11,2741.3798828125,0.8199999928474426
2020-03-12,2480.639892578125,0.8489999771118164
2020-03-13,2711.02001953125,0.9509999752044678
2020-03-16,2386.1298828125,0.7279999852180481
2020-03-17,2529.18994140625,0.996999979019165
2020-03-18,2398.10009765625,1.2660000324249268
2020-03-19,2409.389892578125,1.11899995803833
2020-03-20,2304.919921875,0.9380000233650208
2020-03-23,2237.39990234375,0.7639999985694885
2020-03-24,2447.330078125,0.8159999847412109
2020-03-25,2475.56005859375,0.8579999804496765
2020-03-26,2630.070068359375,0.8109999895095825
2020-03-27,2541.469970703125,0.7490000128746033
2020-03-30,2626.64990234375,0.6700000166893005
2020-03-31,2584.590087890625,0.6980000138282776
2020-04-01,2470.5,0.6349999904632568
2020-04-02,2526.89990234375,0.6269999742507935
2020-04-03,2488.64990234375,0.5870000123977661
2020-04-06,2663.679931640625,0.6759999990463257
2020-04-07,2659.409912109375,0.7360000014305115
2020-04-08,2749.97998046875,0.7639999985694885
2020-04-09,2789.820068359375,0.7289999723434448
2020-04-13,2761.6298828125,0.7490000128746033
2020-04-14,2846.06005859375,0.7519999742507935
2020-04-15,2783.360107421875,0.6380000114440918
2020-04-16,2799.550048828125,0.609000027179718
2020-04-17,2874.56005859375,0.6539999842643738
2020-04-20,2823.159912109375,0.6259999871253967
2020-04-21,2736.56005859375,0.5709999799728394
2020-04-22,2799.31005859375,0.6190000176429749
2020-04-23,2797.800048828125,0.6129999756813049
2020-04-24,2836.739990234375,0.5960000157356262
2020-04-27,2878.47998046875,0.656000018119812
2020-04-28,2863.389892578125,0.6100000143051147
2020-04-29,2939.510009765625,0.6269999742507935
2020-04-30,2912.429931640625,0.621999979019165
2020-05-01,2830.7099609375,0.6420000195503235
2020-05-04,2842.739990234375,0.6370000243186951
2020-05-05,2868.43994140625,0.6570000052452087
2020-05-06,2848.419921875,0.7110000252723694
2020-05-07,2881.18994140625,0.6309999823570251
2020-05-08,2929.800048828125,0.6819999814033508
2020-05-11,2930.18994140625,0.7260000109672546
2020-05-12,2870.1201171875,0.6779999732971191
2020-05-13,2820.0,0.6489999890327454
2020-05-14,2852.5,0.6190000176429749
2020-05-15,2863.699951171875,0.6399999856948853
2020-05-18,2953.909912109375,0.7440000176429749
2020-05-19,2922.93994140625,0.7110000252723694
2020-05-20,2971.610107421875,0.6800000071525574
2020-05-21,2948.510009765625,0.6769999861717224
2020-05-22,2955.449951171875,0.6570000052452087
2020-05-26,2991.77001953125,0.6980000138282776
2020-05-27,3036.1298828125,0.6800000071525574
2020-05-28,3029.72998046875,0.7049999833106995
2020-05-29,3044.31005859375,0.6480000019073486
2020-06-01,3055.72998046875,0.6620000004768372
2020-06-02,3080.820068359375,0.6800000071525574
2020-06-03,3122.8701171875,0.7609999775886536
2020-06-04,3112.35009765625,0.8199999928474426
2020-06-05,3193.929931640625,0.9039999842643738
2020-06-08,3232.389892578125,0.8840000033378601
2020-06-09,3207.179931640625,0.8289999961853027
2020-06-10,3190.139892578125,0.7480000257492065
2020-06-11,3002.10009765625,0.652999997138977
2020-06-12,3041.31005859375,0.6990000009536743
2020-06-15,3066.590087890625,0.7020000219345093
2020-06-16,3124.739990234375,0.7559999823570251
2020-06-17,3113.489990234375,0.7329999804496765
2020-06-18,3115.340087890625,0.6940000057220459
2020-06-19,3097.739990234375,0.6970000267028809
2020-06-22,3117.860107421875,0.7039999961853027
2020-06-23,3131.2900390625,0.7089999914169312
2020-06-24,3050.330078125,0.6840000152587891
2020-06-25,3083.760009765625,0.6740000247955322
2020-06-26,3009.050048828125,0.6359999775886536
2020-06-29,3053.239990234375,0.6359999775886536
2020-06-30,3100.2900390625,0.652999997138977
2020-07-01,3115.860107421875,0.6819999814033508
2020-07-02,3130.010009765625,0.6690000295639038
2020-07-06,3179.719970703125,0.6840000152587891
2020-07-07,3145.320068359375,0.6499999761581421
2020-07-08,3169.93994140625,0.652999997138977
2020-07-09,3152.050048828125,0.6050000190734863
2020-07-10,3185.0400390625,0.6330000162124634
2020-07-13,3155.219970703125,0.6399999856948853
2020-07-14,3197.52001953125,0.6150000095367432
2020-07-15,3226.56005859375,0.6299999952316284
2020-07-16,3215.570068359375,0.6119999885559082
2020-07-17,3224.72998046875,0.628000020980835
2020-07-20,3251.840087890625,0.6200000047683716
2020-07-21,3257.300048828125,0.6069999933242798
2020-07-22,3276.02001953125,0.5950000286102295
2020-07-23,3235.659912109375,0.5820000171661377
2020-07-24,3215.6298828125,0.5889999866485596
2020-07-27,3239.409912109375,0.609000027179718
2020-07-28,3218.43994140625,0.5809999704360962
2020-07-29,3258.43994140625,0.5789999961853027
2020-07-30,3246.219970703125,0.5410000085830688
2020-07-31,3271.1201171875,0.5360000133514404
2020-08-03,3294.610107421875,0.5630000233650208
2020-08-04,3306.510009765625,0.5149999856948853
2020-08-05,3327.77001953125,0.5429999828338623
2020-08-06,3349.159912109375,0.5360000133514404
2020-08-07,3351.280029296875,0.5619999766349792
2020-08-10,3360.469970703125,0.5740000009536743
2020-08-11,3333.68994140625,0.6579999923706055
2020-08-12,3380.35009765625,0.6700000166893005
2020-08-13,3373.429931640625,0.7160000205039978
2020-08-14,3372.85009765625,0.7089999914169312
2020-08-17,3381.989990234375,0.6830000281333923
2020-08-18,3389.780029296875,0.6690000295639038
2020-08-19,3374.85009765625,0.675000011920929
2020-08-20,3385.510009765625,0.6439999938011169
2020-08-21,3397.159912109375,0.6399999856948853
2020-08-24,3431.280029296875,0.6460000276565552
2020-08-25,3443.6201171875,0.6819999814033508
2020-08-26,3478.72998046875,0.6869999766349792
2020-08-27,3484.550048828125,0.7459999918937683
2020-08-28,3508.010009765625,0.7289999723434448
2020-08-31,3500.31005859375,0.6930000185966492
2020-09-01,3526.64990234375,0.671999990940094
2020-09-02,3580.840087890625,0.6510000228881836
2020-09-03,3455.06005859375,0.621999979019165
2020-09-04,3426.9599609375,0.7210000157356262
2020-09-08,3331.840087890625,0.6840000152587891
2020-09-09,3398.9599609375,0.703000009059906
2020-09-10,3339.18994140625,0.6850000023841858
2020-09-11,3340.969970703125,0.6690000295639038
2020-09-14,3383.5400390625,0.6710000038146973
2020-09-15,3401.199951171875,0.6790000200271606
2020-09-16,3385.489990234375,0.6869999766349792
2020-09-17,3357.010009765625,0.6840000152587891
2020-09-18,3319.469970703125,0.6940000057220459
2020-09-21,3281.06005859375,0.6710000038146973
2020-09-22,3315.570068359375,0.6639999747276306
2020-09-23,3236.919921875,0.6759999990463257
2020-09-24,3246.590087890625,0.6660000085830688
2020-09-25,3298.4599609375,0.6589999794960022
2020-09-28,3351.60009765625,0.6629999876022339
2020-09-29,3335.469970703125,0.6449999809265137
2020-09-30,3363.0,0.6769999861717224
2020-10-01,3380.800048828125,0.6769999861717224
2020-10-02,3348.419921875,0.6959999799728394
2020-10-05,3408.60009765625,0.7620000243186951
2020-10-06,3360.969970703125,0.7419999837875366
2020-10-07,3419.43994140625,0.7850000262260437
2020-10-08,3446.830078125,0.7649999856948853
2020-10-09,3477.139892578125,0.7749999761581421
2020-10-12,3534.219970703125,0.7770000100135803
2020-10-13,3511.929931640625,0.7269999980926514
2020-10-14,3488.669921875,0.722000002861023
2020-10-15,3483.340087890625,0.7310000061988831
2020-10-16,3483.81005859375,0.7440000176429749
2020-10-19,3426.919921875,0.7609999775886536
2020-10-20,3443.1201171875,0.796999990940094
2020-10-21,3435.56005859375,0.8159999847412109
2020-10-22,3453.489990234375,0.8479999899864197
2020-10-23,3465.389892578125,0.8410000205039978
2020-10-26,3400.969970703125,0.8009999990463257
2020-10-27,3390.679931640625,0.777999997138977
2020-10-28,3271.030029296875,0.781000018119812
2020-10-29,3310.110107421875,0.8349999785423279
2020-10-30,3269.9599609375,0.8600000143051147
2020-11-02,3310.239990234375,0.8489999771118164
2020-11-03,3369.159912109375,0.8820000290870667
2020-11-04,3443.43994140625,0.7680000066757202
2020-11-05,3510.449951171875,0.7760000228881836
2020-11-06,3509.43994140625,0.8199999928474426
2020-11-09,3550.5,0.9580000042915344
2020-11-10,3545.530029296875,0.972000002861023
2020-11-11,3572.659912109375,0.9580000042915344
2020-11-12,3537.010009765625,0.8849999904632568
2020-11-13,3585.14990234375,0.8930000066757202
2020-11-16,3626.909912109375,0.906000018119812
2020-11-17,3609.530029296875,0.871999979019165
2020-11-18,3567.7900390625,0.8820000290870667
2020-11-19,3581.8701171875,0.8539999723434448
2020-11-20,3557.5400390625,0.8289999961853027
2020-11-23,3577.590087890625,0.8569999933242798
2020-11-24,3635.409912109375,0.8820000290870667
2020-11-25,3629.64990234375,0.878000020980835
2020-11-27,3638.35009765625,0.8420000076293945
2020-11-30,3621.6298828125,0.843999981880188
2020-12-01,3662.449951171875,0.9340000152587891
2020-12-02,3669.010009765625,0.9480000138282776
2020-12-03,3666.719970703125,0.9200000166893005
2020-12-04,3699.1201171875,0.968999981880188
2020-12-07,3691.9599609375,0.9279999732971191
2020-12-08,3702.25,0.9129999876022339
2020-12-09,3672.820068359375,0.9409999847412109
2020-12-10,3668.10009765625,0.9079999923706055
2020-12-11,3663.4599609375,0.8930000066757202
2020-12-14,3647.489990234375,0.8920000195503235
2020-12-15,3694.6201171875,0.9229999780654907
2020-12-16,3701.169921875,0.9200000166893005
2020-12-17,3722.47998046875,0.9300000071525574
2020-12-18,3709.409912109375,0.9480000138282776
2020-12-21,3694.919921875,0.9409999847412109
2020-12-22,3687.260009765625,0.9179999828338623
2020-12-23,3690.010009765625,0.9549999833106995
2020-12-24,3703.06005859375,0.9279999732971191
2020-12-28,3735.360107421875,0.9330000281333923
2020-12-29,3727.0400390625,0.9350000023841858
2020-12-30,3732.0400390625,0.9259999990463257
2020-12-31,3756.070068359375,0.9169999957084656
2021-01-04,3700.64990234375,0.9169999957084656
2021-01-05,3726.860107421875,0.9549999833106995
2021-01-06,3748.139892578125,1.0420000553131104
2021-01-07,3803.7900390625,1.0709999799728394
2021-01-08,3824.679931640625,1.1050000190734863
2021-01-11,3799.610107421875,1.1319999694824219
2021-01-12,3801.18994140625,1.1380000114440918
2021-01-13,3809.840087890625,1.0880000591278076
2021-01-14,3795.5400390625,1.128999948501587
2021-01-15,3768.25,1.097000002861023
2021-01-19,3798.909912109375,1.0920000076293945
2021-01-20,3851.85009765625,1.090000033378601
2021-01-21,3853.070068359375,1.1089999675750732
2021-01-22,3841.469970703125,1.090999960899353
2021-01-25,3855.360107421875,1.0399999618530273
2021-01-26,3849.6201171875,1.0399999618530273
2021-01-27,3750.77001953125,1.0140000581741333
2021-01-28,3787.3798828125,1.0570000410079956
2021-01-29,3714.239990234375,1.093000054359436
2021-02-01,3773.860107421875,1.0770000219345093
2021-02-02,3826.31005859375,1.1050000190734863
2021-02-03,3830.169921875,1.13100004196167
2021-02-04,3871.739990234375,1.1390000581741333
2021-02-05,3886.830078125,1.1699999570846558
2021-02-08,3915.590087890625,1.159999966621399
2021-02-09,3911.22998046875,1.156999945640564
2021-02-10,3909.8798828125,1.1330000162124634
2021-02-11,3916.3798828125,1.1579999923706055
2021-02-12,3934.830078125,1.2000000476837158
2021-02-16,3932.590087890625,1.2990000247955322
2021-02-17,3931.330078125,1.3009999990463257
2021-02-18,3913.969970703125,1.2869999408721924
2021-02-19,3906.7099609375,1.3450000286102295
2021-02-22,3876.5,1.3700000047683716
2021-02-23,3881.3701171875,1.3619999885559082
2021-02-24,3925.429931640625,1.3890000581741333
2021-02-25,3829.340087890625,1.5180000066757202
2021-02-26,3811.14990234375,1.4600000381469727
2021-03-01,3901.820068359375,1.4459999799728394
2021-03-02,3870.2900390625,1.4149999618530273
2021-03-03,3819.719970703125,1.4700000286102295
2021-03-04,3768.469970703125,1.5499999523162842
2021-03-05,3841.93994140625,1.5540000200271606
2021-03-08,3821.35009765625,1.5959999561309814
2021-03-09,3875.43994140625,1.5460000038146973
2021-03-10,3898.81005859375,1.5199999809265137
2021-03-11,3939.340087890625,1.5269999504089355
2021-03-12,3943.340087890625,1.6349999904632568
2021-03-15,3968.93994140625,1.6069999933242798
2021-03-16,3962.7099609375,1.621000051498413
2021-03-17,3974.1201171875,1.6410000324249268
2021-03-18,3915.4599609375,1.7300000190734863
2021-03-19,3913.10009765625,1.7319999933242798
2021-03-22,3940.590087890625,1.684000015258789
2021-03-23,3910.52001953125,1.6380000114440918
2021-03-24,3889.139892578125,1.6139999628067017
2021-03-25,3909.52001953125,1.6139999628067017
2021-03-26,3974.5400390625,1.659999966621399
2021-03-29,3971.090087890625,1.7209999561309814
2021-03-30,3958.550048828125,1.7259999513626099
2021-03-31,3972.889892578125,1.746000051498413
2021-04-01,4019.8701171875,1.6790000200271606
2021-04-05,4077.909912109375,1.7200000286102295
2021-04-06,4073.93994140625,1.656000018119812
2021-04-07,4079.949951171875,1.652999997138977
2021-04-08,4097.169921875,1.6319999694824219
2021-04-09,4128.7998046875,1.6660000085830688
2021-04-12,4127.990234375,1.6749999523162842
2021-04-13,4141.58984375,1.6230000257492065
2021-04-14,4124.66015625,1.6380000114440918
2021-04-15,4170.419921875,1.5299999713897705
2021-04-16,4185.47021484375,1.5729999542236328
2021-04-19,4163.259765625,1.6009999513626099
2021-04-20,4134.93994140625,1.562000036239624
2021-04-21,4173.419921875,1.5640000104904175
2021-04-22,4134.97998046875,1.5540000200271606
2021-04-23,4180.169921875,1.5670000314712524
2021-04-26,4187.6201171875,1.5700000524520874
2021-04-27,4186.72021484375,1.621999979019165
2021-04-28,4183.18017578125,1.6200000047683716
2021-04-29,4211.47021484375,1.6399999856948853
2021-04-30,4181.169921875,1.63100004196167
2021-05-03,4192.66015625,1.6069999933242798
2021-05-04,4164.66015625,1.5920000076293945
2021-05-05,4167.58984375,1.5839999914169312
2021-05-06,4201.6201171875,1.5609999895095825
2021-05-07,4232.60009765625,1.5770000219345093
2021-05-10,4188.43017578125,1.6019999980926514
2021-05-11,4152.10009765625,1.6239999532699585
2021-05-12,4063.0400390625,1.6950000524520874
2021-05-13,4112.5,1.6679999828338623
2021-05-14,4173.85009765625,1.6349999904632568
2021-05-17,4163.2900390625,1.6399999856948853
2021-05-18,4127.830078125,1.6419999599456787
2021-05-19,4115.68017578125,1.6829999685287476
2021-05-20,4159.1201171875,1.6339999437332153
2021-05-21,4155.85986328125,1.6319999694824219
2021-05-24,4197.0498046875,1.6080000400543213
2021-05-25,4188.1298828125,1.5640000104904175
2021-05-26,4195.990234375,1.5740000009536743
2021-05-27,4200.8798828125,1.6100000143051147
2021-05-28,4204.10986328125,1.5809999704360962
2021-06-01,4202.0400390625,1.6150000095367432
2021-06-02,4208.1201171875,1.590999960899353
2021-06-03,4192.85009765625,1.625
2021-06-04,4229.89013671875,1.559999942779541
2021-06-07,4226.52001953125,1.569000005722046
2021-06-08,4227.259765625,1.527999997138977
2021-06-09,4219.5498046875,1.4889999628067017
2021-06-10,4239.18017578125,1.4589999914169312
2021-06-11,4247.43994140625,1.4620000123977661
2021-06-14,4255.14990234375,1.5010000467300415
2021-06-15,4246.58984375,1.4989999532699585
2021-06-16,4223.7001953125,1.569000005722046
2021-06-17,4221.85986328125,1.5110000371932983
2021-06-18,4166.4501953125,1.4500000476837158
2021-06-21,4224.7900390625,1.4839999675750732
2021-06-22,4246.43994140625,1.472000002861023
2021-06-23,4241.83984375,1.4869999885559082
2021-06-24,4266.490234375,1.4869999885559082
2021-06-25,4280.7001953125,1.5360000133514404
2021-06-28,4290.60986328125,1.4780000448226929
2021-06-29,4291.7998046875,1.4800000190734863
2021-06-30,4297.5,1.4429999589920044
2021-07-01,4319.93994140625,1.4800000190734863
2021-07-02,4352.33984375,1.430999994277954
2021-07-06,4343.5400390625,1.3700000047683716
2021-07-07,4358.1298828125,1.3209999799728394
2021-07-08,4320.81982421875,1.2879999876022339
2021-07-09,4369.5498046875,1.3559999465942383
2021-07-12,4384.6298828125,1.3630000352859497
2021-07-13,4369.2099609375,1.4149999618530273
2021-07-14,4374.2998046875,1.3559999465942383
2021-07-15,4360.02978515625,1.2970000505447388
2021-07-16,4327.16015625,1.2999999523162842
2021-07-19,4258.490234375,1.180999994277954
2021-07-20,4323.06005859375,1.2089999914169312
2021-07-21,4358.68994140625,1.2799999713897705
2021-07-22,4367.47998046875,1.2649999856948853
2021-07-23,4411.7900390625,1.2860000133514404
2021-07-26,4422.2998046875,1.2760000228881836
2021-07-27,4401.4599609375,1.2339999675750732
2021-07-28,4400.64013671875,1.2610000371932983
2021-07-29,4419.14990234375,1.2690000534057617
2021-07-30,4395.259765625,1.2389999628067017
2021-08-02,4387.16015625,1.1740000247955322
2021-08-03,4423.14990234375,1.1759999990463257
2021-08-04,4402.66015625,1.184000015258789
2021-08-05,4429.10009765625,1.2170000076293945
2021-08-06,4436.52001953125,1.2899999618530273
2021-08-09,4432.35009765625,1.3170000314712524
2021-08-10,4436.75,1.3420000076293945
2021-08-11,4442.41015625,1.3289999961853027
2021-08-12,4460.830078125,1.3669999837875366
2021-08-13,4468.0,1.2970000505447388
2021-08-16,4479.7099609375,1.2569999694824219
2021-08-17,4448.080078125,1.2580000162124634
2021-08-18,4400.27001953125,1.2730000019073486
2021-08-19,4405.7998046875,1.2419999837875366
2021-08-20,4441.669921875,1.2599999904632568
2021-08-23,4479.52978515625,1.2549999952316284
2021-08-24,4486.22998046875,1.2899999618530273
2021-08-25,4496.18994140625,1.3420000076293945
2021-08-26,4470.0,1.3420000076293945
2021-08-27,4509.3701171875,1.312000036239624
2021-08-30,4528.7900390625,1.284999966621399
2021-08-31,4522.68017578125,1.3040000200271606
2021-09-01,4524.08984375,1.3020000457763672
2021-09-02,4536.9501953125,1.2940000295639038
2021-09-03,4535.43017578125,1.3220000267028809
2021-09-07,4520.02978515625,1.3700000047683716
2021-09-08,4514.06982421875,1.3339999914169312
2021-09-09,4493.27978515625,1.2990000247955322
2021-09-10,4458.580078125,1.340999960899353
2021-09-13,4468.72998046875,1.3240000009536743
2021-09-14,4443.0498046875,1.2769999504089355
2021-09-15,4480.7001953125,1.3040000200271606
2021-09-16,4473.75,1.3309999704360962
2021-09-17,4432.990234375,1.3700000047683716
2021-09-20,4357.72998046875,1.309000015258789
2021-09-21,4354.18994140625,1.3240000009536743
2021-09-22,4395.64013671875,1.3359999656677246
2021-09-23,4448.97998046875,1.409999966621399
2021-09-24,4455.47998046875,1.4600000381469727
2021-09-27,4443.10986328125,1.4839999675750732
2021-09-28,4352.6298828125,1.534000039100647
2021-09-29,4359.4599609375,1.5410000085830688
2021-09-30,4307.5400390625,1.5290000438690186
2021-10-01,4357.0400390625,1.4789999723434448
2021-10-04,4300.4599609375,1.4809999465942383
2021-10-05,4345.72021484375,1.5290000438690186
2021-10-06,4363.5498046875,1.5240000486373901
2021-10-07,4399.759765625,1.5709999799728394
2021-10-08,4391.33984375,1.6050000190734863
2021-10-11,4361.18994140625,1.6139999628067017
2021-10-12,4350.64990234375,1.5800000429153442
2021-10-13,4363.7998046875,1.5490000247955322
2021-10-14,4438.259765625,1.5190000534057617
2021-10-15,4471.3701171875,1.5759999752044678
2021-10-18,4486.4599609375,1.5839999914169312
2021-10-19,4519.6298828125,1.6349999904632568
2021-10-20,4536.18994140625,1.6360000371932983
2021-10-21,4549.77978515625,1.6759999990463257
2021-10-22,4544.89990234375,1.6549999713897705
2021-10-25,4566.47998046875,1.6349999904632568
2021-10-26,4574.7900390625,1.61899995803833
2021-10-27,4551.68017578125,1.5290000438690186
2021-10-28,4596.419921875,1.5679999589920044
2021-10-29,4605.3798828125,1.5570000410079956
2021-11-01,4613.669921875,1.5750000476837158
2021-11-02,4630.64990234375,1.5490000247955322
2021-11-03,4660.56982421875,1.5789999961853027
2021-11-04,4680.06005859375,1.5240000486373901
2021-11-05,4697.52978515625,1.4529999494552612
2021-11-08,4701.7001953125,1.496999979019165
2021-11-09,4685.25,1.4320000410079956
2021-11-10,4646.7099609375,1.559999942779541
2021-11-11,4649.27001953125,1.559999942779541
2021-11-12,4682.85009765625,1.5820000171661377
2021-11-15,4682.7998046875,1.6230000257492065
2021-11-16,4700.89990234375,1.6339999437332153
2021-11-17,4688.669921875,1.6039999723434448
2021-11-18,4704.5400390625,1.5889999866485596
2021-11-19,4697.9599609375,1.5360000133514404
2021-11-22,4682.93994140625,1.625
2021-11-23,4690.7001953125,1.6670000553131104
2021-11-24,4701.4599609375,1.6449999809265137
2021-11-26,4594.6201171875,1.4819999933242798
2021-11-29,4655.27001953125,1.5299999713897705
2021-11-30,4567.0,1.4429999589920044
2021-12-01,4513.0400390625,1.434000015258789
2021-12-02,4577.10009765625,1.4479999542236328
2021-12-03,4538.43017578125,1.343000054359436
2021-12-06,4591.669921875,1.434000015258789
2021-12-07,4686.75,1.4800000190734863
2021-12-08,4701.2099609375,1.5089999437332153
2021-12-09,4667.4501953125,1.4869999885559082
2021-12-10,4712.02001953125,1.4889999628067017
2021-12-13,4668.97021484375,1.4240000247955322
2021-12-14,4634.08984375,1.437999963760376
2021-12-15,4709.85009765625,1.4630000591278076
2021-12-16,4668.669921875,1.4220000505447388
2021-12-17,4620.64013671875,1.4019999504089355
2021-12-20,4568.02001953125,1.4190000295639038
2021-12-21,4649.22998046875,1.4869999885559082
2021-12-22,4696.56005859375,1.4570000171661377
2021-12-23,4725.7900390625,1.4930000305175781
2021-12-27,4791.18994140625,1.4809999465942383
2021-12-28,4786.35009765625,1.4809999465942383
2021-12-29,4793.06005859375,1.5429999828338623
2021-12-30,4778.72998046875,1.5149999856948853
2021-12-31,4766.18017578125,1.5119999647140503
2022-01-03,4796.56005859375,1.628000020980835
2022-01-04,4793.5400390625,1.6679999828338623
2022-01-05,4700.580078125,1.7050000429153442
2022-01-06,4696.0498046875,1.7330000400543213
2022-01-07,4677.02978515625,1.7710000276565552
2022-01-10,4670.2900390625,1.7799999713897705
2022-01-11,4713.06982421875,1.746000051498413
2022-01-12,4726.35009765625,1.725000023841858
2022-01-13,4659.02978515625,1.7109999656677246
2022-01-14,4662.85009765625,1.7719999551773071
2022-01-18,4577.10986328125,1.8650000095367432
2022-01-19,4532.759765625,1.8270000219345093
2022-01-20,4482.72998046875,1.8329999446868896
2022-01-21,4397.93994140625,1.746999979019165
2022-01-24,4410.1298828125,1.7350000143051147
2022-01-25,4356.4501953125,1.7829999923706055
2022-01-26,4349.93017578125,1.8480000495910645
2022-01-27,4326.509765625,1.8070000410079956
2022-01-28,4431.85009765625,1.781999945640564
2022-01-31,4515.5498046875,1.781999945640564
2022-02-01,4546.5400390625,1.7999999523162842
2022-02-02,4589.3798828125,1.7660000324249268
2022-02-03,4477.43994140625,1.8270000219345093
2022-02-04,4500.52978515625,1.9299999475479126
2022-02-07,4483.8701171875,1.9160000085830688
2022-02-08,4521.5400390625,1.9539999961853027
2022-02-09,4587.18017578125,1.9290000200271606
2022-02-10,4504.080078125,2.0309998989105225
2022-02-11,4418.64013671875,1.9550000429153442
2022-02-14,4401.669921875,1.996000051498413
2022-02-15,4471.06982421875,2.0450000762939453
2022-02-16,4475.009765625,2.046999931335449
2022-02-17,4380.259765625,1.972000002861023
2022-02-18,4348.8701171875,1.9320000410079956
2022-02-22,4304.759765625,1.9479999542236328
2022-02-23,4225.5,1.9769999980926514
2022-02-24,4288.7001953125,1.968999981880188
2022-02-25,4384.64990234375,1.9859999418258667
2022-02-28,4373.93994140625,1.8389999866485596
2022-03-01,4306.259765625,1.7070000171661377
2022-03-02,4386.5400390625,1.8650000095367432
2022-03-03,4363.490234375,1.843999981880188
2022-03-04,4328.8701171875,1.7239999771118164
2022-03-07,4201.08984375,1.7510000467300415
2022-03-08,4170.7001953125,1.871999979019165
2022-03-09,4277.8798828125,1.9479999542236328
2022-03-10,4259.52001953125,2.010999917984009
2022-03-11,4204.31005859375,2.003999948501587
2022-03-14,4173.10986328125,2.140000104904175
2022-03-15,4262.4501953125,2.1600000858306885
2022-03-16,4357.85986328125,2.187999963760376
2022-03-17,4411.669921875,2.191999912261963
2022-03-18,4463.1201171875,2.1480000019073486
2022-03-21,4461.18017578125,2.315000057220459
2022-03-22,4511.60986328125,2.372999906539917
2022-03-23,4456.240234375,2.321000099182129
2022-03-24,4520.16015625,2.3410000801086426
2022-03-25,4543.06005859375,2.492000102996826
2022-03-28,4575.52001953125,2.4769999980926514
2022-03-29,4631.60009765625,2.4000000953674316
2022-03-30,4602.4501953125,2.3580000400543213
2022-03-31,4530.41015625,2.3269999027252197
2022-04-01,4545.85986328125,2.377000093460083
2022-04-04,4582.64013671875,2.4119999408721924
2022-04-05,4525.1201171875,2.555999994277954
2022-04-06,4481.14990234375,2.6089999675750732
2022-04-07,4500.2099609375,2.6519999504089355
2022-04-08,4488.27978515625,2.7130000591278076
2022-04-11,4412.52978515625,2.7799999713897705
2022-04-12,4397.4501953125,2.7249999046325684
2022-04-13,4446.58984375,2.687000036239624
2022-04-14,4392.58984375,2.828000068664551
2022-04-18,4391.68994140625,2.861999988555908
2022-04-19,4462.2099609375,2.9130001068115234
2022-04-20,4459.4501953125,2.8399999141693115
2022-04-21,4393.66015625,2.9170000553131104
2022-04-22,4271.77978515625,2.9059998989105225
2022-04-25,4296.1201171875,2.8259999752044678
2022-04-26,4175.2001953125,2.7720000743865967
2022-04-27,4183.9599609375,2.818000078201294
2022-04-28,4287.5,2.86299991607666
2022-04-29,4131.93017578125,2.88700008392334
2022-05-02,4155.3798828125,2.996000051498413
2022-05-03,4175.47998046875,2.9600000381469727
2022-05-04,4300.169921875,2.9170000553131104
2022-05-05,4146.8701171875,3.065999984741211
2022-05-06,4123.33984375,3.122999906539917
2022-05-09,3991.239990234375,3.0789999961853027
2022-05-10,4001.050048828125,2.993000030517578
2022-05-11,3935.179931640625,2.9210000038146973
2022-05-12,3930.080078125,2.816999912261963
2022-05-13,4023.889892578125,2.934999942779541
2022-05-16,4008.010009765625,2.877000093460083
2022-05-17,4088.85009765625,2.9679999351501465
2022-05-18,3923.679931640625,2.885999917984009
2022-05-19,3900.7900390625,2.8550000190734863
2022-05-20,3901.360107421875,2.7869999408721924
2022-05-23,3973.75,2.8589999675750732
2022-05-24,3941.47998046875,2.759999990463257
2022-05-25,3978.72998046875,2.749000072479248
2022-05-26,4057.840087890625,2.75600004196167
2022-05-27,4158.240234375,2.743000030517578
2022-05-31,4132.14990234375,2.8440001010894775
2022-06-01,4101.22998046875,2.930999994277954
2022-06-02,4176.81982421875,2.9130001068115234
2022-06-03,4108.5400390625,2.9570000171661377
2022-06-06,4121.43017578125,3.0380001068115234
2022-06-07,4160.68017578125,2.9719998836517334
2022-06-08,4115.77001953125,3.0290000438690186
2022-06-09,4017.820068359375,3.0439999103546143
2022-06-10,3900.860107421875,3.1559998989105225
2022-06-13,3749.6298828125,3.365999937057495
2022-06-14,3735.47998046875,3.4830000400543213
2022-06-15,3789.989990234375,3.3949999809265137
2022-06-16,3666.77001953125,3.306999921798706
2022-06-17,3674.840087890625,3.239000082015991
2022-06-21,3764.7900390625,3.306999921798706
2022-06-22,3759.889892578125,3.1559998989105225
2022-06-23,3795.72998046875,3.068000078201294
2022-06-24,3911.739990234375,3.125
2022-06-27,3900.110107421875,3.194000005722046
2022-06-28,3821.550048828125,3.2060000896453857
2022-06-29,3818.830078125,3.0929999351501465
2022-06-30,3785.3798828125,2.9719998836517334
2022-07-01,3825.330078125,2.8889999389648438
2022-07-05,3831.389892578125,2.809000015258789
2022-07-06,3845.080078125,2.9130001068115234
2022-07-07,3902.6201171875,3.007999897003174
2022-07-08,3899.3798828125,3.1010000705718994
2022-07-11,3854.429931640625,2.990999937057495
2022-07-12,3818.800048828125,2.9579999446868896
2022-07-13,3801.780029296875,2.9040000438690186
2022-07-14,3790.3798828125,2.9600000381469727
2022-07-15,3863.159912109375,2.930000066757202
2022-07-18,3830.85009765625,2.9600000381469727
2022-07-19,3936.68994140625,3.0190000534057617
2022-07-20,3959.89990234375,3.0360000133514404
2022-07-21,3998.949951171875,2.9100000858306885
2022-07-22,3961.6298828125,2.7829999923706055
2022-07-25,3966.840087890625,2.819999933242798
2022-07-26,3921.050048828125,2.7869999408721924
2022-07-27,4023.610107421875,2.7339999675750732
2022-07-28,4072.429931640625,2.680999994277954
2022-07-29,4130.2900390625,2.6419999599456787
2022-08-01,4118.6298828125,2.6059999465942383
2022-08-02,4091.18994140625,2.740999937057495
2022-08-03,4155.169921875,2.747999906539917
2022-08-04,4151.93994140625,2.6760001182556152
2022-08-05,4145.18994140625,2.8399999141693115
2022-08-08,4140.06005859375,2.765000104904175
2022-08-09,4122.47021484375,2.796999931335449
2022-08-10,4210.240234375,2.7860000133514404
2022-08-11,4207.27001953125,2.888000011444092
2022-08-12,4280.14990234375,2.8489999771118164
2022-08-15,4297.14013671875,2.7909998893737793
2022-08-16,4305.2001953125,2.8239998817443848
2022-08-17,4274.0400390625,2.8929998874664307
2022-08-18,4283.740234375,2.880000114440918
2022-08-19,4228.47998046875,2.989000082015991
2022-08-22,4137.990234375,3.0369999408721924
2022-08-23,4128.72998046875,3.053999900817871
2022-08-24,4140.77001953125,3.1059999465942383
2022-08-25,4199.1201171875,3.0260000228881836
2022-08-26,4057.659912109375,3.0350000858306885
2022-08-29,4030.610107421875,3.109999895095825
2022-08-30,3986.159912109375,3.109999895095825
2022-08-31,3955.0,3.132999897003174
2022-09-01,3966.85009765625,3.265000104904175
2022-09-02,3924.260009765625,3.193000078201294
2022-09-06,3908.18994140625,3.3399999141693115
2022-09-07,3979.8701171875,3.265000104904175
2022-09-08,4006.179931640625,3.2920000553131104
2022-09-09,4067.360107421875,3.321000099182129
2022-09-12,4110.41015625,3.361999988555908
2022-09-13,3932.68994140625,3.421999931335449
2022-09-14,3946.010009765625,3.4119999408721924
2022-09-15,3901.35009765625,3.4590001106262207
2022-09-16,3873.330078125,3.447999954223633
2022-09-19,3899.889892578125,3.490000009536743
2022-09-20,3855.929931640625,3.571000099182129
2022-09-21,3789.929931640625,3.509999990463257
2022-09-22,3757.989990234375,3.7079999446868896
2022-09-23,3693.22998046875,3.697000026702881
2022-09-26,3655.0400390625,3.878000020980835
2022-09-27,3647.2900390625,3.9639999866485596
2022-09-28,3719.0400390625,3.7049999237060547
2022-09-29,3640.469970703125,3.746999979019165
2022-09-30,3585.6201171875,3.803999900817871
2022-10-03,3678.429931640625,3.6510000228881836
2022-10-04,3790.929931640625,3.617000102996826
2022-10-05,3783.280029296875,3.759000062942505
2022-10-06,3744.52001953125,3.8259999752044678
2022-10-07,3639.659912109375,3.882999897003174
2022-10-10,3612.389892578125,3.888000011444092
2022-10-11,3588.840087890625,3.938999891281128
2022-10-12,3577.030029296875,3.9019999504089355
2022-10-13,3669.909912109375,3.9519999027252197
2022-10-14,3583.070068359375,4.010000228881836
2022-10-17,3677.949951171875,4.014999866485596
2022-10-18,3719.97998046875,3.997999906539917
2022-10-19,3695.159912109375,4.126999855041504
2022-10-20,3665.780029296875,4.22599983215332
2022-10-21,3752.75,4.2129998207092285
2022-10-24,3797.340087890625,4.234000205993652
2022-10-25,3859.110107421875,4.107999801635742
2022-10-26,3830.60009765625,4.014999866485596
2022-10-27,3807.300048828125,3.937000036239624
2022-10-28,3901.06005859375,4.010000228881836
2022-10-31,3871.97998046875,4.077000141143799
2022-11-01,3856.10009765625,4.052000045776367
2022-11-02,3759.68994140625,4.059000015258789
2022-11-03,3719.889892578125,4.124000072479248
2022-11-04,3770.550048828125,4.156000137329102
2022-11-07,3806.800048828125,4.214000225067139
2022-11-08,3828.110107421875,4.125999927520752
2022-11-09,3748.570068359375,4.151000022888184
2022-11-10,3956.3701171875,3.8289999961853027
2022-11-11,3992.929931640625,3.812999963760376
2022-11-14,3957.25,3.865000009536743
2022-11-15,3991.72998046875,3.7990000247955322
2022-11-16,3958.7900390625,3.691999912261963
2022-11-17,3946.56005859375,3.7750000953674316
2022-11-18,3965.340087890625,3.818000078201294
2022-11-21,3949.93994140625,3.825000047683716
2022-11-22,4003.580078125,3.757999897003174
2022-11-23,4027.260009765625,3.7060000896453857
2022-11-25,4026.1201171875,3.690999984741211
2022-11-28,3963.93994140625,3.703000068664551
2022-11-29,3957.6298828125,3.747999906539917
2022-11-30,4080.110107421875,3.703000068664551
2022-12-01,4076.570068359375,3.5290000438690186
2022-12-02,4071.699951171875,3.50600004196167
2022-12-05,3998.840087890625,3.5989999771118164
2022-12-06,3941.260009765625,3.513000011444092
2022-12-07,3933.919921875,3.4079999923706055
2022-12-08,3963.510009765625,3.490999937057495
2022-12-09,3934.3798828125,3.566999912261963
2022-12-12,3990.56005859375,3.6110000610351562
2022-12-13,4019.64990234375,3.500999927520752
2022-12-14,3995.320068359375,3.503000020980835
2022-12-15,3895.75,3.450000047683716
2022-12-16,3852.360107421875,3.4820001125335693
2022-12-19,3817.659912109375,3.5810000896453857
2022-12-20,3821.6201171875,3.684000015258789
2022-12-21,3878.43994140625,3.684000015258789
2022-12-22,3822.389892578125,3.6689999103546143
2022-12-23,3844.820068359375,3.750999927520752
2022-12-27,3829.25,3.859999895095825
2022-12-28,3783.219970703125,3.88700008392334
2022-12-29,3849.280029296875,3.8350000381469727
2022-12-30,3839.5,3.878999948501587
2023-01-03,3824.139892578125,3.7929999828338623
2023-01-04,3852.969970703125,3.7090001106262207
2023-01-05,3808.10009765625,3.7200000286102295
2023-01-06,3895.080078125,3.569000005722046
2023-01-09,3892.090087890625,3.5169999599456787
2023-01-10,3919.25,3.621000051498413
2023-01-11,3969.610107421875,3.553999900817871
2023-01-12,3983.169921875,3.4489998817443848
2023-01-13,3999.090087890625,3.510999917984009
2023-01-17,3990.969970703125,3.5350000858306885
2023-01-18,3928.860107421875,3.375
2023-01-19,3898.85009765625,3.3970000743865967
2023-01-20,3972.610107421875,3.4839999675750732
2023-01-23,4019.81005859375,3.5250000953674316
2023-01-24,4016.949951171875,3.4690001010894775
2023-01-25,4016.219970703125,3.4619998931884766
2023-01-26,4060.429931640625,3.493000030517578
2023-01-27,4070.56005859375,3.5179998874664307
2023-01-30,4017.77001953125,3.5510001182556152
2023-01-31,4076.60009765625,3.5290000438690186
2023-02-01,4119.2099609375,3.3970000743865967
2023-02-02,4179.759765625,3.3959999084472656
2023-02-03,4136.47998046875,3.5320000648498535
2023-02-06,4111.080078125,3.634000062942505
2023-02-07,4164.0,3.6740000247955322
2023-02-08,4117.85986328125,3.6530001163482666
2023-02-09,4081.5,3.683000087738037
2023-02-10,4090.4599609375,3.74399995803833
2023-02-13,4137.2900390625,3.7170000076293945
2023-02-14,4136.1298828125,3.760999917984009
2023-02-15,4147.60009765625,3.809000015258789
2023-02-16,4090.409912109375,3.8429999351501465
2023-02-17,4079.090087890625,3.828000068664551
2023-02-21,3997.340087890625,3.9549999237060547
2023-02-22,3991.050048828125,3.9230000972747803
2023-02-23,4012.320068359375,3.878999948501587
2023-02-24,3970.0400390625,3.9489998817443848
2023-02-27,3982.239990234375,3.921999931335449
2023-02-28,3970.14990234375,3.9159998893737793
2023-03-01,3951.389892578125,3.99399995803833
2023-03-02,3981.35009765625,4.072999954223633
2023-03-03,4045.639892578125,3.9639999866485596
2023-03-06,4048.419921875,3.9830000400543213
2023-03-07,3986.3701171875,3.9749999046325684
2023-03-08,3992.010009765625,3.9760000705718994
2023-03-09,3918.320068359375,3.924999952316284
2023-03-10,3861.590087890625,3.694999933242798
2023-03-13,3855.760009765625,3.515000104904175
2023-03-14,3919.2900390625,3.638000011444092
2023-03-15,3891.929931640625,3.492000102996826
2023-03-16,3960.280029296875,3.5850000381469727
2023-03-17,3916.639892578125,3.3949999809265137
2023-03-20,3951.570068359375,3.4809999465942383
2023-03-21,4002.8701171875,3.6059999465942383
2023-03-22,3936.969970703125,3.5
2023-03-23,3948.719970703125,3.4059998989105225
2023-03-24,3970.989990234375,3.380000114440918
2023-03-27,3977.530029296875,3.5280001163482666
2023-03-28,3971.27001953125,3.563999891281128
2023-03-29,4027.81005859375,3.565999984741211
2023-03-30,4050.830078125,3.5510001182556152
2023-03-31,4109.31005859375,3.49399995803833
2023-04-03,4124.509765625,3.430000066757202
2023-04-04,4100.60009765625,3.3369998931884766
2023-04-05,4090.3798828125,3.2869999408721924
2023-04-06,4105.02001953125,3.2880001068115234
2023-04-10,4109.10986328125,3.4149999618530273
2023-04-11,4108.93994140625,3.434000015258789
2023-04-12,4091.949951171875,3.4210000038146973
2023-04-13,4146.22021484375,3.4519999027252197
2023-04-14,4137.64013671875,3.5220000743865967
2023-04-17,4151.31982421875,3.5910000801086426
2023-04-18,4154.8701171875,3.572000026702881
2023-04-19,4154.52001953125,3.6019999980926514
2023-04-20,4129.7900390625,3.5450000762939453
2023-04-21,4133.52001953125,3.569999933242798
2023-04-24,4137.0400390625,3.515000104904175
2023-04-25,4071.6298828125,3.3959999084472656
2023-04-26,4055.989990234375,3.431999921798706
2023-04-27,4135.35009765625,3.5280001163482666
2023-04-28,4169.47998046875,3.4519999027252197
2023-05-01,4167.8701171875,3.5739998817443848
2023-05-02,4119.580078125,3.438999891281128
2023-05-03,4090.75,3.4030001163482666
2023-05-04,4061.219970703125,3.3510000705718994
2023-05-05,4136.25,3.446000099182129
2023-05-08,4138.1201171875,3.5209999084472656
2023-05-09,4119.169921875,3.5209999084472656
2023-05-10,4137.64013671875,3.438999891281128
2023-05-11,4130.6201171875,3.3970000743865967
2023-05-12,4124.080078125,3.4630000591278076
2023-05-15,4136.27978515625,3.507999897003174
2023-05-16,4109.89990234375,3.5490000247955322
2023-05-17,4158.77001953125,3.5810000896453857
2023-05-18,4198.0498046875,3.6480000019073486
2023-05-19,4191.97998046875,3.691999912261963
2023-05-22,4192.6298828125,3.7190001010894775
2023-05-23,4145.580078125,3.697999954223633
2023-05-24,4115.240234375,3.7190001010894775
2023-05-25,4151.27978515625,3.813999891281128
2023-05-26,4205.4501953125,3.809999942779541
2023-05-30,4205.52001953125,3.700000047683716
2023-05-31,4179.830078125,3.63700008392334
2023-06-01,4221.02001953125,3.6080000400543213
2023-06-02,4282.3701171875,3.690999984741211
2023-06-05,4273.7900390625,3.693000078201294
2023-06-06,4283.85009765625,3.6989998817443848
2023-06-07,4267.52001953125,3.7839999198913574
2023-06-08,4293.93017578125,3.7139999866485596
2023-06-09,4298.85986328125,3.744999885559082
2023-06-12,4338.93017578125,3.765000104904175
2023-06-13,4369.009765625,3.8389999866485596
2023-06-14,4372.58984375,3.7960000038146973
2023-06-15,4425.83984375,3.7279999256134033
2023-06-16,4409.58984375,3.7690000534057617
2023-06-20,4388.7099609375,3.7290000915527344
2023-06-21,4365.68994140625,3.7230000495910645
2023-06-22,4381.89013671875,3.7990000247955322
2023-06-23,4348.330078125,3.739000082015991
2023-06-26,4328.81982421875,3.7190001010894775
2023-06-27,4378.41015625,3.7679998874664307
2023-06-28,4376.85986328125,3.7100000381469727
2023-06-29,4396.43994140625,3.8540000915527344
2023-06-30,4450.3798828125,3.819000005722046
2023-07-03,4455.58984375,3.8580000400543213
2023-07-05,4446.81982421875,3.944999933242798
2023-07-06,4411.58984375,4.040999889373779
2023-07-07,4398.9501953125,4.050000190734863
2023-07-10,4409.52978515625,4.00600004196167
2023-07-11,4439.259765625,3.9800000190734863
2023-07-12,4472.16015625,3.8610000610351562
2023-07-13,4510.0400390625,3.760999917984009
2023-07-14,4505.419921875,3.819000005722046
2023-07-17,4522.7900390625,3.796999931335449
2023-07-18,4554.97998046875,3.7890000343322754
2023-07-19,4565.72021484375,3.742000102996826
2023-07-20,4534.8701171875,3.8540000915527344
2023-07-21,4536.33984375,3.8369998931884766
2023-07-24,4554.64013671875,3.8570001125335693
2023-07-25,4567.4599609375,3.9119999408721924
2023-07-26,4566.75,3.8510000705718994
2023-07-27,4537.41015625,4.01200008392334
2023-07-28,4582.22998046875,3.9690001010894775
2023-07-31,4588.9599609375,3.9590001106262207
2023-08-01,4576.72998046875,4.051000118255615
2023-08-02,4513.39013671875,4.078000068664551
2023-08-03,4501.89013671875,4.189000129699707
2023-08-04,4478.02978515625,4.059999942779541
2023-08-07,4518.43994140625,4.078000068664551
2023-08-08,4499.3798828125,4.026000022888184
2023-08-09,4467.7099609375,4.01200008392334
2023-08-10,4468.830078125,4.079999923706055
2023-08-11,4464.0498046875,4.168000221252441
2023-08-14,4489.72021484375,4.184000015258789
2023-08-15,4437.85986328125,4.2210001945495605
2023-08-16,4404.330078125,4.257999897003174
2023-08-17,4370.35986328125,4.308000087738037
2023-08-18,4369.7099609375,4.250999927520752
2023-08-21,4399.77001953125,4.3420000076293945
2023-08-22,4387.5498046875,4.328000068664551
2023-08-23,4436.009765625,4.197999954223633
2023-08-24,4376.31005859375,4.235000133514404
2023-08-25,4405.7099609375,4.238999843597412
2023-08-28,4433.31005859375,4.211999893188477
2023-08-29,4497.6298828125,4.122000217437744
2023-08-30,4514.8701171875,4.118000030517578
2023-08-31,4507.66015625,4.0929999351501465
2023-09-01,4515.77001953125,4.172999858856201
2023-09-05,4496.830078125,4.26800012588501
2023-09-06,4465.47998046875,4.289999961853027
2023-09-07,4451.14013671875,4.260000228881836
2023-09-08,4457.490234375,4.257999897003174
2023-09-11,4487.4599609375,4.288000106811523
2023-09-12,4461.89990234375,4.263999938964844
2023-09-13,4467.43994140625,4.249000072479248
2023-09-14,4505.10009765625,4.288000106811523
2023-09-15,4450.31982421875,4.322000026702881
2023-09-18,4453.52978515625,4.318999767303467
2023-09-19,4443.9501953125,4.364999771118164
2023-09-20,4402.2001953125,4.348999977111816
2023-09-21,4330.0,4.480000019073486
2023-09-22,4320.06005859375,4.438000202178955
2023-09-25,4337.43994140625,4.541999816894531
2023-09-26,4273.52978515625,4.558000087738037
2023-09-27,4274.509765625,4.625999927520752
2023-09-28,4299.7001953125,4.5970001220703125
2023-09-29,4288.0498046875,4.572999954223633
2023-10-02,4288.39013671875,4.683000087738037
2023-10-03,4229.4501953125,4.802000045776367
2023-10-04,4263.75,4.735000133514404
2023-10-05,4258.18994140625,4.7170000076293945
2023-10-06,4308.5,4.783999919891357
2023-10-09,4335.66015625,4.796999931335449
2023-10-10,4358.240234375,4.65500020980835
2023-10-11,4376.9501953125,4.59499979019165
2023-10-12,4349.60986328125,4.711999893188477
2023-10-13,4327.77978515625,4.629000186920166
2023-10-16,4373.6298828125,4.711999893188477
2023-10-17,4373.2001953125,4.8470001220703125
2023-10-18,4314.60009765625,4.9039998054504395
2023-10-19,4278.0,4.98799991607666
2023-10-20,4224.16015625,4.923999786376953
2023-10-23,4217.0400390625,4.8379998207092285
2023-10-24,4247.68017578125,4.840000152587891
2023-10-25,4186.77001953125,4.953000068664551
2023-10-26,4137.22998046875,4.84499979019165
2023-10-27,4117.3701171875,4.84499979019165
2023-10-30,4166.81982421875,4.875
2023-10-31,4193.7998046875,4.875
2023-11-01,4237.85986328125,4.789000034332275
2023-11-02,4317.77978515625,4.669000148773193
2023-11-03,4358.33984375,4.558000087738037
2023-11-06,4365.97998046875,4.6620001792907715
2023-11-07,4378.3798828125,4.571000099182129
2023-11-08,4382.77978515625,4.5229997634887695
2023-11-09,4347.35009765625,4.630000114440918
2023-11-10,4415.240234375,4.627999782562256
2023-11-13,4411.5498046875,4.631999969482422
2023-11-14,4495.7001953125,4.440999984741211
2023-11-15,4502.8798828125,4.534999847412109
2023-11-16,4508.240234375,4.445000171661377
2023-11-17,4514.02001953125,4.440999984741211
2023-11-20,4547.3798828125,4.421999931335449
2023-11-21,4538.18994140625,4.418000221252441
2023-11-22,4556.6201171875,4.415999889373779
2023-11-24,4559.33984375,4.4720001220703125
2023-11-27,4550.43017578125,4.388999938964844
2023-11-28,4554.89013671875,4.335999965667725
2023-11-29,4550.580078125,4.270999908447266
2023-11-30,4567.7998046875,4.3520002365112305
2023-12-01,4594.6298828125,4.22599983215332
2023-12-04,4569.77978515625,4.288000106811523
2023-12-05,4567.18017578125,4.171000003814697
2023-12-06,4549.33984375,4.120999813079834
2023-12-07,4585.58984375,4.129000186920166
2023-12-08,4604.3701171875,4.244999885559082
2023-12-11,4622.43994140625,4.238999843597412
2023-12-12,4643.7001953125,4.205999851226807
2023-12-13,4707.08984375,4.0329999923706055
2023-12-14,4719.5498046875,3.930000066757202
2023-12-15,4719.18994140625,3.927999973297119
2023-12-18,4740.56005859375,3.9539999961853027
2023-12-19,4768.3701171875,3.921999931335449
2023-12-20,4698.35009765625,3.877000093460083
2023-12-21,4746.75,3.8940000534057617
2023-12-22,4754.6298828125,3.9010000228881836
2023-12-26,4774.75,3.885999917984009
2023-12-27,4781.580078125,3.7890000343322754
2023-12-28,4783.35009765625,3.8499999046325684
2023-12-29,4769.830078125,3.865999937057495
2024-01-02,4742.830078125,3.946000099182129
2024-01-03,4704.81005859375,3.9070000648498535
2024-01-04,4688.68017578125,3.990999937057495
2024-01-05,4697.240234375,4.041999816894531
2024-01-08,4763.5400390625,4.001999855041504
2024-01-09,4756.5,4.019000053405762
2024-01-10,4783.4501953125,4.03000020980835
2024-01-11,4780.240234375,3.9769999980926514
2024-01-12,4783.830078125,3.950000047683716
2024-01-16,4765.97998046875,4.065999984741211
2024-01-17,4739.2099609375,4.105999946594238
2024-01-18,4780.93994140625,4.144000053405762
2024-01-19,4839.81005859375,4.145999908447266
2024-01-22,4850.43017578125,4.093999862670898
2024-01-23,4864.60009765625,4.142000198364258
2024-01-24,4868.5498046875,4.177999973297119
2024-01-25,4894.16015625,4.131999969482422
2024-01-26,4890.97021484375,4.159999847412109
2024-01-29,4927.93017578125,4.091000080108643
2024-01-30,4924.97021484375,4.059000015258789
2024-01-31,4845.64990234375,3.9670000076293945
2024-02-01,4906.18994140625,3.86299991607666
2024-02-02,4958.60986328125,4.0329999923706055
2024-02-05,4942.81005859375,4.164000034332275
2024-02-06,4954.22998046875,4.090000152587891
2024-02-07,4995.06005859375,4.110000133514404
2024-02-08,4997.91015625,4.170000076293945
2024-02-09,5026.60986328125,4.186999797821045
2024-02-12,5021.83984375,4.171999931335449
2024-02-13,4953.169921875,4.315999984741211
2024-02-14,5000.6201171875,4.267000198364258
2024-02-15,5029.72998046875,4.239999771118164
2024-02-16,5005.56982421875,4.295000076293945
2024-02-20,4975.509765625,4.275000095367432
2024-02-21,4981.7998046875,4.324999809265137
2024-02-22,5087.02978515625,4.327000141143799
2024-02-23,5088.7998046875,4.260000228881836
2024-02-26,5069.52978515625,4.298999786376953
2024-02-27,5078.18017578125,4.315000057220459
2024-02-28,5069.759765625,4.27400016784668
2024-02-29,5096.27001953125,4.251999855041504
2024-03-01,5137.080078125,4.179999828338623
2024-03-04,5130.9501953125,4.218999862670898
2024-03-05,5078.64990234375,4.13700008392334
2024-03-06,5104.759765625,4.104000091552734
2024-03-07,5157.35986328125,4.0920000076293945
2024-03-08,5123.68994140625,4.089000225067139
2024-03-11,5117.93994140625,4.104000091552734
2024-03-12,5175.27001953125,4.15500020980835
2024-03-13,5165.31005859375,4.191999912261963
2024-03-14,5150.47998046875,4.297999858856201
2024-03-15,5117.08984375,4.303999900817871
2024-03-18,5149.419921875,4.340000152587891
2024-03-19,5178.509765625,4.296999931335449
2024-03-20,5224.6201171875,4.2729997634887695
2024-03-21,5241.52978515625,4.270999908447266
2024-03-22,5234.18017578125,4.2179999351501465
2024-03-25,5218.18994140625,4.252999782562256
2024-03-26,5203.580078125,4.234000205993652
2024-03-27,5248.490234375,4.196000099182129
2024-03-28,5254.35009765625,4.205999851226807
2024-04-01,5243.77001953125,4.328999996185303
2024-04-02,5205.81005859375,4.364999771118164
2024-04-03,5211.490234375,4.355000019073486
2024-04-04,5147.2099609375,4.309000015258789
2024-04-05,5204.33984375,4.377999782562256
2024-04-08,5202.39013671875,4.423999786376953
2024-04-09,5209.91015625,4.366000175476074
2024-04-10,5160.64013671875,4.559999942779541
2024-04-11,5199.06005859375,4.576000213623047
2024-04-12,5123.41015625,4.499000072479248
2024-04-15,5061.81982421875,4.627999782562256
2024-04-16,5051.41015625,4.658999919891357
2024-04-17,5022.2099609375,4.585000038146973
2024-04-18,5011.1201171875,4.646999835968018
2024-04-19,4967.22998046875,4.614999771118164
2024-04-22,5010.60009765625,4.623000144958496
2024-04-23,5070.5498046875,4.5980000495910645
2024-04-24,5071.6298828125,4.6519999504089355
2024-04-25,5048.419921875,4.705999851226807
2024-04-26,5099.9599609375,4.669000148773193
2024-04-29,5116.169921875,4.613999843597412
2024-04-30,5035.68994140625,4.685999870300293
2024-05-01,5018.39013671875,4.59499979019165
2024-05-02,5064.2001953125,4.571000099182129
2024-05-03,5127.7900390625,4.5
2024-05-06,5180.740234375,4.488999843597412
2024-05-07,5187.7001953125,4.4629998207092285
2024-05-08,5187.669921875,4.492000102996826
2024-05-09,5214.080078125,4.448999881744385
2024-05-10,5222.68017578125,4.504000186920166
2024-05-13,5221.419921875,4.480999946594238
2024-05-14,5246.68017578125,4.445000171661377
2024-05-15,5308.14990234375,4.355999946594238
2024-05-16,5297.10009765625,4.376999855041504
2024-05-17,5303.27001953125,4.420000076293945
2024-05-20,5308.1298828125,4.436999797821045
2024-05-21,5321.41015625,4.414000034332275
2024-05-22,5307.009765625,4.434000015258789
2024-05-23,5267.83984375,4.474999904632568
2024-05-24,5304.72021484375,4.4670000076293945
2024-05-28,5306.0400390625,4.541999816894531
2024-05-29,5266.9501953125,4.624000072479248
2024-05-30,5235.47998046875,4.553999900817871
2024-05-31,5277.509765625,4.513999938964844
2024-06-03,5283.39990234375,4.4019999504089355
2024-06-04,5291.33984375,4.335999965667725
2024-06-05,5354.02978515625,4.289000034332275
2024-06-06,5352.9599609375,4.281000137329102
2024-06-07,5346.990234375,4.429999828338623
2024-06-10,5360.7900390625,4.468999862670898
2024-06-11,5375.31982421875,4.4039998054504395
2024-06-12,5421.02978515625,4.295000076293945
2024-06-13,5433.740234375,4.23799991607666
2024-06-14,5431.60009765625,4.2129998207092285
2024-06-17,5473.22998046875,4.2789998054504395
2024-06-18,5487.02978515625,4.2170000076293945
2024-06-20,5473.169921875,4.254000186920166
2024-06-21,5464.6201171875,4.256999969482422
2024-06-24,5447.8701171875,4.248000144958496
2024-06-25,5469.2998046875,4.23799991607666
2024-06-26,5477.89990234375,4.315999984741211
2024-06-27,5482.8701171875,4.288000106811523
2024-06-28,5460.47998046875,4.3429999351501465
2024-07-01,5475.08984375,4.479000091552734
2024-07-02,5509.009765625,4.435999870300293
2024-07-03,5537.02001953125,4.355000019073486
2024-07-05,5567.18994140625,4.271999835968018
2024-07-08,5572.85009765625,4.269000053405762
2024-07-09,5576.97998046875,4.300000190734863
2024-07-10,5633.91015625,4.28000020980835
2024-07-11,5584.5400390625,4.192999839782715
2024-07-12,5615.35009765625,4.189000129699707
2024-07-15,5631.22021484375,4.229000091552734
2024-07-16,5667.2001953125,4.166999816894531
2024-07-17,5588.27001953125,4.145999908447266
2024-07-18,5544.58984375,4.189000129699707
2024-07-19,5505.0,4.238999843597412
2024-07-22,5564.41015625,4.260000228881836
2024-07-23,5555.740234375,4.238999843597412
2024-07-24,5427.1298828125,4.285999774932861
2024-07-25,5399.22021484375,4.25600004196167
2024-07-26,5459.10009765625,4.199999809265137
2024-07-29,5463.5400390625,4.177999973297119
2024-07-30,5436.43994140625,4.14300012588501
2024-07-31,5522.2998046875,4.109000205993652
2024-08-01,5446.68017578125,3.9760000705718994
2024-08-02,5346.56005859375,3.7920000553131104
2024-08-05,5186.330078125,3.7850000858306885
2024-08-06,5240.02978515625,3.888000011444092
2024-08-07,5199.5,3.9679999351501465
2024-08-08,5319.31005859375,3.996999979019165
2024-08-09,5344.16015625,3.941999912261963
2024-08-12,5344.39013671875,3.9089999198913574
2024-08-13,5434.43017578125,3.8519999980926514
2024-08-14,5455.2099609375,3.819999933242798
2024-08-15,5543.22021484375,3.9260001182556152
2024-08-16,5554.25,3.8919999599456787
2024-08-19,5608.25,3.867000102996826
2024-08-20,5597.1201171875,3.818000078201294
2024-08-21,5620.85009765625,3.7780001163482666
2024-08-22,5570.64013671875,3.861999988555908
2024-08-23,5634.60986328125,3.806999921798706
2024-08-26,5616.83984375,3.818000078201294
2024-08-27,5625.7998046875,3.8329999446868896
2024-08-28,5592.18017578125,3.8410000801086426
2024-08-29,5591.9599609375,3.867000102996826
2024-08-30,5648.39990234375,3.9110000133514404
2024-09-03,5528.93017578125,3.8440001010894775
2024-09-04,5520.06982421875,3.7679998874664307
2024-09-05,5503.41015625,3.7309999465942383
2024-09-06,5408.419921875,3.7100000381469727
2024-09-09,5471.0498046875,3.697000026702881
2024-09-10,5495.52001953125,3.6459999084472656
2024-09-11,5554.1298828125,3.6530001163482666
2024-09-12,5595.759765625,3.680000066757202
2024-09-13,5626.02001953125,3.6500000953674316
2024-09-16,5633.08984375,3.621000051498413
2024-09-17,5634.580078125,3.6419999599456787
2024-09-18,5618.259765625,3.684999942779541
2024-09-19,5713.64013671875,3.740000009536743
2024-09-20,5702.5498046875,3.7279999256134033
2024-09-23,5718.56982421875,3.739000082015991
2024-09-24,5732.93017578125,3.7360000610351562
2024-09-25,5722.259765625,3.7809998989105225
2024-09-26,5745.3701171875,3.7909998893737793
2024-09-27,5738.169921875,3.749000072479248
2024-09-30,5762.47998046875,3.802000045776367
2024-10-01,5708.75,3.743000030517578
2024-10-02,5709.5400390625,3.7850000858306885
2024-10-03,5699.93994140625,3.8499999046325684
2024-10-04,5751.06982421875,3.9809999465942383
2024-10-07,5695.93994140625,4.026000022888184
2024-10-08,5751.1298828125,4.0329999923706055
2024-10-09,5792.0400390625,4.066999912261963
2024-10-10,5780.0498046875,4.0960001945495605
2024-10-11,5815.02978515625,4.072999954223633
2024-10-14,5859.85009765625,4.0980000495910645
2024-10-15,5815.259765625,4.038000106811523
2024-10-16,5842.47021484375,4.015999794006348
2024-10-17,5841.47021484375,4.0960001945495605
2024-10-18,5864.669921875,4.072999954223633
2024-10-21,5853.97998046875,4.182000160217285
2024-10-22,5851.2001953125,4.203999996185303
2024-10-23,5797.419921875,4.242000102996826
2024-10-24,5809.85986328125,4.199999809265137
2024-10-25,5808.1201171875,4.23199987411499
2024-10-28,5823.52001953125,4.2779998779296875
2024-10-29,5832.919921875,4.27400016784668
2024-10-30,5813.669921875,4.265999794006348
2024-10-31,5705.4501953125,4.283999919891357
2024-11-01,5728.7998046875,4.361000061035156
2024-11-04,5712.68994140625,4.309000015258789
2024-11-05,5782.759765625,4.289000034332275
2024-11-06,5929.0400390625,4.426000118255615
2024-11-07,5973.10009765625,4.341000080108643
2024-11-08,5995.5400390625,4.306000232696533
2024-11-11,6001.35009765625,4.308000087738037
2024-11-12,5983.990234375,4.432000160217285
2024-11-13,5985.3798828125,4.451000213623047
2024-11-14,5949.169921875,4.418000221252441
2024-11-15,5870.6201171875,4.427999973297119
2024-11-18,5893.6201171875,4.414000034332275
2024-11-19,5916.97998046875,4.379000186920166
2024-11-20,5917.10986328125,4.406000137329102
2024-11-21,5948.7099609375,4.432000160217285
2024-11-22,5969.33984375,4.409999847412109
2024-11-25,5987.3701171875,4.264999866485596
2024-11-26,6021.6298828125,4.302000045776367
2024-11-27,5998.740234375,4.242000102996826
2024-11-29,6032.3798828125,4.177999973297119
2024-12-02,6047.14990234375,4.196000099182129
2024-12-03,6049.8798828125,4.2230000495910645
2024-12-04,6086.490234375,4.179999828338623
2024-12-05,6075.10986328125,4.179999828338623
2024-12-06,6090.27001953125,4.151000022888184
2024-12-09,6052.85009765625,4.198999881744385
2024-12-10,6034.91015625,4.2210001945495605
2024-12-11,6084.18994140625,4.270999908447266
2024-12-12,6051.25,4.323999881744385
2024-12-13,6051.08984375,4.39900016784668
2024-12-16,6074.080078125,4.396999835968018
2024-12-17,6050.60986328125,4.385000228881836
2024-12-18,5872.16015625,4.49399995803833
2024-12-19,5867.080078125,4.570000171661377
2024-12-20,5930.85009765625,4.52400016784668
2024-12-23,5974.06982421875,4.598999977111816
2024-12-24,6040.0400390625,4.591000080108643
2024-12-26,6037.58984375,4.578999996185303
2024-12-27,5970.83984375,4.61899995803833
2024-12-30,5906.93994140625,4.545000076293945
2024-12-31,5881.6298828125,4.572999954223633
2025-01-02,5868.5498046875,4.574999809265137
2025-01-03,5942.47021484375,4.5960001945495605
2025-01-06,5975.3798828125,4.618000030517578
2025-01-07,5909.02978515625,4.683000087738037
2025-01-08,5918.25,4.692999839782715
2025-01-10,5827.0400390625,4.776000022888184
2025-01-13,5836.22021484375,4.802999973297119
2025-01-14,5842.91015625,4.788000106811523
2025-01-15,5949.91015625,4.6529998779296875
2025-01-16,5937.33984375,4.605999946594238
2025-01-17,5996.66015625,4.609000205993652
2025-01-21,6049.240234375,4.573999881744385
2025-01-22,6086.3701171875,4.598999977111816
2025-01-23,6118.7099609375,4.638000011444092
2025-01-24,6101.240234375,4.625999927520752
2025-01-27,6012.27978515625,4.5279998779296875
2025-01-28,6067.7001953125,4.551000118255615
2025-01-29,6039.31005859375,4.554999828338623
2025-01-30,6071.169921875,4.51200008392334
2025-01-31,6040.52978515625,4.568999767303467
2025-02-03,5994.56982421875,4.543000221252441
2025-02-04,6037.8798828125,4.513000011444092
2025-02-05,6061.47998046875,4.421999931335449
2025-02-06,6083.56982421875,4.440000057220459
2025-02-07,6025.990234375,4.486999988555908
2025-02-10,6066.43994140625,4.493000030517578
2025-02-11,6068.5,4.5370001792907715
2025-02-12,6051.97021484375,4.63700008392334
2025-02-13,6115.06982421875,4.525000095367432
2025-02-14,6114.6298828125,4.4720001220703125
2025-02-18,6129.580078125,4.544000148773193
2025-02-19,6144.14990234375,4.534999847412109
2025-02-20,6117.52001953125,4.5
2025-02-21,6013.1298828125,4.420000076293945
2025-02-24,5983.25,4.39300012588501
2025-02-25,5955.25,4.297999858856201
2025-02-26,5956.06005859375,4.249000072479248
2025-02-27,5861.56982421875,4.284999847412109
2025-02-28,5954.5,4.230999946594238
2025-03-03,5849.72021484375,4.179999828338623
2025-03-04,5778.14990234375,4.210000038146973
2025-03-05,5842.6298828125,4.264999866485596
2025-03-06,5738.52001953125,4.285999774932861
2025-03-07,5770.2001953125,4.316999912261963
2025-03-10,5614.56005859375,4.2129998207092285
2025-03-11,5572.06982421875,4.288000106811523
2025-03-12,5599.2998046875,4.317999839782715
2025-03-13,5521.52001953125,4.27400016784668
2025-03-14,5638.93994140625,4.308000087738037
2025-03-17,5675.1201171875,4.306000232696533
2025-03-18,5614.66015625,4.281000137329102
2025-03-19,5675.2900390625,4.25600004196167
2025-03-20,5662.89013671875,4.232999801635742
2025-03-21,5667.56005859375,4.251999855041504
2025-03-24,5767.56982421875,4.330999851226807
2025-03-25,5776.64990234375,4.307000160217285
2025-03-26,5712.2001953125,4.3379998207092285
2025-03-27,5693.31005859375,4.36899995803833
2025-03-28,5580.93994140625,4.255000114440918
2025-03-31,5611.85009765625,4.245999813079834
2025-04-01,5633.06982421875,4.156000137329102
2025-04-02,5670.97021484375,4.196000099182129
2025-04-03,5396.52001953125,4.054999828338623
2025-04-04,5074.080078125,3.984999895095825
2025-04-07,5062.25,4.15500020980835
2025-04-08,4982.77001953125,4.26200008392334
2025-04-09,5456.89990234375,4.400000095367432
2025-04-10,5268.0498046875,4.394000053405762
2025-04-11,5363.35986328125,4.493000030517578
2025-04-14,5405.97021484375,4.363999843597412
2025-04-15,5396.6298828125,4.322999954223633
2025-04-16,5275.7001953125,4.2789998054504395
2025-04-17,5282.7001953125,4.333000183105469
2025-04-21,5158.2001953125,4.40500020980835
2025-04-22,5287.759765625,4.388999938964844
2025-04-23,5375.85986328125,4.38700008392334
2025-04-24,5484.77001953125,4.304999828338623
2025-04-25,5525.2099609375,4.265999794006348
2025-04-28,5528.75,4.216000080108643
2025-04-29,5560.830078125,4.172999858856201
2025-04-30,5569.06005859375,4.177000045776367
2025-05-01,5604.14013671875,4.230999946594238
2025-05-02,5686.669921875,4.322000026702881
2025-05-05,5650.3798828125,4.3429999351501465
2025-05-06,5606.91015625,4.308000087738037
2025-05-07,5631.27978515625,4.275000095367432
2025-05-08,5663.93994140625,4.373000144958496
2025-05-09,5659.91015625,4.375
2025-05-12,5844.18994140625,4.456999778747559
2025-05-13,5886.5498046875,4.499000072479248
2025-05-14,5892.580078125,4.5279998779296875
2025-05-15,5916.93017578125,4.454999923706055
2025-05-16,5958.3798828125,4.440999984741211
2025-05-19,5963.60009765625,4.474999904632568
2025-05-20,5940.4599609375,4.480999946594238
2025-05-21,5844.60986328125,4.5960001945495605
2025-05-22,5842.009765625,4.552999973297119
2025-05-23,5802.81982421875,4.508999824523926
2025-05-27,5921.5400390625,4.434000015258789
2025-05-28,5888.5498046875,4.4770002365112305
2025-05-29,5912.169921875,4.423999786376953
2025-05-30,5911.68994140625,4.415999889373779
2025-06-02,5935.93994140625,4.461999893188477
2025-06-03,5970.3701171875,4.460000038146973
2025-06-04,5970.81005859375,4.364999771118164
2025-06-05,5939.2998046875,4.394000053405762
2025-06-06,6000.35986328125,4.510000228881836
2025-06-09,6005.8798828125,4.48199987411499
2025-06-10,6038.81005859375,4.473999977111816
2025-06-11,6022.240234375,4.4120001792907715
2025-06-12,6045.259765625,4.35699987411499
2025-06-13,5976.97021484375,4.423999786376953
2025-06-16,6033.10986328125,4.452000141143799
2025-06-17,5982.72021484375,4.39300012588501
2025-06-18,5980.8701171875,4.396999835968018
2025-06-20,5967.83984375,4.375
2025-06-23,6025.169921875,4.320000171661377
2025-06-24,6092.18017578125,4.293000221252441
2025-06-25,6092.16015625,4.293000221252441
2025-06-26,6141.02001953125,4.252999782562256
2025-06-27,6173.06982421875,4.2829999923706055
2025-06-30,6204.9501953125,4.230000019073486
2025-07-01,6198.009765625,4.250999927520752
2025-07-02,6227.419921875,4.293000221252441
2025-07-03,6279.35009765625,4.3480000495910645
2025-07-07,6229.97998046875,4.394999980926514
2025-07-08,6225.52001953125,4.414999961853027
2025-07-09,6263.259765625,4.3420000076293945
2025-07-10,6280.4599609375,4.3460001945495605
2025-07-11,6259.75,4.422999858856201
2025-07-14,6268.56005859375,4.427000045776367
2025-07-15,6243.759765625,4.488999843597412
2025-07-16,6263.7001953125,4.454999923706055
2025-07-17,6297.35986328125,4.4629998207092285
2025-07-18,6296.7900390625,4.432000160217285
2025-07-21,6305.60009765625,4.372000217437744
2025-07-22,6309.6201171875,4.335999965667725
2025-07-23,6358.91015625,4.388000011444092
2025-07-24,6363.35009765625,4.4079999923706055
2025-07-25,6388.64013671875,4.386000156402588
2025-07-28,6389.77001953125,4.420000076293945
2025-07-29,6370.85986328125,4.329999923706055
2025-07-30,6362.89990234375,4.375999927520752
2025-07-31,6339.39013671875,4.360000133514404
2025-08-01,6238.009765625,4.21999979019165
2025-08-04,6329.93994140625,4.199999809265137
2025-08-05,6299.18994140625,4.196000099182129
2025-08-06,6345.06005859375,4.21999979019165
2025-08-07,6340.0,4.24399995803833
2025-08-08,6389.4501953125,4.284999847412109
2025-08-11,6373.4501953125,4.2729997634887695
2025-08-12,6445.759765625,4.293000221252441
2025-08-13,6466.580078125,4.23799991607666
2025-08-14,6468.5400390625,4.293000221252441
2025-08-15,6449.7998046875,4.328000068664551
2025-08-18,6449.14990234375,4.341000080108643
2025-08-19,6411.3701171875,4.302000045776367
2025-08-20,6395.77978515625,4.296000003814697
2025-08-21,6370.169921875,4.329999923706055
2025-08-22,6466.91015625,4.260000228881836
2025-08-25,6439.31982421875,4.275000095367432
2025-08-26,6465.93994140625,4.257999897003174
2025-08-27,6481.39990234375,4.23799991607666
2025-08-28,6501.85986328125,4.206999778747559
2025-08-29,6460.259765625,4.2270002365112305
2025-09-02,6415.5400390625,4.2769999504089355
2025-09-03,6448.259765625,4.210999965667725
2025-09-04,6502.080078125,4.176000118255615
2025-09-05,6481.5,4.085999965667725
2025-09-08,6495.14990234375,4.046000003814697
2025-09-09,6512.60986328125,4.073999881744385
2025-09-10,6532.0400390625,4.0320000648498535
2025-09-11,6587.47021484375,4.011000156402588
2025-09-12,6584.2900390625,4.060999870300293
2025-09-15,6615.27978515625,4.033999919891357
2025-09-16,6606.759765625,4.026000022888184
2025-09-17,6600.35009765625,4.076000213623047
2025-09-18,6631.9599609375,4.104000091552734
2025-09-19,6664.35986328125,4.138999938964844
2025-09-22,6693.75,4.14300012588501
2025-09-23,6656.919921875,4.119999885559082
2025-09-24,6637.97021484375,4.146999835968018
2025-09-25,6604.72021484375,4.171999931335449
2025-09-26,6643.7001953125,4.186999797821045
2025-09-29,6661.2099609375,4.140999794006348
2025-09-30,6688.4599609375,4.1479997634887695
2025-10-01,6711.2001953125,4.105999946594238
2025-10-02,6715.35009765625,4.0879998207092285
2025-10-03,6715.7900390625,4.11899995803833
2025-10-06,6740.27978515625,4.1620001792907715
2025-10-07,6714.58984375,4.126999855041504
2025-10-08,6753.72021484375,4.129000186920166
2025-10-09,6735.10986328125,4.1479997634887695
2025-10-10,6552.509765625,4.051000118255615
2025-10-13,6654.72021484375,4.051000118255615
2025-10-14,6644.31005859375,4.021999835968018
2025-10-15,6671.06005859375,4.046000003814697
2025-10-16,6629.06982421875,3.9760000705718994
2025-10-17,6664.009765625,4.006999969482422
2025-10-20,6735.1298828125,3.9860000610351562
2025-10-21,6735.35009765625,3.9630000591278076
2025-10-22,6699.39990234375,3.953000068664551
2025-10-23,6738.43994140625,3.990999937057495
2025-10-24,6791.68994140625,3.996999979019165
2025-10-27,6875.16015625,3.996999979019165
2025-10-28,6890.89013671875,3.9830000400543213
2025-10-29,6890.58984375,4.058000087738037
2025-10-30,6822.33984375,4.0929999351501465
2025-10-31,6840.2001953125,4.10099983215332
2025-11-03,6851.97021484375,4.105999946594238
2025-11-04,6771.5498046875,4.089000225067139
2025-11-05,6796.2900390625,4.1570000648498535
2025-11-06,6720.31982421875,4.0929999351501465
2025-11-07,6728.7998046875,4.0929999351501465
2025-11-10,6832.43017578125,4.110000133514404
2025-11-11,6846.60986328125,4.119999885559082
2025-11-12,6850.919921875,4.065000057220459
2025-11-13,6737.490234375,4.111999988555908
2025-11-14,6734.10986328125,4.1479997634887695
2025-11-17,6672.41015625,4.132999897003174
2025-11-18,6617.31982421875,4.123000144958496
2025-11-19,6642.16015625,4.132999897003174
2025-11-20,6538.759765625,4.105999946594238
2025-11-21,6602.990234375,4.063000202178955
2025-11-24,6705.1201171875,4.038000106811523
2025-11-25,6765.8798828125,4.001999855041504
2025-11-26,6812.60986328125,3.997999906539917
2025-11-28,6849.08984375,4.017000198364258
2025-12-01,6812.6298828125,4.0960001945495605
2025-12-02,6829.3701171875,4.085999965667725
2025-12-03,6849.72021484375,4.057000160217285
2025-12-04,6857.1201171875,4.107999801635742
2025-12-05,6870.39990234375,4.138999938964844
2025-12-08,6846.509765625,4.171999931335449
2025-12-09,6840.509765625,4.185999870300293
2025-12-10,6886.68017578125,4.164000034332275
2025-12-11,6901.0,4.140999794006348
2025-12-12,6827.41015625,4.193999767303467
2025-12-15,6816.509765625,4.182000160217285
2025-12-16,6800.259765625,4.14900016784668
2025-12-17,6721.43017578125,4.151000022888184
2025-12-18,6774.759765625,4.116000175476074
2025-12-19,6834.5,4.151000022888184
2025-12-22,6878.490234375,4.169000148773193
2025-12-23,6909.7900390625,4.169000148773193
2025-12-24,6932.0498046875,4.136000156402588
2025-12-26,6929.93994140625,4.136000156402588
2025-12-29,6905.740234375,4.116000175476074
2025-12-30,6896.240234375,4.130000114440918
2025-12-31,6845.5,4.163000106811523
2026-01-02,6858.47021484375,4.186999797821045
2026-01-05,6902.0498046875,4.164999961853027
2026-01-06,6944.81982421875,4.178999900817871
2026-01-07,6920.93017578125,4.138000011444092
2026-01-08,6921.4599609375,4.183000087738037
2026-01-09,6966.27978515625,4.171000003814697
2026-01-12,6977.27001953125,4.186999797821045
2026-01-13,6963.740234375,4.171000003814697
2026-01-14,6926.60009765625,4.139999866485596
2026-01-15,6944.47021484375,4.159999847412109
2026-01-16,6940.009765625,4.230999946594238
2026-01-20,6796.85986328125,4.295000076293945
2026-01-21,6875.6201171875,4.252999782562256
2026-01-22,6913.35009765625,4.249000072479248
2026-01-23,6915.60986328125,4.238999843597412
2026-01-26,6950.22998046875,4.2129998207092285
2026-01-27,6978.60009765625,4.2230000495910645
2026-01-28,6978.02978515625,4.250999927520752
2026-01-29,6969.009765625,4.2270002365112305
2026-01-30,6939.02978515625,4.241000175476074
2026-02-02,6976.43994140625,4.275000095367432
2026-02-03,6917.81005859375,4.27400016784668
2026-02-04,6882.72021484375,4.275000095367432
2026-02-05,6798.39990234375,4.210000038146973
2026-02-06,6932.2998046875,4.205999851226807
2026-02-09,6964.81982421875,4.197999954223633
2026-02-10,6941.81005859375,4.146999835968018
2026-02-11,6941.47021484375,4.171999931335449
2026-02-12,6832.759765625,4.104000091552734
2026-02-13,6836.169921875,4.056000232696533
2026-02-17,6843.22021484375,4.052000045776367
2026-02-18,6881.31005859375,4.078999996185303
2026-02-19,6861.89013671875,4.074999809265137
2026-02-20,6909.509765625,4.085999965667725
2026-02-23,6837.75,4.0289998054504395
2026-02-24,6890.06982421875,4.0329999923706055
2026-02-25,6946.1298828125,4.047999858856201
2026-02-26,6908.85986328125,4.017000198364258
2026-02-27,6878.8798828125,3.9619998931884766
2026-03-02,6881.6201171875,4.047999858856201
2026-03-03,6816.6298828125,4.056000232696533
2026-03-04,6869.5,4.079999923706055
2026-03-05,6830.7099609375,4.145999908447266
2026-03-06,6740.02001953125,4.132999897003174
2026-03-09,6795.990234375,4.136000156402588
2026-03-10,6781.47998046875,4.136000156402588
2026-03-11,6775.7998046875,4.208000183105469
2026-03-12,6672.6201171875,4.2729997634887695
2026-03-13,6632.18994140625,4.284999847412109
2026-03-16,6699.3798828125,4.21999979019165
2026-03-17,6716.08984375,4.202000141143799
2026-03-18,6624.7001953125,4.258999824523926
2026-03-19,6606.490234375,4.281000137329102
2026-03-20,6506.47998046875,4.390999794006348
2026-03-23,6581.0,4.334000110626221
2026-03-24,6556.3701171875,4.392000198364258
2026-03-25,6591.89990234375,4.328000068664551
2026-03-26,6477.16015625,4.415999889373779
2026-03-27,6368.85009765625,4.440000057220459
2026-03-30,6343.72021484375,4.3420000076293945
2026-03-31,6528.52001953125,4.310999870300293
2026-04-01,6575.31982421875,4.318999767303467
2026-04-02,6582.68994140625,4.313000202178955
2026-04-06,6611.830078125,4.335000038146973
2026-04-07,6616.85009765625,4.3429999351501465
2026-04-08,6782.81005859375,4.290999889373779
2026-04-09,6824.66015625,4.293000221252441
2026-04-10,6816.89013671875,4.316999912261963
2026-04-13,6886.240234375,4.296999931335449
2026-04-14,6967.3798828125,4.25600004196167
2026-04-15,7022.9501953125,4.2820000648498535
2026-04-16,7041.27978515625,4.309000015258789
2026-04-17,7126.06005859375,4.245999813079834
2026-04-20,7109.14013671875,4.25
2026-04-21,7064.009765625,4.291999816894531
2026-04-22,7137.89990234375,4.294000148773193
2026-04-23,7108.39990234375,4.322999954223633
2026-04-24,7165.080078125,4.309999942779541
2026-04-27,7173.91015625,4.335999965667725
2026-04-28,7138.7998046875,4.354000091552734
2026-04-29,7135.9501953125,4.418000221252441
2026-04-30,7209.009765625,4.389999866485596
2026-05-01,7230.1201171875,4.377999782562256
2026-05-04,7200.75,4.446000099182129
2026-05-05,7259.22021484375,4.415999889373779
2026-05-06,7365.1201171875,4.355999946594238
2026-05-07,7337.10986328125,4.392000198364258
2026-05-08,7398.93017578125,4.363999843597412
2026-05-11,7412.83984375,4.409999847412109
2026-05-12,7400.9599609375,4.4629998207092285
2026-05-13,7444.25,4.480999946594238
2026-05-14,7501.240234375,4.460999965667725
2026-05-15,7408.5,4.59499979019165
2026-05-18,7403.0498046875,4.623000144958496
2026-05-19,7353.60986328125,4.666999816894531
2026-05-20,7432.97021484375,4.572000026702881
2026-05-21,7445.72021484375,4.585999965667725
2026-05-22,7473.47021484375,4.558000087738037
2026-05-26,7519.1201171875,4.493000030517578
2026-05-27,7520.35986328125,4.480999946594238
2026-05-28,7563.6298828125,4.454999923706055
2026-05-29,7580.06005859375,4.453000068664551
2026-06-01,7599.9599609375,4.474999904632568
2026-06-02,7609.77978515625,4.454999923706055
2026-06-03,7553.68017578125,4.491000175476074
2026-06-04,7584.31005859375,4.4770002365112305
2026-06-05,7383.740234375,4.535999774932861
2026-06-08,7405.72998046875,4.552000045776367
2026-06-09,7386.64990234375,4.5279998779296875
2026-06-10,7266.990234375,4.541999816894531
2026-06-11,7394.2998046875,4.4629998207092285
2026-06-12,7431.4599609375,4.486999988555908
2026-06-15,7554.2900390625,4.468999862670898
2026-06-16,7511.35009765625,4.427999973297119
2026-06-17,7420.10009765625,4.4629998207092285
2026-06-18,7500.580078125,4.451000213623047
2026-06-22,7472.7900390625,4.508999824523926
2026-06-23,7365.4599609375,4.493000030517578
2026-06-24,7358.22021484375,4.4019999504089355
2026-06-25,7357.490234375,4.392000198364258
2026-06-26,7354.02001953125,4.372000217437744
2026-06-29,7440.43017578125,4.374000072479248
2026-06-30,7499.35986328125,4.418000221252441
2026-07-01,7483.22998046875,4.474999904632568
2026-07-02,7483.240234375,4.485000133514404
2026-07-06,7537.43017578125,4.479000091552734
2026-07-07,7503.85009765625,4.5289998054504395
2026-07-08,7482.7099609375,4.568999767303467
2026-07-09,7543.64013671875,4.539000034332275
2026-07-10,7575.39013671875,4.568999767303467
2026-07-13,7515.33984375,4.609000205993652
2026-07-14,7543.58984375,4.585000038146973
2026-07-15,7572.39990234375,4.545000076293945
2026-07-16,7533.77001953125,4.568999767303467
2026-07-17,7457.68994140625,4.540999889373779
2026-07-20,7443.27978515625,4.5980000495910645
2026-07-21,7509.2001953125,4.627999782562256
2026-07-22,7498.9599609375,4.6570000648498535
2026-07-23,7408.2998046875,4.703000068664551
2026-07-24,7411.97998046875,4.678999900817871
2026-07-27,7413.18017578125,4.640999794006348
2026-07-28,7428.77978515625,4.604000091552734
2026-07-29,7316.14990234375,4.622000217437744
2026-07-30,7437.6298828125,4.663000106811523
2026-07-31,7489.72021484375,4.744999885559082
2026-08-03,7600.5,4.685999870300293
2026-08-04,7736.52001953125,4.626999855041504
2026-08-05,7723.5498046875,4.617000102996826
2026-08-06,7709.9599609375,4.670000076293945
2026-08-07,7757.64013671875,4.659999847412109
2026-08-10,7753.10986328125,4.698999881744385
2026-08-11,7728.2001953125,4.684000015258789
2026-08-12,7748.5,4.682000160217285
2026-08-13,7798.990234375,4.640999794006348
2026-08-14,7785.759765625,4.696000099182129
2026-08-17,7745.06005859375,4.723999977111816
2026-08-18,7691.759765625,4.705999851226807
2026-08-19,7707.97998046875,4.6529998779296875
2026-08-20,7641.16015625,4.696000099182129
2026-08-21,7674.3701171875,4.73799991607666
2026-08-24,7652.85986328125,4.703999996185303
2026-08-25,7677.27978515625,4.638999938964844
2026-08-26,7675.7001953125,4.664000034332275
2026-08-27,7730.990234375,4.671999931335449
2026-08-28,7711.759765625,4.71999979019165
2026-08-31,7686.14013671875,4.757999897003174
2026-09-01,7631.47021484375,4.796000003814697
2026-09-02,7666.60009765625,4.796000003814697
2026-09-03,7747.7099609375,4.76200008392334
2026-09-04,7718.60009765625,4.783999919891357
2026-09-08,7673.52001953125,4.806000232696533
2026-09-09,7636.35986328125,4.836999893188477
2026-09-10,7591.7001953125,4.943999767303467
2026-09-11,7656.97998046875,4.974999904632568
2026-09-14,7619.97998046875,4.960999965667725
2026-09-15,7585.72998046875,4.995999813079834
2026-09-16,7551.81005859375,5.00600004196167
2026-09-17,7637.759765625,4.947000026702881
2026-09-18,7650.5,4.998000144958496
2026-09-21,7764.7001953125,4.9629998207092285
2026-09-22,7764.64013671875,4.9679999351501465
2026-09-23,7706.02978515625,5.113999843597412
2026-09-24,7704.1298828125,5.1620001792907715
2026-09-25,7743.41015625,5.184000015258789
2026-09-28,7683.68994140625,5.239999771118164
2026-09-29,7670.83984375,5.255000114440918
2026-09-30,7651.5400390625,5.293000221252441
