date,AAPL,MSFT,NVDA,ORCL,CSCO,JPM,BAC,GS,MS,WFC,JNJ,PFE,MRK,UNH,ABT,XOM,CVX,COP,SLB,OXY,WMT,PG,KO,MCD,HD,CAT,BA,HON,UPS,DE
2021-10-01,139.13665771484375,277.4571533203125,20.651044845581055,83.89057159423828,47.76089096069336,147.47659301757812,38.11638641357422,336.6335754394531,84.4698257446289,41.62821960449219,139.55706787109375,32.949676513671875,69.85576629638672,358.5224914550781,106.3484115600586,51.13410949707031,85.37946319580078,58.70890808105469,27.185327529907227,28.978347778320312,42.91371154785156,122.7542495727539,45.80200958251953,216.21951293945312,290.59912109375,178.31643676757812,226.0,192.3423614501953,143.273193359375,320.6182556152344
2021-10-04,135.713134765625,271.70843505859375,19.64546775817871,83.44185638427734,47.28999710083008,147.31773376464844,38.346435546875,331.45123291015625,82.84953308105469,41.62821960449219,138.47003173828125,32.5582389831543,71.31468200683594,353.5707702636719,104.82408142089844,51.7971076965332,85.69864654541016,59.873023986816406,27.65094566345215,29.59234046936035,42.5003776550293,122.05949401855469,45.77609634399414,216.35299682617188,287.61260986328125,177.21534729003906,223.7899932861328,191.0580291748047,140.8496856689453,317.095458984375
2021-10-05,137.63461303710938,277.130859375,20.36131477355957,85.5264892578125,47.691131591796875,149.7234649658203,39.12503433227539,341.780517578125,84.5977783203125,42.46043014526367,138.78309631347656,32.48148727416992,70.02742004394531,359.4361267089844,105.14165496826172,51.71318054199219,86.63154602050781,60.07404708862305,27.39127540588379,30.48542022705078,42.77906036376953,122.53435516357422,45.85383987426758,218.25767517089844,290.26434326171875,176.63723754882812,224.4199981689453,192.40480041503906,141.83642578125,316.95489501953125
2021-10-06,138.50270080566406,281.3056640625,20.609224319458008,85.38626861572266,47.037109375,150.04302978515625,39.142738342285156,343.764892578125,84.51248931884766,42.38074493408203,139.07009887695312,32.251224517822266,69.22071075439453,360.1852111816406,105.69512176513672,50.76484680175781,85.8704833984375,60.14103698730469,26.80924415588379,29.76909637451172,43.09218215942383,124.17015075683594,46.39807891845703,219.93099975585938,291.0396423339844,176.04995727539062,224.99000549316406,193.42161560058594,142.64959716796875,317.05792236328125
2021-10-07,139.7609100341797,282.9755554199219,20.982580184936523,86.29304504394531,47.97889709472656,150.99293518066406,39.03656005859375,346.04156494140625,84.25665283203125,42.28335189819336,140.31373596191406,32.80385208129883,70.3191909790039,369.7323913574219,106.9835433959961,50.90752029418945,86.48424530029297,59.889793395996094,27.776309967041016,30.21562957763672,43.59944152832031,125.16394805908203,46.5449333190918,221.01686096191406,297.3121643066406,179.619384765625,226.47999572753906,194.76841735839844,143.36004638671875,322.3891296386719
2021-10-08,139.38055419921875,282.9755554199219,20.73965072631836,88.54442596435547,48.031219482421875,151.1083221435547,39.23120880126953,347.9815673828125,85.31411743164062,42.4958381652832,139.95716857910156,32.58126449584961,69.19499969482422,373.16741943359375,107.41905975341797,52.183143615722656,88.42375946044922,62.74566650390625,28.349390029907227,31.285459518432617,43.73096466064453,124.64507293701172,46.752262115478516,220.46499633789062,294.5458984375,179.07803344726562,226.38999938964844,194.1708221435547,144.85205078125,321.52716064453125
2021-10-11,139.29275512695312,282.3805847167969,20.604246139526367,89.38866424560547,47.900413513183594,147.93028259277344,38.73573303222656,341.2755126953125,82.96891021728516,41.8583984375,139.3657684326172,32.28194046020508,68.59423828125,369.9972839355469,106.04898071289062,51.66282272338867,87.67086029052734,61.95003890991211,29.065736770629883,31.06218719482422,43.69025421142578,125.16394805908203,46.847286224365234,219.46817016601562,296.8628845214844,176.99510192871094,226.4499969482422,192.0213165283203,143.47055053710938,311.6143798828125
2021-10-12,138.0247802734375,281.0848693847656,20.58034896850586,89.65133666992188,47.33359909057617,146.79397583007812,38.52338409423828,342.41827392578125,83.38680267333984,41.300655364990234,137.13943481445312,32.120750427246094,68.30245971679688,368.3984375,106.44821166992188,51.3942756652832,87.68724060058594,61.481056213378906,29.44181251525879,30.70868682861328,43.64328384399414,124.97927856445312,46.847286224365234,217.6346893310547,297.5940856933594,174.26983642578125,223.57000732421875,191.16505432128906,143.66790771484375,309.7499694824219
2021-10-13,137.43954467773438,284.3767395019531,20.847177505493164,90.42992401123047,47.630088806152344,142.9235076904297,38.16947555541992,342.22344970703125,84.06048583984375,40.76945114135742,138.45260620117188,31.790721893310547,67.75321960449219,368.68170166015625,106.1578598022461,51.2515983581543,88.21098327636719,61.33030700683594,29.33435821533203,30.029571533203125,43.3270263671875,125.2695083618164,46.85592269897461,215.97024536132812,298.0169982910156,173.37062072753906,221.77999877929688,192.2799530029297,145.30201721191406,308.2508850097656
2021-10-14,140.21934509277344,290.5574035644531,21.650638580322266,89.37930297851562,48.52827072143555,145.1162109375,39.877105712890625,346.555419921875,86.14134979248047,40.114315032958984,139.24403381347656,31.98259925842285,67.22118377685547,384.039306640625,107.0869369506836,52.03208541870117,89.04571533203125,61.84955978393555,30.014896392822266,29.75979232788086,43.796714782714844,126.68538665771484,47.175559997558594,217.661376953125,303.10015869140625,178.31643676757812,217.44000244140625,194.96461486816406,151.11221313476562,308.97222900390625
2021-10-15,141.2727813720703,291.9585876464844,21.766130447387695,89.42620849609375,48.17946243286133,147.90362548828125,41.027320861816406,359.7284240722656,87.1050033569336,42.83226776123047,140.27891540527344,31.844451904296875,67.22118377685547,391.08306884765625,107.0140609741211,52.5272331237793,89.70040130615234,62.09241485595703,30.444700241088867,29.452796936035156,44.00963592529297,127.01079559326172,47.06325149536133,215.6142578125,308.7032470703125,182.61996459960938,217.0399932861328,196.86441040039062,152.95156860351562,311.7736511230469
2021-10-18,142.94064331054688,294.9145812988281,22.124553680419922,90.53313446044922,48.127140045166016,147.85037231445312,40.94768524169922,366.47869873046875,86.48246002197266,43.761863708496094,139.2527313232422,31.713956832885742,66.2085189819336,387.93121337890625,106.40379333496094,52.5020637512207,89.65950012207031,62.39392852783203,30.587966918945312,30.634260177612305,44.36347198486328,125.18156433105469,46.59675979614258,215.62315368652344,312.7557373046875,181.8491973876953,216.97999572753906,196.7841339111328,152.6674041748047,310.9116516113281
2021-10-19,145.09619140625,295.81671142578125,22.1922550201416,91.04906463623047,48.60676574707031,149.64358520507812,41.12464141845703,365.12335205078125,86.77240753173828,44.56752014160156,142.51400756835938,32.304954528808594,68.21664428710938,387.71185302734375,108.6990966796875,53.290931701660156,91.41075897216797,63.0806884765625,30.928237915039062,30.64356231689453,45.30598068237305,123.70404815673828,46.77817916870117,216.07708740234375,315.3810729980469,184.56527709960938,215.97000122070312,197.80982971191406,152.98313903808594,321.45208740234375
2021-10-20,145.5838623046875,295.02972412109375,22.00606918334961,90.65506744384766,49.007877349853516,151.65869140625,41.664363861083984,361.3407287597656,85.84284973144531,44.408145904541016,142.43576049804688,32.84989929199219,69.57259368896484,397.49652099609375,112.31511688232422,53.58465576171875,92.60558319091797,63.66690444946289,31.107324600219727,31.034278869628906,45.71617126464844,124.18775939941406,47.19282531738281,213.36239624023438,315.5924072265625,187.36392211914062,216.1699981689453,199.46884155273438,154.1514892578125,322.3515625
2021-10-21,145.7984619140625,298.2448425292969,22.592487335205078,90.33612060546875,48.56315612792969,150.4691619873047,41.434322357177734,361.07489013671875,85.51880645751953,44.55866241455078,142.1052703857422,32.89594650268555,69.65840911865234,404.0653076171875,113.89996337890625,52.61115264892578,91.4435043334961,62.469295501708984,30.71332359313965,30.513324737548828,45.96979904174805,123.29397583007812,46.95095443725586,214.8577117919922,321.22186279296875,185.4828338623047,214.33999633789062,200.2537078857422,157.4434356689453,321.30224609375
2021-10-22,145.0279541015625,296.7093505859375,22.6263370513916,92.16535949707031,48.057373046875,152.4931640625,42.089054107666016,367.0368957519531,86.8150634765625,44.85082244873047,142.383544921875,33.12620544433594,69.64122772216797,410.35076904296875,115.42105865478516,52.972015380859375,92.31097412109375,63.41568374633789,30.364112854003906,31.56454849243164,46.448875427246094,124.6213607788086,47.0373420715332,212.2231903076172,322.4288330078125,185.13226318359375,212.97000122070312,193.90325927734375,160.89321899414062,319.22222900390625
2021-10-25,144.9791259765625,295.7207946777344,23.064414978027344,91.82766723632812,48.083534240722656,151.7474822998047,42.035972595214844,367.4178161621094,86.90885162353516,44.81540298461914,142.6966552734375,33.1185302734375,70.07891845703125,410.6523132324219,115.2935562133789,54.00426483154297,93.1702651977539,64.08568572998047,30.767051696777344,32.764610290527344,46.987449645996094,124.63906860351562,46.847286224365234,211.24411010742188,327.0715637207031,186.5716094970703,212.8699951171875,194.0281524658203,160.9642791748047,330.474853515625
2021-10-26,145.64247131347656,297.6210021972656,24.608610153198242,90.9740219116211,48.66780090332031,152.1558074951172,42.434120178222656,369.9513854980469,88.2392349243164,44.824256896972656,144.1489715576172,33.43321228027344,70.58523559570312,415.3573913574219,116.70536041259766,55.25471496582031,93.37483215332031,64.51280212402344,30.677507400512695,32.89485168457031,46.57725143432617,126.40888214111328,47.05460739135742,210.42526245117188,325.25677490234375,184.20037841796875,209.80999755859375,194.7238311767578,172.1504669189453,319.6344909667969
2021-10-27,145.1840057373047,310.1550598144531,24.34377098083496,90.0828628540039,48.990440368652344,148.9866485595703,41.6201171875,364.08685302734375,86.87474060058594,44.31076431274414,142.4009552001953,32.980377197265625,69.97593688964844,414.297607421875,116.32279968261719,53.81964111328125,91.71356201171875,62.70977783203125,29.137371063232422,30.978464126586914,46.19524383544922,125.50628662109375,47.961669921875,216.04147338867188,328.0054016113281,180.96182250976562,206.61000061035156,192.40480041503906,167.52442932128906,316.898681640625
2021-10-28,148.81236267089844,311.28753662109375,24.831626892089844,90.27046966552734,49.04277038574219,151.2326202392578,42.27485275268555,367.47991943359375,88.01683044433594,45.47054672241211,141.62693786621094,33.14155960083008,74.27540588378906,416.08819580078125,116.32279968261719,53.9706916809082,92.57284545898438,63.31640625,29.817895889282227,31.471515655517578,46.48332595825195,126.25839233398438,48.41087341308594,218.5068817138672,327.34466552734375,188.3062286376953,207.85000610351562,194.8665313720703,168.8585205078125,327.645263671875
2021-10-29,146.11058044433594,318.2648010253906,25.454879760742188,89.99842834472656,48.80732345581055,150.81533813476562,42.27485275268555,366.1776428222656,88.25724792480469,45.29347610473633,141.6530303955078,33.571372985839844,75.56266021728516,420.6835632324219,117.3975830078125,54.104976654052734,93.69398498535156,62.76033020019531,28.88664436340332,31.19242286682129,46.78705596923828,126.53276824951172,48.695953369140625,218.55142211914062,327.494384765625,188.23239135742188,207.02999877929688,194.99136352539062,168.51907348632812,320.7214050292969
2021-11-01,145.29129028320312,316.1053771972656,25.713743209838867,88.53501892089844,48.92068862915039,150.7354736328125,42.3367919921875,369.1452941894531,89.30487060546875,45.780418395996094,141.77479553222656,33.4946174621582,75.38245391845703,414.8731689453125,117.44313049316406,55.07848358154297,93.72672271728516,62.84458541870117,29.817895889282227,32.38319778442383,46.90290832519531,126.22300720214844,48.52317810058594,223.0283660888672,322.8605041503906,189.49644470214844,214.5800018310547,196.00820922851562,166.49026489257812,336.1245422363281
2021-11-02,146.32516479492188,319.71392822265625,26.28522300720215,89.93275451660156,50.24616622924805,151.33023071289062,42.36333084106445,375.4793701171875,89.87161254882812,45.41743087768555,144.00982666015625,34.883827209472656,76.39509582519531,412.98199462890625,116.32279968261719,54.398704528808594,93.15389251708984,61.53024673461914,29.728349685668945,31.964576721191406,46.880985260009766,127.47960662841797,48.46269989013672,221.83570861816406,323.5740966796875,191.10189819335938,212.77000427246094,197.28363037109375,165.10089111328125,332.89208984375
2021-11-03,147.75897216796875,320.5489501953125,26.481361389160156,90.19541931152344,50.2723274230957,151.38352966308594,42.7968864440918,370.2083435058594,88.11128234863281,46.03716278076172,143.5489044189453,34.40028762817383,76.10333251953125,417.81494140625,117.2245101928711,53.651790618896484,92.48283386230469,61.28589630126953,29.531360626220703,31.49011993408203,47.0250358581543,128.35568237304688,48.6268424987793,222.86814880371094,325.0541687011719,187.80796813964844,213.3800048828125,198.71961975097656,167.94281005859375,321.4146728515625
2021-11-04,147.24203491210938,322.8907165527344,29.67031478881836,89.70762634277344,49.81015396118164,149.39498901367188,41.876708984375,361.5001220703125,85.68975067138672,44.988441467285156,143.1488800048828,33.95122528076172,77.69953918457031,417.2941589355469,117.57975769042969,54.054622650146484,92.89201354980469,61.76613998413086,29.68358039855957,31.397096633911133,47.369468688964844,128.5946044921875,48.8946418762207,225.5916748046875,327.882080078125,187.8448486328125,213.02999877929688,198.44314575195312,166.34815979003906,328.7227478027344
2021-11-05,147.7694854736328,322.5259704589844,29.621530532836914,89.06974029541016,49.76655960083008,149.18199157714844,41.55818557739258,360.6230773925781,85.7584457397461,44.82846450805664,142.13131713867188,37.636695861816406,70.03599548339844,416.42620849609375,113.2806167602539,54.56654739379883,93.89859771728516,63.56914520263672,30.005937576293945,31.090089797973633,47.040687561035156,129.23170471191406,49.10196304321289,226.70423889160156,324.55194091796875,189.95773315429688,224.4600067138672,201.62728881835938,164.37460327148438,332.7984313964844
2021-11-08,146.94898986816406,323.4184875488281,30.668916702270508,89.24796295166016,49.70551300048828,150.07858276367188,41.885562896728516,361.73931884765625,85.93016815185547,45.21062088012695,141.6443328857422,37.419898986816406,70.9542465209961,422.6477966308594,115.49394226074219,55.154014587402344,94.23411560058594,63.97357940673828,30.71332359313965,31.899444580078125,46.74008560180664,128.2671661376953,48.661399841308594,225.2713165283203,324.71929931640625,197.68048095703125,222.67999267578125,201.3329315185547,165.22718811035156,338.10150146484375
2021-11-09,147.3103790283203,322.42034912109375,30.522565841674805,88.7320327758789,50.089195251464844,148.94227600097656,41.47856140136719,359.090576171875,85.62104034423828,44.33964538574219,141.33126831054688,36.622406005859375,70.98857879638672,424.2283935546875,115.15694427490234,55.69111633300781,94.92972564697266,63.821937561035156,30.57006072998047,31.387792587280273,46.90290832519531,128.65652465820312,48.79961013793945,224.8707275390625,326.53411865234375,193.5838623046875,220.7899932861328,203.1345977783203,165.7482147216797,333.36993408203125
2021-11-10,144.48745727539062,317.477783203125,29.329814910888672,88.01910400390625,50.3769645690918,148.80023193359375,41.788230895996094,353.57147216796875,83.95516204833984,44.757362365722656,142.86192321777344,37.95413589477539,72.09562683105469,420.1628723144531,116.42298889160156,54.593971252441406,93.4157485961914,61.50497055053711,29.3075008392334,29.60164451599121,46.48019027709961,129.92196655273438,48.9983024597168,225.29794311523438,324.7104797363281,190.68667602539062,218.5,201.91636657714844,167.074462890625,330.37176513671875
2021-11-11,144.4386444091797,319.0421142578125,30.256731033325195,88.2160873413086,49.49622344970703,148.79135131835938,42.018272399902344,356.4240417480469,84.90829467773438,44.9617805480957,141.8095245361328,38.85227584838867,72.10419464111328,417.8697204589844,115.90380859375,54.69602584838867,93.42394256591797,60.78038787841797,29.35227394104004,29.880727767944336,46.49897384643555,129.55023193359375,49.01557922363281,222.65455627441406,323.8736267089844,192.40284729003906,219.3800048828125,197.97496032714844,168.37696838378906,333.55731201171875
2021-11-12,146.50946044921875,323.1593017578125,30.256731033325195,87.7470474243164,49.548545837402344,148.1255645751953,41.505104064941406,358.7007751464844,85.74127197265625,45.290611267089844,143.5054473876953,38.50385665893555,72.08704376220703,419.3314514160156,116.99681091308594,54.27927780151367,93.48123931884766,60.96573257446289,29.33435821533203,29.843521118164062,46.26726531982422,129.69186401367188,48.90327835083008,223.1084747314453,328.27850341796875,193.08560180664062,220.9600067138672,199.2111358642578,168.2980499267578,336.2275695800781
2021-11-15,146.51922607421875,322.5355224609375,29.893329620361328,88.19731903076172,49.940956115722656,147.8592529296875,41.628971099853516,358.6121826171875,86.05038452148438,45.39726638793945,142.2096405029297,38.441917419433594,71.82100677490234,411.84912109375,117.8985366821289,54.74705123901367,95.60076904296875,61.26905822753906,29.298542022705078,29.75048828125,46.00110626220703,130.43516540527344,48.91191482543945,225.12884521484375,326.91290283203125,191.64625549316406,233.08999633789062,199.2827911376953,166.9796905517578,338.3731689453125
2021-11-16,147.49598693847656,325.8370056152344,30.0705509185791,89.68885803222656,49.70551300048828,146.79397583007812,41.65550994873047,357.08837890625,86.46257781982422,44.76625442504883,141.47039794921875,38.4032096862793,72.18143463134766,410.77105712890625,119.21925354003906,55.299869537353516,95.97721862792969,61.20162582397461,29.45077133178711,29.62025260925293,44.83002853393555,130.2493438720703,48.566375732421875,224.70167541503906,345.63372802734375,189.54257202148438,225.8000030517578,198.29742431640625,167.25601196289062,339.1789245605469
2021-11-17,149.92822265625,326.05816650390625,29.132678985595703,89.42620849609375,49.49622344970703,146.00390625,41.151180267333984,346.86553955078125,83.87787628173828,44.29521942138672,142.0009002685547,39.38650894165039,70.88558197021484,410.1589660644531,117.15164184570312,54.69602584838867,95.5467529296875,60.63715362548828,28.707563400268555,28.61554718017578,44.444881439208984,130.16970825195312,48.29857635498047,224.90640258789062,347.8537902832031,187.2820587158203,226.6199951171875,197.50914001464844,164.08250427246094,331.2243957519531
2021-11-18,154.20654296875,328.12530517578125,31.53609275817871,88.79768371582031,46.766780853271484,144.74331665039062,40.98308181762695,346.7060241699219,83.87787628173828,44.34854507446289,141.2356414794922,39.80461502075195,71.27176666259766,410.634033203125,116.25904083251953,54.100669860839844,94.74376678466797,61.26905822753906,28.528470993041992,28.503908157348633,44.82689666748047,130.18743896484375,47.866641998291016,225.6094970703125,357.5445861816406,185.8427276611328,227.25,197.69728088378906,163.78250122070312,334.5880126953125
2021-11-19,156.82440185546875,329.89447021484375,32.840354919433594,88.15042114257812,46.435401916503906,142.85244750976562,40.16907501220703,343.1802673339844,83.21668243408203,43.38868713378906,141.66171264648438,39.33231735229492,69.25505828857422,401.9822692871094,115.53035736083984,51.600181579589844,92.64112854003906,58.64876937866211,26.90773582458496,27.08987808227539,44.58578872680664,129.92196655273438,47.62476348876953,224.24771118164062,360.0465393066406,184.93850708007812,214.1300048828125,195.71762084960938,165.3850860595703,324.31915283203125
2021-11-22,157.2834930419922,326.7408142089844,31.81586265563965,88.75080108642578,47.61265182495117,145.8973846435547,40.94768524169922,350.9493103027344,85.2861328125,44.73959732055664,139.79718017578125,39.64201736450195,70.06173706054688,399.7348327636719,114.09125518798828,52.314613342285156,94.2967529296875,60.569732666015625,27.16741371154785,27.917835235595703,45.334144592285156,130.78915405273438,47.91847229003906,225.6094970703125,360.1346435546875,186.72848510742188,209.89999389648438,195.40408325195312,167.2969512939453,327.1393737792969
2021-11-23,157.66441345214844,324.67364501953125,31.60678482055664,87.18421936035156,48.22306823730469,149.38613891601562,42.02712631225586,359.9675598144531,87.4672622680664,45.681663513183594,140.663818359375,39.54911422729492,71.05723571777344,408.4961853027344,113.38080596923828,53.69242858886719,96.27523803710938,62.162139892578125,27.91958236694336,29.694677352905273,45.656673431396484,132.2404022216797,48.27266311645508,227.5408935546875,359.7646789550781,189.45028686523438,209.1300048828125,193.4871368408203,168.0347442626953,327.2517395019531
2021-11-24,158.18211364746094,324.8947448730469,32.53071594238281,87.78458404541016,48.43235778808594,148.2143096923828,42.14214324951172,353.6335144042969,86.8318099975586,45.601680755615234,140.2698974609375,39.402000427246094,70.61096954345703,411.2644348144531,113.91819763183594,53.99010467529297,97.01199340820312,63.04680252075195,28.125526428222656,29.77839469909668,45.88525390625,131.55015563964844,47.8839225769043,228.84034729003906,363.0594177246094,191.0557403564453,210.60000610351562,190.0921630859375,165.3850860595703,344.6600036621094
2021-11-26,153.17115783691406,316.9818115234375,31.364850997924805,86.61197662353516,47.67368698120117,143.7490997314453,40.487606048583984,344.951904296875,84.0925521850586,43.042076110839844,139.3594512939453,41.809940338134766,67.9334716796875,401.9001159667969,114.65595245361328,52.093482971191406,94.79344177246094,60.22429275512695,26.594343185424805,27.629438400268555,45.37172317504883,130.4971466064453,46.41535949707031,222.52102661132812,354.76947021484375,183.36073303222656,199.2100067138672,186.50904846191406,162.87022399902344,336.639892578125
2021-11-29,156.52157592773438,323.6640319824219,33.22963333129883,87.18421936035156,48.62419509887695,143.12765502929688,40.33719253540039,342.4271545410156,83.4914779663086,43.69087600708008,139.8409423828125,40.57112503051758,64.2690200805664,412.94549560546875,116.6142578125,52.38264846801758,95.07489776611328,60.788814544677734,26.54956817626953,27.964345932006836,44.66093826293945,131.86875915527344,47.149627685546875,222.7791748046875,358.3990478515625,180.76808166503906,198.5,186.01641845703125,162.3466033935547,326.1367492675781
2021-11-30,161.46417236328125,317.856689453125,32.53269958496094,85.12045288085938,47.82193374633789,140.9971466064453,39.34622573852539,337.5105895996094,81.4219970703125,42.46438980102539,136.49703979492188,41.600894927978516,64.28619384765625,405.837646484375,114.5557632446289,50.89426803588867,93.43582916259766,59.086875915527344,25.789722442626953,27.582927703857422,44.034690856933594,127.93977355957031,45.660972595214844,218.91281127929688,352.9282531738281,178.39682006835938,197.85000610351562,181.1612548828125,157.3724365234375,323.7476806640625
2021-12-01,160.94639587402344,317.3663635253906,31.300983428955078,84.19176483154297,47.987613677978516,140.16268920898438,38.788822174072266,335.2752990722656,81.7998275756836,41.95781326293945,138.3790740966797,42.3364372253418,63.88286209106445,405.9472961425781,115.43928527832031,50.85174560546875,92.79839324951172,58.3033332824707,25.519956588745117,26.931732177734375,42.9418830871582,129.55023193359375,45.5303955078125,218.53692626953125,354.2198181152344,176.6622314453125,188.19000244140625,178.6352081298828,154.0245819091797,320.0093078613281
2021-12-02,159.95989990234375,316.7991027832031,31.989030838012695,84.4168930053711,48.96429443359375,143.1099395751953,39.90901565551758,345.124755859375,84.89116668701172,43.46867752075195,137.512451171875,41.06665802001953,63.41085433959961,407.4821472167969,116.93305969238281,52.11898422241211,95.31497192382812,60.03895568847656,26.36522674560547,27.582927703857422,42.4189567565918,130.3113250732422,46.200721740722656,222.67173767089844,360.7217712402344,181.57078552246094,202.3800048828125,182.73780822753906,158.5862274169922,328.5072326660156
2021-12-03,158.08447265625,310.56866455078125,30.56214714050293,82.77528381347656,49.03404235839844,140.5177764892578,39.002193450927734,340.8412780761719,84.33299255371094,42.43772506713867,139.51705932617188,42.01899337768555,62.93885040283203,411.8358459472656,118.65454864501953,51.78729248046875,94.71067810058594,59.91255187988281,26.293285369873047,27.127090454101562,43.05774688720703,132.62977600097656,46.60988998413086,223.14610290527344,360.7571105957031,182.50267028808594,198.49000549316406,182.2899932861328,159.24468994140625,327.21435546875
2021-12-06,161.4836883544922,313.6261901855469,29.908939361572266,83.43192291259766,49.670631408691406,142.17784118652344,39.25111770629883,346.6921691894531,85.24320983886719,43.37980270385742,142.63339233398438,39.85881042480469,63.00752258300781,421.7257385253906,120.65836334228516,52.3741455078125,96.19245910644531,61.34486770629883,26.985689163208008,27.759685516357422,43.5242919921875,134.63848876953125,47.802555084228516,228.9276580810547,367.73681640625,185.71356201171875,205.8800048828125,184.7533721923828,160.2998504638672,332.1518859863281
2021-12-07,167.2076873779297,322.0199279785156,32.28875732421875,84.47318267822266,50.647300720214844,144.31724548339844,39.74897766113281,356.3190002441406,88.01683044433594,44.65959167480469,143.0010528564453,40.04463577270508,62.02919006347656,425.9602966308594,120.61283111572266,52.960994720458984,97.61631774902344,62.827735900878906,27.660110473632812,28.9504451751709,43.383392333984375,134.28453063964844,48.06372833251953,232.61502075195312,368.1614074707031,188.67526245117188,208.8300018310547,185.55955505371094,162.9416046142578,338.5511779785156
2021-12-08,171.01718139648438,322.0680236816406,31.69031524658203,83.43192291259766,49.72294235229492,142.6660919189453,39.26001739501953,353.8344421386719,86.94344329833984,43.91305160522461,143.85890197753906,39.79686737060547,62.827293395996094,429.7457275390625,120.5672836303711,53.11408615112305,98.05503845214844,62.440162658691406,27.929874420166016,28.624845504760742,42.94501876831055,134.88624572753906,47.88090896606445,232.31964111328125,363.8002624511719,188.3984832763672,211.02999877929688,183.32012939453125,162.41009521484375,338.2887878417969
2021-12-09,170.50929260253906,320.27008056640625,30.36001205444336,83.2724609375,50.185123443603516,142.4441375732422,39.55339813232422,353.0952453613281,86.36812591552734,44.16189956665039,145.2244873046875,40.323368072509766,62.52692794799805,433.83367919921875,120.7130126953125,53.250160217285156,97.79841613769531,61.125823974609375,27.534217834472656,28.14093780517578,43.54235076904297,135.673828125,47.759033203125,234.78985595703125,363.87982177734375,188.3431396484375,207.55999755859375,184.52935791015625,163.8539276123047,339.0945739746094
2021-12-10,175.28579711914062,329.34649658203125,30.069255828857422,96.27409362792969,51.66756820678711,141.87600708007812,39.58006286621094,348.259521484375,84.52191162109375,44.61516571044922,144.8656005859375,40.86534881591797,62.32096862792969,438.33404541015625,122.38896179199219,53.59036636352539,97.96398162841797,61.91779327392578,27.866928100585938,28.6341552734375,44.337745666503906,137.56756591796875,48.99523162841797,237.1436309814453,367.471435546875,187.7249298095703,205.05999755859375,187.94229125976562,165.8927764892578,335.7591247558594
2021-12-13,171.66189575195312,326.32733154296875,28.04094123840332,94.64185333251953,51.109474182128906,140.18931579589844,38.74436569213867,342.542236328125,83.43994140625,43.15761947631836,147.4567108154297,42.739044189453125,63.00752258300781,438.2515869140625,123.83719635009766,52.41667175292969,95.92755126953125,59.83673095703125,26.823833465576172,27.201047897338867,45.13627624511719,139.52317810058594,50.283660888671875,235.46107482910156,358.4836730957031,185.6858367919922,197.39999389648438,187.42276000976562,163.67144775390625,329.2568054199219
2021-12-14,170.28460693359375,315.6933898925781,28.216188430786133,93.70378112792969,50.3769645690918,141.26344299316406,39.233341217041016,346.26470947265625,84.8567886352539,43.45090866088867,149.0673828125,43.00230026245117,63.86517333984375,439.46148681640625,121.08647155761719,52.34012222290039,96.2090072631836,59.55027389526367,26.679954528808594,26.745065689086914,45.56698989868164,140.0364227294922,50.318477630615234,234.95089721679688,355.79443359375,186.0457000732422,195.5,185.1385040283203,161.63262939453125,326.5677795410156
2021-12-15,175.13929748535156,321.76031494140625,30.329143524169922,97.23094940185547,52.26054382324219,140.2070770263672,39.064422607421875,347.2354431152344,85.380615234375,43.495338439941406,149.81146240234375,45.52638244628906,65.22528076171875,453.1367492675781,123.47285461425781,52.11048126220703,95.66264343261719,59.57554626464844,26.356237411499023,26.540332794189453,45.82793426513672,140.57620239257812,50.54482650756836,236.74090576171875,360.7571105957031,186.8853302001953,195.42999267578125,187.8975067138672,163.24305725097656,322.2485656738281
2021-12-16,168.2626190185547,312.3858947753906,28.265975952148438,96.82757568359375,52.59192657470703,142.39974975585938,40.00680923461914,353.8789367675781,86.12767791748047,44.704036712646484,151.4484100341797,47.423309326171875,65.76242065429688,451.7435607910156,123.95561218261719,52.19554138183594,96.55669403076172,60.4096565246582,26.70693588256836,26.41004753112793,45.063968658447266,142.5672607421875,51.0584602355957,237.66268920898438,353.4324951171875,190.22535705566406,190.7899932861328,187.76315307617188,164.9883575439453,326.3242492675781
2021-12-17,167.16860961914062,311.3282165527344,27.68247413635254,90.63632202148438,52.72272872924805,139.1595458984375,39.01107406616211,340.0130310058594,83.40559387207031,42.615482330322266,147.2640838623047,46.05287551879883,65.57183074951172,446.4824523925781,124.88462829589844,51.055850982666016,94.04013061523438,57.80622863769531,26.050495147705078,26.09364891052246,43.620941162109375,139.3373565673828,50.25754165649414,234.217041015625,343.21514892578125,185.79656982421875,192.6300048828125,183.785888671875,163.89358520507812,325.1437072753906
2021-12-20,165.8108673095703,307.58807373046875,27.60082244873047,85.96472930908203,52.63551712036133,136.65615844726562,38.370967864990234,330.9382019042969,81.89429473876953,41.63785934448242,146.84393310546875,47.24523162841797,66.195556640625,443.3753356933594,122.94456481933594,50.315921783447266,94.08152770996094,57.79780960083008,25.600889205932617,25.107227325439453,43.76241683959961,139.6913299560547,50.09212875366211,234.243896484375,344.4712829589844,180.34361267089844,188.47999572753906,179.0203857421875,160.59332275390625,317.3015441894531
2021-12-21,168.97569274902344,314.6838073730469,28.951045989990234,85.84275817871094,53.21977233886719,138.56478881835938,39.28668212890625,338.695068359375,83.95516204833984,42.49106216430664,146.37123107910156,45.64252471923828,65.44185638427734,446.5649108886719,123.20870971679688,51.455596923828125,95.58814239501953,59.55027389526367,26.482128143310547,26.61478042602539,43.89446258544922,139.6028289794922,50.292362213134766,236.6245574951172,345.4178466796875,182.97323608398438,199.52000427246094,180.65072631835938,164.29823303222656,327.74835205078125
2021-12-22,171.564208984375,320.3662109375,29.274654388427734,84.29495239257812,53.655792236328125,139.10630798339844,39.36669921875,340.4850158691406,84.41028594970703,42.68657684326172,147.00146484375,46.10707092285156,65.97898864746094,452.9076232910156,126.59701538085938,51.872337341308594,96.13449096679688,59.88729476928711,26.527088165283203,26.912565231323242,43.951045989990234,140.98329162597656,50.64929962158203,237.1167449951172,349.9913330078125,186.5162353515625,201.69000244140625,180.80296325683594,165.36126708984375,325.11553955078125
2021-12-23,172.18939208984375,321.7988586425781,29.51363182067871,84.16363525390625,54.30980682373047,139.6034393310547,39.49116134643555,342.8984680175781,85.30332946777344,42.97986602783203,147.28163146972656,45.456687927246094,65.60647583007812,454.0533142089844,126.75189208984375,51.897865295410156,96.36630249023438,59.97998046875,26.590036392211914,26.84742546081543,43.85359191894531,141.6735076904297,50.68412780761719,238.02073669433594,351.25628662109375,190.2530517578125,204.22000122070312,183.8306884765625,168.33627319335938,327.1955871582031
2021-12-27,176.14537048339844,329.25994873046875,30.813068389892578,83.9947738647461,55.30391311645508,140.40237426757812,39.68674850463867,345.5700988769531,86.21355438232422,43.34425354003906,148.52462768554688,45.836090087890625,66.33416748046875,457.8296813964844,128.84681701660156,52.637794494628906,98.33650207519531,61.681888580322266,26.83282470703125,27.582590103149414,44.25284957885742,143.3282928466797,51.0584602355957,240.07020568847656,357.46636962890625,190.4191131591797,203.1699981689453,184.91461181640625,170.6527557373047,328.62908935546875
2021-12-28,175.12950134277344,328.1061706542969,30.192726135253906,83.15989685058594,55.39984130859375,140.82847595214844,39.740089416503906,345.18707275390625,85.84430694580078,43.0331916809082,149.1199188232422,44.91471862792969,66.5420913696289,460.9826965332031,127.94502258300781,52.46769714355469,98.14608764648438,61.60606384277344,27.075618743896484,27.433696746826172,44.887916564941406,144.09814453125,51.258689880371094,239.74803161621094,359.3505554199219,190.6405487060547,206.1300048828125,185.46998596191406,170.31161499023438,327.7108459472656
2021-12-29,175.21742248535156,328.77911376953125,29.873092651367188,82.74713134765625,55.77480697631836,140.75743103027344,39.677860260009766,343.9314880371094,84.77953338623047,43.05985641479492,150.1703643798828,44.581783294677734,66.66337585449219,463.4024353027344,128.60089111328125,52.008419036865234,97.64115142822266,61.43756103515625,26.661970138549805,27.22896957397461,44.86590576171875,145.2927703857422,51.31963348388672,240.29391479492188,363.4375305175781,191.295654296875,203.66000366210938,185.89993286132812,170.2481231689453,323.9070129394531
2021-12-30,174.06478881835938,326.25048828125,29.45986557006836,82.55952453613281,55.47832489013672,140.68641662597656,39.58896255493164,343.3258972167969,84.8396224975586,42.7487907409668,150.8356170654297,45.2166748046875,66.82797241210938,462.3483581542969,128.42776489257812,51.702239990234375,97.21066284179688,60.89830017089844,26.81484031677246,26.959096908569336,45.010536193847656,144.0362091064453,51.171630859375,239.1483612060547,362.6414794921875,190.14230346679688,202.7100067138672,185.52371215820312,169.6927947998047,321.4353332519531
2021-12-31,173.44943237304688,323.365966796875,29.28561019897461,81.80906677246094,55.26031494140625,140.57102966308594,39.55339813232422,340.6809387207031,84.29006958007812,42.64213943481445,149.75015258789062,45.71995162963867,66.39482879638672,460.2493896484375,128.1909942626953,52.04244613647461,97.14443969726562,60.98284149169922,26.93173599243164,26.977705001831055,45.4883918762207,144.75299072265625,51.54597091674805,239.91802978515625,367.1263732910156,190.7512664794922,201.32000732421875,186.77781677246094,170.0418701171875,322.2435302734375
2022-01-03,177.78639221191406,321.8564453125,29.992582321166992,82.45634460449219,55.077186584472656,143.544921875,41.05586624145508,352.0622253417969,86.0332260131836,45.08620071411133,150.16162109375,43.86172866821289,66.59407806396484,460.3777160644531,126.6425552368164,54.0411376953125,98.72557830810547,62.326148986816406,28.523365020751953,28.904020309448242,45.4758186340332,144.15126037597656,51.62433624267578,240.37454223632812,361.49139404296875,190.99119567871094,207.86000061035156,185.2460174560547,169.37548828125,329.02874755859375
2022-01-04,175.52999877929688,316.3375244140625,29.165124893188477,83.338134765625,53.72636795043945,148.9866485595703,42.665035247802734,362.8824462890625,89.52812957763672,46.881473541259766,149.75892639160156,42.22029495239258,66.71536254882812,449.9471435546875,123.66412353515625,56.0738410949707,100.52194213867188,65.02975463867188,29.908170700073242,31.062976837158203,44.6427001953125,144.65557861328125,52.486183166503906,240.31185913085938,365.206787109375,201.21424865722656,213.6300048828125,187.2167205810547,172.38223266601562,348.9334716796875
2022-01-05,170.86090087890625,304.1940002441406,27.48631477355957,81.10550689697266,52.87550354003906,146.26284790039062,41.944915771484375,355.0009765625,87.31269836425781,46.4726448059082,150.75686645507812,43.07197570800781,68.33538055419922,448.8380126953125,123.1085205078125,56.7712516784668,101.17591857910156,63.914546966552734,29.908170700073242,29.60196304321289,45.24630355834961,145.31048583984375,52.92146682739258,239.13047790527344,360.25299072265625,202.75511169433594,213.07000732421875,189.06198120117188,170.2163848876953,349.64764404296875
2022-01-06,168.00868225097656,301.790283203125,28.0578670501709,81.29383087158203,53.436893463134766,147.8168182373047,42.78950500488281,353.48712158203125,88.80683135986328,47.66357421875,150.24041748046875,42.460323333740234,68.29206085205078,430.4698181152344,123.09029388427734,58.106563568115234,102.03684997558594,66.31395721435547,30.618558883666992,30.486013412475586,45.12055587768555,144.08929443359375,52.64289093017578,241.36790466308594,358.94366455078125,204.82188415527344,211.33999633789062,188.84698486328125,171.86651611328125,353.6981506347656
2022-01-07,168.1747283935547,301.9442138671875,27.130836486816406,82.39546203613281,53.6211051940918,149.28140258789062,43.722991943359375,354.0035705566406,89.3477783203125,48.67674255371094,152.27127075195312,43.141658782958984,69.56553649902344,420.3416748046875,123.47285461425781,58.582828521728516,103.50208282470703,68.13042449951172,31.499801635742188,30.904783248901367,45.55126190185547,144.00967407226562,52.52101135253906,239.01414489746094,348.195556640625,206.85174560546875,215.5,193.26318359375,173.0723876953125,355.8502502441406
2022-01-10,168.19430541992188,302.165283203125,27.283184051513672,84.06199645996094,54.226341247558594,149.4242706298828,43.500732421875,355.4819030761719,89.41650390625,49.19221115112305,151.5184326171875,43.544281005859375,71.35884857177734,426.2077941894531,123.19960021972656,58.234127044677734,103.56831359863281,68.4599380493164,31.58071517944336,30.132396697998047,45.4632453918457,142.045166015625,52.60806655883789,236.64236450195312,342.75506591796875,204.49893188476562,209.30999755859375,191.21188354492188,167.97134399414062,356.9874267578125
2022-01-11,171.01718139648438,302.8479309082031,27.69840431213379,83.30875396728516,54.70877456665039,149.5760955810547,43.749664306640625,358.937255859375,90.95356750488281,49.82323455810547,149.9077606201172,43.892696380615234,70.75240325927734,429.8740539550781,123.60040283203125,60.68357849121094,105.93587493896484,70.6227798461914,32.80366897583008,32.291351318359375,45.33434295654297,140.3992462158203,52.62547302246094,234.59291076660156,342.0562744140625,202.93959045410156,216.02000427246094,193.7648162841797,167.60638427734375,357.6359558105469
2022-01-12,171.456787109375,306.01123046875,27.879629135131836,83.14868927001953,54.4894905090332,150.42449951171875,43.438507080078125,347.5915832519531,88.48908996582031,50.12540054321289,148.62969970703125,43.86172866821289,70.3452377319336,434.2002868652344,121.79693603515625,60.504981994628906,105.40605926513672,71.30713653564453,32.77668762207031,32.337890625,45.09540939331055,140.708984375,52.703826904296875,233.5189666748047,344.4712829589844,205.2001953125,217.4499969482422,195.5026397705078,167.5666961669922,353.5947570800781
2022-01-13,168.19430541992188,293.0600891113281,26.46169662475586,82.65908813476562,53.945648193359375,150.2368927001953,43.3495979309082,348.02801513671875,88.05976867675781,49.7699089050293,147.72808837890625,43.00230026245117,70.44918823242188,428.4349670410156,118.50634765625,60.07122039794922,104.96732330322266,70.64814758300781,32.524906158447266,31.779542922973633,45.73361587524414,140.0718231201172,53.01723098754883,233.95750427246094,342.3305358886719,209.44444274902344,223.89999389648438,196.5596160888672,166.97171020507812,357.4855041503906
2022-01-14,169.05384826660156,298.2521057128906,26.827136993408203,82.56492614746094,53.822845458984375,141.0028533935547,42.593910217285156,339.2471008300781,84.90829467773438,51.60072708129883,146.92274475097656,42.54548645019531,70.50117492675781,429.58990478515625,117.1444320678711,61.12583923339844,106.75543212890625,73.28412628173828,33.9996337890625,33.045135498046875,45.60472106933594,141.41688537597656,53.44379425048828,230.64602661132812,329.078857421875,211.23440551757812,225.9600067138672,194.96514892578125,163.8539276123047,356.7054748535156
2022-01-18,165.85972595214844,290.99285888671875,25.79256820678711,80.54999542236328,52.393062591552734,135.09088134765625,41.12698745727539,315.6118469238281,80.72644805908203,50.38314437866211,146.27493286132812,41.895111083984375,70.63980102539062,422.53228759765625,115.69107055664062,62.15495681762695,107.10308837890625,73.93470764160156,33.7568473815918,33.529029846191406,44.80617904663086,138.69134521484375,53.01723098754883,229.54522705078125,324.4080810546875,212.09243774414062,225.00999450683594,191.32830810546875,163.10025024414062,360.7935485839844
2022-01-19,162.37257385253906,291.64666748046875,24.960132598876953,78.50682830810547,51.665016174316406,133.0011444091797,41.287025451660156,309.3067932128906,82.20342254638672,49.38774490356445,145.81973266601562,41.45378494262695,70.42321014404297,423.9346008300781,115.21576690673828,62.18048095703125,106.71401977539062,73.74038696289062,33.361183166503906,33.34292221069336,45.252601623535156,143.35479736328125,53.104278564453125,228.4175262451172,318.1893005371094,205.50978088378906,217.0800018310547,188.76641845703125,161.6484832763672,353.2658996582031
2022-01-20,160.69248962402344,289.98333740234375,24.047035217285156,77.8853988647461,50.94574737548828,131.86700439453125,40.673583984375,310.0013732910156,85.72409057617188,48.88116455078125,144.65550231933594,41.84865188598633,69.95539855957031,424.3746032714844,113.99095916748047,62.316558837890625,106.33322143554688,72.3463363647461,33.316219329833984,32.52400207519531,44.39748001098633,144.12884521484375,52.88664245605469,226.54702758789062,309.24566650390625,200.8462677001953,214.19000244140625,187.14505004882812,160.4822998046875,344.8829650878906
2022-01-21,158.64120483398438,284.62786865234375,23.27434730529785,77.41462707519531,49.717716217041016,129.56292724609375,39.93568801879883,306.2699890136719,84.89116668701172,47.69911575317383,144.32284545898438,40.873085021972656,69.288330078125,422.6972961425781,115.01468658447266,61.38100051879883,105.05838775634766,69.88776397705078,32.69575881958008,31.40730094909668,44.07366180419922,144.68043518066406,52.62547302246094,227.8537139892578,308.8210754394531,198.49130249023438,205.44000244140625,183.7232208251953,160.21255493164062,342.34552001953125
2022-01-24,157.8695526123047,284.9547424316406,23.272354125976562,77.60293579101562,49.91069412231445,129.44683837890625,39.60673522949219,305.806884765625,84.22137451171875,47.388065338134766,142.65965270996094,39.90526580810547,68.29206085205078,423.7054748535156,113.17743682861328,61.90830612182617,105.28189849853516,70.1412124633789,32.91156768798828,31.649248123168945,44.076805114746094,143.50607299804688,52.198890686035156,226.97662353515625,321.8337707519531,198.7138214111328,204.1999969482422,183.1409454345703,161.94200134277344,342.1106262207031
2022-01-25,156.07225036621094,277.3782043457031,22.22882652282715,76.33184051513672,49.21773147583008,130.8578643798828,40.38909149169922,304.1683044433594,85.04572296142578,47.628028869628906,146.73886108398438,40.67953109741211,68.83784484863281,418.72857666015625,112.67472076416016,63.72842025756836,109.76039123535156,73.59676361083984,34.88087844848633,34.21767807006836,43.117919921875,141.94020080566406,52.07700729370117,224.35433959960938,317.5611877441406,198.69529724121094,204.10000610351562,181.2150421142578,160.20465087890625,346.0483093261719
2022-01-26,155.98434448242188,285.28167724609375,22.674911499023438,74.9383544921875,48.533538818359375,132.0991668701172,40.80693817138672,305.17462158203125,86.01605224609375,48.11682891845703,147.39541625976562,41.043426513671875,68.56061553955078,420.185791015625,109.74976348876953,63.08199691772461,109.84317016601562,73.55449676513672,35.78908157348633,34.48754119873047,42.67779541015625,140.70359802246094,51.885494232177734,223.6114959716797,316.0572814941406,198.67672729492188,194.27000427246094,179.73699951171875,157.87222290039062,349.82623291015625
2022-01-27,155.52523803710938,288.29107666015625,21.850444793701172,75.11722564697266,47.9107551574707,129.76834106445312,40.42465591430664,303.70526123046875,86.85759735107422,47.779109954833984,149.3300323486328,41.63633728027344,69.80812072753906,423.0914001464844,110.08798217773438,63.88998031616211,112.06172943115234,75.75117492675781,34.943817138671875,34.67365646362305,42.706085205078125,141.57545471191406,51.929019927978516,222.61805725097656,315.3052978515625,196.71121215820312,189.75,179.73699951171875,154.5640411376953,353.3222351074219
2022-01-28,166.37744140625,296.38677978515625,22.742626190185547,75.77632904052734,48.779151916503906,130.92929077148438,40.7802734375,309.03070068359375,88.02490997314453,48.161277770996094,150.38046264648438,42.38527297973633,70.08534240722656,427.17938232421875,114.575927734375,64.02606964111328,108.12133026123047,75.37943267822266,35.681182861328125,34.962135314941406,43.234249114990234,142.7943115234375,52.96499252319336,229.1961669921875,324.2489013671875,186.50340270996094,190.57000732421875,180.9373321533203,157.2772216796875,351.282958984375
2022-01-31,170.7241973876953,299.0020751953125,24.381607055664062,76.41658020019531,48.83177947998047,132.7064666748047,41.020301818847656,315.8611755371094,88.6647720336914,47.814659118652344,150.81813049316406,41.1058349609375,70.58782958984375,433.1462707519531,116.50459289550781,64.60442352294922,108.71733093261719,74.87252044677734,35.13265609741211,35.05520248413086,43.95418167114258,142.74984741210938,53.112979888916016,232.2033233642578,324.6380920410156,186.87428283691406,200.24000549316406,183.1678009033203,160.41880798339844,353.7357177734375
2022-02-01,170.55809020996094,296.8675231933594,24.532958984375,76.3035888671875,48.56863021850586,134.9837188720703,41.73154067993164,324.2145690917969,89.88397216796875,49.414405822753906,149.58383178710938,41.402286529541016,70.968994140625,429.3333435058594,116.26692199707031,68.74639129638672,111.58158111572266,77.33952331542969,35.53731155395508,36.56275177001953,44.30001449584961,142.11813354492188,52.72123718261719,231.7916259765625,326.15960693359375,190.38812255859375,208.33999633789062,183.93820190429688,183.01278686523438,355.1266784667969
2022-02-02,171.75955200195312,301.386474609375,25.134382247924805,77.67826843261719,49.27035903930664,133.90313720703125,41.68709182739258,323.32403564453125,89.85802459716797,49.70768356323242,151.23834228515625,42.01860046386719,71.04696655273438,439.7547302246094,118.86279296875,68.5677719116211,112.09481811523438,77.90558624267578,35.29452133178711,36.869850158691406,44.28115463256836,144.6626434326172,53.260990142822266,234.73606872558594,330.6092834472656,190.0080108642578,207.52000427246094,185.91783142089844,184.13934326171875,351.93133544921875
2022-02-03,168.88778686523438,289.64678955078125,23.84589958190918,77.15098571777344,48.41950225830078,132.7957305908203,41.278133392333984,319.6015625,88.44859313964844,49.25239181518555,151.22955322265625,41.644142150878906,68.44800567626953,447.9947509765625,118.92680358886719,67.76829528808594,111.09317016601562,76.7734603881836,34.69203567504883,37.22346496582031,44.325172424316406,146.0327911376953,53.635318756103516,233.26834106445312,322.7184143066406,185.9749298095703,206.38999938964844,171.75567626953125,181.4261474609375,348.5574645996094
2022-02-04,168.60415649414062,294.1560974121094,24.21531867980957,77.3110580444336,48.375640869140625,136.24290466308594,42.922855377197266,327.3672180175781,90.0223159790039,50.2879638671875,150.24041748046875,41.347679138183594,68.05815124511719,442.8619689941406,118.56118774414062,69.23966979980469,112.48391723632812,77.61836242675781,34.629085540771484,37.96792984008789,43.803279876708984,143.710693359375,53.069461822509766,232.74925231933594,318.1715393066406,183.9537811279297,206.4499969482422,171.54067993164062,178.33216857910156,347.2418212890625
2022-02-07,167.89022827148438,289.3583679199219,24.62257194519043,76.0211181640625,48.3931884765625,136.69837951660156,43.12732696533203,327.85699462890625,90.94752502441406,51.18070983886719,149.74139404296875,41.511505126953125,67.20915985107422,443.3478088378906,117.04386901855469,70.07316589355469,114.69418334960938,78.5223617553711,36.21172332763672,38.15404510498047,43.37257766723633,142.63418579101562,53.62662124633789,232.56134033203125,316.1192321777344,185.26104736328125,211.9199981689453,172.41851806640625,178.5463409423828,349.78863525390625
2022-02-08,170.99061584472656,292.82928466796875,25.000951766967773,76.06820678710938,48.54231643676758,139.2703399658203,43.90079879760742,329.59356689453125,91.9592056274414,52.44839859008789,150.13536071777344,40.333492279052734,66.62872314453125,452.2476806640625,117.59229278564453,68.26158905029297,112.94750213623047,77.1620864868164,35.08869934082031,36.618587493896484,43.38200759887695,142.31387329101562,53.974849700927734,232.76715087890625,319.7373352050781,186.81861877441406,213.27000427246094,174.28175354003906,178.65744018554688,366.4040222167969
2022-02-09,172.40872192382812,299.22314453125,26.591144561767578,78.5727310180664,49.3756103515625,139.85081481933594,43.81190490722656,333.53875732421875,94.01715850830078,52.725154876708984,150.11781311035156,40.154056549072266,66.29951477050781,456.54644775390625,119.27415466308594,67.93480682373047,114.06501770019531,78.5307846069336,35.53972625732422,37.50263977050781,43.28770065307617,141.9936065673828,53.139102935791016,232.5702667236328,322.3292236328125,188.76559448242188,215.86000061035156,176.12701416015625,178.5542755126953,371.5916748046875
2022-02-10,168.34007263183594,290.7333068847656,25.713895797729492,77.06625366210938,48.130043029785156,139.2703399658203,43.60741424560547,330.0121154785156,93.01412963867188,52.71622848510742,148.30581665039062,39.47533416748047,66.32551574707031,446.11578369140625,116.77880096435547,67.28126525878906,112.61634826660156,77.65213012695312,35.33224868774414,37.85626220703125,42.78153610229492,139.83168029785156,53.435096740722656,229.89427185058594,314.11993408203125,188.2742156982422,218.75,171.7646026611328,175.0715789794922,369.4771423339844
2022-02-11,164.93650817871094,283.6759338378906,23.846895217895508,75.08899688720703,47.27919387817383,137.4574432373047,42.602806091308594,323.32403564453125,90.42007446289062,52.05560302734375,146.8089141845703,39.61576461791992,66.39482879638672,438.2424011230469,114.70390319824219,68.97532653808594,114.909423828125,79.40979766845703,36.64019012451172,39.996612548828125,42.54574203491211,139.0487518310547,52.486183166503906,228.36383056640625,309.873779296875,186.57760620117188,212.3000030517578,167.500732421875,169.3675537109375,369.026123046875
2022-02-14,165.1712646484375,283.6374816894531,24.16353988647461,74.33573913574219,46.64763259887695,136.180419921875,42.15827941894531,320.8126220703125,88.69071197509766,51.644927978515625,144.96189880371094,38.85122299194336,66.24755859375,434.82354736328125,112.22684478759766,67.91761016845703,113.13787841796875,77.7370376586914,35.44950485229492,38.36808395385742,42.11189270019531,139.44912719726562,52.82570266723633,226.77972412109375,310.99725341796875,185.32594299316406,210.0399932861328,167.23199462890625,169.76422119140625,363.9418029785156
2022-02-15,168.99539184570312,288.8968811035156,26.38204574584961,75.1078109741211,47.60374450683594,138.17189025878906,42.48722839355469,324.10772705078125,89.43431854248047,52.118080139160156,146.45877075195312,38.843421936035156,67.40841674804688,438.33404541015625,113.32369232177734,67.0662841796875,112.30973815917969,76.14918518066406,36.162105560302734,37.08387756347656,42.24393844604492,139.52027893066406,53.02593231201172,227.15562438964844,312.5010681152344,188.5894775390625,217.72999572753906,169.77603149414062,172.35836791992188,369.7121276855469
2022-02-16,168.76063537597656,288.5596008300781,26.39797019958496,74.56171417236328,47.586204528808594,138.42193603515625,42.389427185058594,320.6434631347656,87.46285247802734,51.903831481933594,146.37123107910156,38.757591247558594,66.89727783203125,440.0022277832031,113.04949188232422,67.3758773803711,112.34320831298828,76.59921264648438,37.605342864990234,36.89775466918945,41.9798583984375,140.57901000976562,53.01723098754883,226.51119995117188,309.69683837890625,188.8026885986328,218.92999267578125,169.35501098632812,170.8114013671875,367.04315185546875
2022-02-17,165.1712646484375,280.1099853515625,24.402517318725586,71.1156234741211,48.91949462890625,135.23379516601562,40.95807647705078,310.85626220703125,83.13944244384766,50.12728500366211,145.47837829589844,38.14908981323242,66.15225219726562,431.10223388671875,110.2159194946289,67.27266693115234,111.7660140991211,77.40589141845703,37.082176208496094,37.09318161010742,43.66181564331055,142.18934631347656,54.079315185546875,224.5780792236328,307.79498291015625,180.55116271972656,213.5800018310547,165.35089111328125,167.162109375,357.6170654296875
2022-02-18,163.62596130371094,277.4122314453125,23.54120445251465,70.21172332763672,50.182613372802734,135.8678436279297,40.86028289794922,308.1668395996094,82.50820922851562,49.66305923461914,143.91900634765625,37.86043167114258,66.16094207763672,428.78338623046875,106.7516860961914,66.52454376220703,111.60709381103516,76.1067123413086,36.270347595214844,36.81400680541992,43.38200759887695,142.26051330566406,54.444950103759766,224.28273010253906,306.84832763671875,177.96444702148438,209.02999877929688,163.14727783203125,167.29794311523438,346.8753356933594
2022-02-22,160.7113800048828,277.20989990234375,23.29027557373047,69.78804016113281,49.3843879699707,135.62673950195312,40.504676818847656,306.5905456542969,81.92887878417969,49.3505973815918,141.96319580078125,37.080291748046875,65.79705810546875,423.9255065917969,107.40980529785156,65.7505874633789,110.75382995605469,74.57832336425781,35.67501449584961,35.66007614135742,42.897857666015625,140.50784301757812,54.21859359741211,226.1621551513672,279.69049072265625,177.2783660888672,198.74000549316406,163.53245544433594,166.98629760742188,332.4776611328125
2022-02-23,156.55474853515625,270.0320129394531,22.291553497314453,68.2344741821289,47.752864837646484,132.78680419921875,39.811214447021484,303.8477478027344,80.89124298095703,48.16324996948242,142.03367614746094,36.56539535522461,65.7017593383789,421.2765808105469,107.17213439941406,66.01714324951172,113.38885498046875,74.91795349121094,35.846412658691406,36.004398345947266,42.45772171020508,138.75515747070312,53.6179084777832,221.7677764892578,272.8612365722656,173.06915283203125,196.4199981689453,160.30767822265625,163.3983917236328,317.19683837890625
2022-02-24,159.16610717773438,283.8289489746094,23.646757125854492,70.43769836425781,48.007240295410156,129.0896453857422,38.762142181396484,302.9571838378906,79.38668823242188,47.0562629699707,139.32020568847656,35.85545349121094,63.68324279785156,417.8577880859375,108.51581573486328,65.18302917480469,112.80327606201172,74.49339294433594,34.56552505493164,36.218441009521484,42.29423522949219,135.0184783935547,52.67770004272461,219.2976531982422,277.0986328125,171.23342895507812,198.42999267578125,164.23472595214844,165.56390380859375,322.12127685546875
2022-02-25,161.22976684570312,286.44964599609375,24.054012298583984,71.88770294189453,49.15632247924805,132.1438446044922,40.024593353271484,311.80029296875,81.75595092773438,48.30609130859375,146.24481201171875,37.228515625,66.11759948730469,436.0609436035156,111.88865661621094,66.93728637695312,117.42919921875,77.4992904663086,35.584815979003906,36.050933837890625,42.8758430480957,140.7836456298828,54.71481704711914,223.2534942626953,280.1151123046875,173.43072509765625,201.47999572753906,169.837158203125,167.76942443847656,326.08721923828125
2022-02-28,161.4938201904297,287.87554931640625,24.28104019165039,71.5299072265625,48.91949462890625,126.63375854492188,39.29557800292969,303.936767578125,78.46147918701172,47.64546203613281,144.98500061035156,36.62000274658203,66.34284210205078,436.1709899902344,110.25250244140625,67.43604278564453,120.45735168457031,80.54763793945312,35.3953971862793,40.694549560546875,42.492305755615234,138.69287109375,54.183773040771484,220.2836456298828,279.3896789550781,173.91282653808594,205.33999633789062,170.90895080566406,168.14498901367188,338.34210205078125
2022-03-01,159.615966796875,284.1758728027344,23.376907348632812,71.56756591796875,47.9107551574707,121.85594940185547,37.757530212402344,294.00225830078125,75.77230072021484,44.89583206176758,144.48280334472656,35.69163131713867,66.1349105834961,436.5192565917969,108.01306915283203,68.08100891113281,125.2421875,82.33078002929688,33.979209899902344,43.54214859008789,42.753238677978516,136.39747619628906,53.9487190246582,215.6577911376953,283.29974365234375,169.50894165039062,194.91000366210938,165.36964416503906,164.27737426757812,337.0544738769531
2022-03-02,162.90220642089844,289.22442626953125,24.120845794677734,73.70490264892578,49.25282287597656,124.3832778930664,38.370967864990234,301.3299865722656,76.42080688476562,46.61882019042969,146.28005981445312,37.21290969848633,66.42080688476562,444.88763427734375,110.01485443115234,69.2505111694336,128.93954467773438,83.24784088134766,35.3953971862793,45.01247024536133,42.80669021606445,136.8245391845703,54.349185943603516,216.83676147460938,289.5982360839844,178.5763702392578,197.80999755859375,167.9276580810547,168.97605895996094,353.34112548828125
2022-03-03,162.57943725585938,285.11041259765625,23.61692237854004,73.67666625976562,49.18263626098633,123.49916076660156,37.96001052856445,298.6783142089844,75.90200805664062,45.743934631347656,148.4296875,37.314327239990234,66.83665466308594,445.9966735839844,110.5724105834961,69.68907928466797,130.67947387695312,82.712890625,34.745933532714844,44.43552017211914,43.790714263916016,137.33163452148438,54.384002685546875,212.97592163085938,286.935546875,180.6531982421875,188.85000610351562,168.90040588378906,169.75115966796875,358.932861328125
2022-03-04,159.586669921875,279.27178955078125,22.84210777282715,72.0195083618164,49.5685920715332,120.02523803710938,36.58420181274414,295.31915283203125,74.67416381835938,43.55672836303711,149.31063842773438,37.95404815673828,67.42574310302734,457.0505676269531,110.97457885742188,72.31187438964844,132.7122344970703,85.14137268066406,35.124778747558594,52.25244140625,44.90049362182617,138.0255889892578,54.471065521240234,212.2199249267578,286.84710693359375,181.40415954589844,180.83999633789062,168.81935119628906,168.1210174560547,366.5826721191406
2022-03-07,155.8016357421875,268.7217102050781,21.26458740234375,69.97635650634766,48.76160430908203,115.39031219482422,34.25246047973633,288.3498229980469,72.15792083740234,40.8963623046875,151.7157745361328,37.43135452270508,67.339111328125,446.25335693359375,108.64375305175781,74.91748809814453,135.54795837402344,85.99049377441406,37.97517395019531,51.535888671875,44.538944244384766,135.9793243408203,53.173927307128906,201.8883819580078,285.5289611816406,182.3683624267578,169.1699981689453,164.07264709472656,160.76133728027344,346.7813415527344
2022-03-08,153.98248291015625,265.7735290527344,21.425928115844727,69.0442123413086,47.7177848815918,114.57764434814453,34.47580337524414,287.8839111328125,72.03688049316406,41.47664260864258,148.64111328125,37.01008605957031,66.66337585449219,433.9619445800781,106.13014221191406,75.48503112792969,142.64991760253906,83.89317321777344,40.6632080078125,50.81002426147461,43.617801666259766,130.5967254638672,51.06715774536133,200.50242614746094,280.1946716308594,194.69931030273438,173.8000030517578,165.0453643798828,162.5433349609375,342.9564208984375
2022-03-09,159.37147521972656,277.96148681640625,22.91978645324707,71.65230560302734,49.05105972290039,119.16789245605469,36.66460037231445,298.8306579589844,75.57344055175781,43.88703536987305,149.2049560546875,38.03206253051758,67.39109802246094,445.0617980957031,108.21414184570312,71.1939697265625,139.08644104003906,81.6939468383789,38.39011001586914,53.63644027709961,43.84416198730469,132.3583221435547,51.32832336425781,200.21449279785156,282.29498291015625,194.495361328125,178.55999755859375,166.99087524414062,165.23629760742188,346.649658203125
2022-03-10,155.0387420654297,275.1577453613281,22.565244674682617,72.17015838623047,47.98969268798828,117.75688171386719,36.33405303955078,295.525146484375,74.24182891845703,43.75312042236328,149.4692840576172,38.38313674926758,67.47773742675781,450.4420166015625,106.94363403320312,73.40401458740234,142.89256286621094,84.67435455322266,39.14781188964844,54.2241096496582,44.84075164794922,128.95082092285156,50.38813018798828,199.7914581298828,282.9535827636719,196.35888671875,178.38999938964844,166.05419921875,165.55592346191406,355.3804016113281
2022-03-11,151.33201599121094,269.83935546875,22.0095272064209,73.27178955078125,47.9721565246582,115.10455322265625,36.03030014038086,292.9273376464844,73.65383911132812,43.27104949951172,149.1961669921875,39.21788787841797,67.79825592041016,443.8966979980469,104.21978759765625,73.02562713623047,142.95945739746094,83.56201171875,38.69679641723633,54.05620574951172,44.66470718383789,127.42062377929688,50.422950744628906,204.17428588867188,281.9302062988281,199.17739868164062,176.22999572753906,164.14466857910156,162.93492126464844,366.0281677246094
2022-03-14,147.31224060058594,266.3418884277344,21.242679595947266,72.56563568115234,47.630062103271484,116.24764251708984,36.80754852294922,291.11785888671875,73.25609588623047,44.51194763183594,151.25765991210938,40.762577056884766,67.9818115234375,448.53912353515625,105.59085083007812,70.41141510009766,139.46282958984375,81.98265075683594,37.479068756103516,51.85478210449219,45.28717803955078,129.0487060546875,51.35280990600586,203.5532989501953,283.3274230957031,199.74298095703125,175.52000427246094,165.00936889648438,163.25453186035156,370.1445007324219
2022-03-15,151.68408203125,276.6607666015625,22.878955841064453,75.88929748535156,48.77037811279297,118.31058502197266,37.07555389404297,294.8621520996094,74.64823150634766,44.735130310058594,155.17808532714844,40.731353759765625,68.73346710205078,457.72283935546875,107.38238525390625,66.4041519165039,132.4027099609375,80.70896911621094,35.41342544555664,50.86600112915039,45.83106994628906,133.69288635253906,52.30021286010742,209.30406188964844,292.3871765136719,200.68862915039062,179.88999938964844,169.14358520507812,168.23289489746094,365.0790100097656
2022-03-16,156.08526611328125,283.63629150390625,24.39571762084961,75.28671264648438,48.95458221435547,123.5973892211914,38.236961364746094,305.25360107421875,79.34347534179688,46.06532287597656,153.7508544921875,41.28526306152344,68.27897644042969,458.0445861816406,109.21046447753906,66.15475463867188,131.9259033203125,80.51365661621094,34.168643951416016,49.429473876953125,45.695884704589844,133.2390899658203,52.159854888916016,214.3168487548828,294.4964294433594,200.33631896972656,188.99000549316406,172.06185913085938,174.1221923828125,364.8251953125
2022-03-17,157.0926513671875,284.4359436035156,24.664621353149414,75.88929748535156,49.27035903930664,125.16023254394531,38.44244384765625,307.50201416015625,81.15929412841797,45.958194732666016,155.75958251953125,42.3150634765625,68.99569702148438,466.09747314453125,110.78263092041016,67.91761016845703,134.20957946777344,83.91865539550781,35.63893127441406,54.1121711730957,45.765316009521484,133.65725708007812,52.71250915527344,213.71388244628906,299.3465881347656,205.54681396484375,190.19000244140625,172.87252807617188,177.65419006347656,381.6944580078125
2022-03-18,160.37881469726562,289.4556579589844,26.34470558166504,76.90617370605469,49.09492874145508,125.11555480957031,38.326297760009766,309.39215087890625,81.98938751220703,45.904624938964844,154.03280639648438,42.52569580078125,69.14427947998047,465.2701416015625,111.9251937866211,67.65103912353516,135.2886505126953,84.57246398925781,35.83738327026367,52.46110153198242,45.90102767944336,133.5860595703125,52.72128677368164,215.01882934570312,303.2446594238281,204.81443786621094,192.8300018310547,175.385498046875,175.6244659423828,388.2729187011719
2022-03-21,161.74815368652344,288.2319641113281,26.624557495117188,76.228271484375,49.121253967285156,124.71371459960938,38.27269744873047,303.6769714355469,80.07845306396484,45.65465545654297,154.9049835205078,42.27605056762695,69.10057067871094,466.6858825683594,111.29451751708984,70.68660736083984,137.722900390625,87.25569152832031,37.154335021972656,56.86396026611328,45.5191535949707,134.09320068359375,53.14234924316406,211.7789306640625,293.1258239746094,207.41041564941406,185.89999389648438,173.8542938232422,174.64959716796875,396.8625793457031
2022-03-22,165.11260986328125,292.95306396484375,26.415420532226562,77.01920318603516,49.27035903930664,127.36602783203125,39.4698371887207,307.26910400390625,81.47059631347656,47.6633186340332,154.17372131347656,41.37888717651367,69.31031799316406,464.53472900390625,111.413330078125,70.37702941894531,137.26283264160156,86.4150619506836,37.16335678100586,55.632652282714844,45.38344192504883,135.12527465820312,53.3353385925293,214.29884338378906,293.4462890625,206.48324584960938,191.0399932861328,175.6647186279297,174.53768920898438,401.80584716796875
2022-03-23,166.47206115722656,288.5500183105469,25.529064178466797,75.69158172607422,47.7879524230957,124.82979583740234,38.49604034423828,300.6401062011719,79.8795394897461,45.636802673339844,153.59228515625,40.71575927734375,69.6861572265625,462.61346435546875,106.8705062866211,71.48634338378906,138.74342346191406,88.6227798461914,38.25480270385742,55.81920623779297,44.79957962036133,134.1821746826172,52.98444747924805,212.49896240234375,282.1614685058594,205.98260498046875,186.0399932861328,173.24180603027344,171.46917724609375,405.5367431640625
2022-03-24,170.2472686767578,292.9916076660156,28.034757614135742,77.43346405029297,47.80549240112305,125.6424789428711,38.47817611694336,301.19561767578125,79.66338348388672,45.82427978515625,154.3852081298828,41.0278205871582,70.28048706054688,472.0177307128906,107.69315338134766,71.7013168334961,139.1114959716797,88.76713562011719,38.46226501464844,53.86964416503906,45.077308654785156,134.4134979248047,53.49324035644531,216.22479248046875,281.03131103515625,206.0196990966797,189.0500030517578,175.35845947265625,171.53314208984375,406.1946716308594
2022-03-25,170.8829803466797,292.5869140625,27.578636169433594,76.9532470703125,48.2177734375,126.74093627929688,39.067806243896484,302.3243408203125,79.8795394897461,46.92235565185547,155.865234375,41.17605209350586,71.09333801269531,471.62249755859375,108.72603607177734,73.26640319824219,141.62937927246094,91.28052520751953,39.4003791809082,54.76513671875,45.272979736328125,135.97044372558594,53.975704193115234,217.41273498535156,276.4925231933594,207.08590698242188,188.9499969482422,178.1506805419922,172.0845184326172,410.1699523925781
2022-03-28,171.74365234375,299.3504943847656,28.103477478027344,78.7139663696289,48.36687469482422,125.80323028564453,38.90699768066406,300.36248779296875,78.91976165771484,46.25278854370117,156.66696166992188,41.56611633300781,70.9797134399414,471.7786865234375,109.6766357421875,71.21117401123047,139.1533203125,87.88404846191406,37.64142608642578,52.83422088623047,46.07776641845703,136.9046173095703,54.31783676147461,218.6366729736328,279.6964111328125,205.6859588623047,188.16000366210938,177.53819274902344,175.44068908691406,406.5611572265625
2022-03-29,175.02989196777344,303.888427734375,28.538694381713867,79.36363983154297,48.83177947998047,126.08006286621094,38.80873107910156,304.2681884765625,79.41262817382812,46.06532287597656,156.5876922607422,41.14484786987305,71.29436492919922,469.5080261230469,109.85945892333984,70.83280181884766,137.45521545410156,85.49800872802734,38.45325469970703,52.974143981933594,46.46596145629883,138.31033325195312,54.52836227416992,223.34352111816406,282.74896240234375,204.9349365234375,193.8000030517578,177.9254608154297,177.75804138183594,388.05682373046875
2022-03-30,173.8660125732422,302.3951110839844,27.576648712158203,78.48800659179688,49.16510009765625,125.50852966308594,38.41564178466797,300.6221923828125,78.05508422851562,44.735130310058594,158.2174835205078,40.910797119140625,72.01981353759766,478.78369140625,110.0331039428711,72.04530334472656,138.42559814453125,86.10267639160156,38.074405670166016,53.6177864074707,47.29914093017578,137.3583984375,54.57222366333008,224.117431640625,274.51678466796875,206.82630920410156,194.91000366210938,177.02476501464844,175.9600830078125,391.5239562988281
2022-03-31,170.77542114257812,297.04779052734375,27.174297332763672,77.89481353759766,48.91072082519531,121.73988342285156,36.82542037963867,295.704345703125,75.57344055175781,43.262115478515625,156.13836669921875,40.38810348510742,71.71389770507812,468.8094177246094,108.18673706054688,71.02198028564453,136.20880126953125,85.16587829589844,37.2625732421875,52.927513122558594,46.99932098388672,135.94374084472656,54.38801574707031,222.54248046875,266.3914794921875,206.58529663085938,191.5,175.25936889648438,171.37332153320312,391.4391784667969
2022-04-01,170.48202514648438,298.1173400878906,26.602649688720703,77.21692657470703,48.8230094909668,120.83789825439453,36.539527893066406,295.8118591308594,75.21891784667969,43.48530578613281,156.9840850830078,40.232078552246094,72.99872589111328,471.218017578125,108.3878402709961,71.47774505615234,137.37156677246094,85.65982055664062,37.605342864990234,54.20545196533203,47.658931732177734,137.9811248779297,55.15120315551758,224.3154296875,268.6697692871094,203.75750732421875,190.75999450683594,176.56541442871094,165.1244354248047,392.70166015625
2022-04-04,174.5213165283203,303.4645080566406,27.24799346923828,79.15650939941406,49.00720977783203,121.37373352050781,36.47699737548828,294.0111389160156,75.46967315673828,43.262115478515625,155.4688262939453,39.74058532714844,72.97249603271484,468.85540771484375,108.66204833984375,71.51214599609375,137.49705505371094,85.63428497314453,37.479068756103516,53.90695571899414,47.66839599609375,137.08255004882812,54.861717224121094,222.1375274658203,271.9537353515625,204.72169494628906,191.17999267578125,176.6014404296875,163.98171997070312,393.314208984375
2022-04-05,171.21554565429688,299.52398681640625,25.82484245300293,78.0925521850586,48.50381088256836,119.96125793457031,35.86055374145508,290.20404052734375,73.74029541015625,42.95858383178711,156.47317504882812,39.97462463378906,73.17352294921875,475.9706115722656,109.21046447753906,71.14238739013672,136.6521759033203,83.50513458251953,36.4958610534668,51.97603988647461,47.80409622192383,137.56297302246094,54.8003044128418,223.64944458007812,271.3128967285156,200.2806854248047,182.64999389648438,174.40370178222656,157.58897399902344,389.7904357910156
2022-04-06,168.0564422607422,288.5596008300781,24.30708122253418,77.32048034667969,48.01805114746094,118.296875,35.467464447021484,283.3063659667969,71.88123321533203,42.753257751464844,160.54331970214844,41.24626541137695,74.26607513427734,488.8314514160156,109.63095092773438,71.93352508544922,137.86509704589844,83.07078552246094,36.784507751464844,52.33050537109375,48.915016174316406,139.52919006347656,55.35295867919922,226.30435180664062,265.6883544921875,200.45689392089844,178.72000122070312,174.3947296142578,155.33554077148438,387.47265625
2022-04-07,168.3596649169922,290.361328125,24.108898162841797,77.07472229003906,48.24768829345703,117.93700408935547,35.19051742553711,281.416259765625,71.88123321533203,42.619346618652344,160.12925720214844,43.03279495239258,75.86553955078125,493.61181640625,112.76612854003906,73.13743591308594,139.7807159423828,85.1318130493164,36.95589065551758,53.804344177246094,49.40420150756836,141.33522033691406,55.65121841430664,228.9142303466797,269.43511962890625,200.16944885253906,177.97000122070312,173.5660400390625,153.98507690429688,385.7861328125
2022-04-08,166.35470581054688,286.1221008300781,23.02435874938965,76.50755310058594,47.938568115234375,120.09620666503906,35.440650939941406,287.90191650390625,72.68539428710938,43.503150939941406,160.4464111328125,43.040592193603516,76.6346664428711,501.8946533203125,112.65643310546875,74.67671966552734,142.14801025390625,87.76342010498047,38.3810920715332,57.64751052856445,49.67876434326172,142.4384765625,55.99333953857422,226.30435180664062,276.8752136230469,201.2170867919922,175.1999969482422,171.27825927734375,152.6026611328125,394.1150207519531
2022-04-11,162.11000061035156,274.8398132324219,21.82727813720703,75.3921890258789,46.70212936401367,119.65534973144531,35.36918640136719,287.3375549316406,72.65081024169922,44.03880310058594,158.43777465820312,42.073219299316406,75.71694946289062,494.0622863769531,109.72234344482422,72.10549926757812,138.49246215820312,83.44550323486328,37.28062438964844,54.028221130371094,48.694095611572266,141.895751953125,55.97578430175781,225.3953857421875,272.96826171875,200.30850219726562,175.02999877929688,170.47665405273438,152.4987335205078,394.3129577636719
2022-04-12,163.97802734375,271.7567138671875,21.41596794128418,74.98573303222656,45.76596450805664,118.34188079833984,34.993961334228516,286.4596252441406,72.5729751586914,43.226409912109375,158.4906005859375,41.43349075317383,74.84292602539062,490.6334228515625,108.21414184570312,73.61038970947266,141.37844848632812,85.16587829589844,37.46101760864258,55.1662483215332,48.359561920166016,141.46868896484375,56.633705139160156,224.24343872070312,272.5856018066406,200.91119384765625,176.27999877929688,172.02584838867188,150.1414337158203,395.46234130859375
2022-04-13,166.65786743164062,277.11358642578125,22.11210823059082,75.38273620605469,46.05741500854492,114.52729797363281,34.6812744140625,288.42144775390625,72.74591064453125,43.33354187011719,159.1602020263672,41.425697326660156,75.27993774414062,493.6577453613281,109.6457748413086,74.65089416503906,143.60354614257812,85.36174774169922,38.399131774902344,55.61399459838867,49.61881637573242,141.86903381347656,56.782833099365234,226.18736267089844,276.2610778808594,202.36676025390625,182.8699951171875,175.50257873535156,150.92454528808594,402.5852355957031
2022-04-14,161.66009521484375,269.6081237792969,21.17097282409668,75.09915161132812,45.19190216064453,113.46568298339844,33.56454849243164,288.1258544921875,73.29066467285156,41.378440856933594,158.4906005859375,41.4412956237793,75.961669921875,491.6537780761719,108.00310516357422,75.52804565429688,143.53662109375,86.33264923095703,39.01250457763672,55.352806091308594,49.57462692260742,141.0771942138672,57.037227630615234,225.4493865966797,271.0103454589844,211.21168518066406,181.94000244140625,175.80880737304688,150.24530029296875,411.4983215332031
2022-04-18,161.4449462890625,270.2729187011719,21.693824768066406,73.93651580810547,45.138916015625,115.5708999633789,34.70808029174805,295.50726318359375,74.7779312133789,42.11048126220703,156.51718139648438,40.442710876464844,75.22749328613281,490.97344970703125,106.71832275390625,76.14720153808594,145.46063232421875,88.12112426757812,39.4003791809082,57.246402740478516,49.195899963378906,139.7338104248047,56.52845001220703,225.94435119628906,267.17462158203125,213.1679229736328,179.85000610351562,172.99862670898438,149.55813598632812,413.0999450683594
2022-04-19,163.72372436523438,274.8783264160156,22.10713005065918,75.2031478881836,45.774803161621094,117.96399688720703,35.351322174072266,300.9447326660156,76.87911224365234,42.69970703125,161.29217529296875,39.14767837524414,74.98277282714844,494.3013000488281,110.10460662841797,75.46784210205078,143.7373809814453,86.49444580078125,39.17486572265625,56.32292175292969,49.75450897216797,141.82456970214844,57.081092834472656,229.85018920898438,273.929443359375,215.24472045898438,185.97999572753906,177.61924743652344,152.37890625,412.50640869140625
2022-04-20,163.55746459960938,275.8995666503906,21.394060134887695,75.8931655883789,46.82577133178711,118.37783813476562,35.431732177734375,305.5223083496094,78.34907531738281,43.43174362182617,162.0057830810547,38.81220626831055,75.56836700439453,501.9405517578125,112.54566955566406,75.63983154296875,144.32296752929688,87.43978118896484,38.498355865478516,57.339683532714844,50.3794059753418,145.5968017578125,57.8618278503418,230.2552032470703,280.4617004394531,217.95199584960938,183.5500030517578,176.84461975097656,152.17111206054688,412.1012268066406
2022-04-21,162.7653045654297,270.5523376464844,20.100374221801758,75.12750244140625,46.61381149291992,117.46017456054688,34.76168441772461,299.4666442871094,76.87911224365234,42.65505599975586,161.53883361816406,38.31291961669922,75.36732482910156,494.0622863769531,113.21558380126953,74.840087890625,137.67269897460938,84.03315734863281,36.66724395751953,55.22221755981445,50.45515441894531,145.48321533203125,58.08113479614258,229.71517944335938,276.2076110839844,215.6248321533203,181.02000427246094,176.4843292236328,150.8685760498047,399.8246765136719
2022-04-22,158.23696899414062,264.0199890136719,19.43511199951172,72.0365982055664,45.359703063964844,114.0864486694336,33.55561065673828,286.4507141113281,73.27338409423828,41.3695182800293,159.9354248046875,37.54838180541992,73.93392181396484,478.8939514160156,109.7926025390625,73.20622253417969,134.6361846923828,81.76773834228516,37.56926727294922,52.81556701660156,49.50518798828125,144.26646423339844,57.23899459838867,225.1434326171875,267.08563232421875,201.50201416015625,176.9199981689453,171.70159912109375,149.55010986328125,380.2366638183594
2022-04-25,159.3030548095703,270.46563720703125,19.820526123046875,72.7644271850586,45.8719482421875,114.05044555664062,33.31440353393555,287.9286804199219,73.54141235351562,40.914222717285156,163.87350463867188,38.188087463378906,74.67686462402344,481.9552307128906,110.13214111328125,70.73819732666016,131.74185180664062,78.06304168701172,34.8992805480957,51.22978591918945,49.53043746948242,145.42953491210938,57.84428024291992,227.58229064941406,271.3841552734375,201.87469482421875,175.91000366210938,172.77340698242188,151.53985595703125,363.2208251953125
2022-04-26,153.35655212402344,260.3491516113281,18.711084365844727,70.4296875,44.95345687866211,110.67668914794922,32.56395721435547,280.49359130859375,71.22408294677734,39.79829788208008,162.70176696777344,38.250511169433594,73.83779907226562,472.31195068359375,107.34233856201172,70.76399993896484,130.93882751464844,77.77346801757812,35.66600799560547,51.13650894165039,49.01285171508789,142.96022033691406,57.06355285644531,223.7124481201172,266.9521484375,195.9125213623047,167.0399932861328,169.03549194335938,146.27383422851562,359.6970520019531
2022-04-27,153.13162231445312,272.874267578125,18.339614868164062,70.6659927368164,43.54920959472656,109.23724365234375,32.38527297973633,280.5921325683594,71.08570861816406,39.79829788208008,160.42881774902344,38.80440902709961,73.776611328125,472.3394470214844,107.11293029785156,72.78485107421875,130.6962127685547,79.25537109375,36.03583526611328,51.85478210449219,48.67831802368164,142.5755157470703,57.510921478271484,222.41653442382812,268.4117431640625,199.32211303710938,154.4600067138672,167.84658813476562,148.9507598876953,363.2396240234375
2022-04-28,160.04635620117188,279.05010986328125,19.70101547241211,71.9704360961914,44.714996337890625,110.964599609375,32.88557052612305,285.23236083984375,72.73401641845703,40.32500457763672,161.626953125,39.40512466430664,77.42131042480469,482.0931396484375,108.29674530029297,74.98627471923828,135.3388214111328,83.07930755615234,36.180152893066406,53.19801330566406,49.300052642822266,146.19894409179688,58.06358337402344,228.76126098632812,277.45367431640625,197.90611267089844,154.22000122070312,171.06211853027344,151.9553680419922,362.5707092285156
2022-04-29,154.18785095214844,267.3825378417969,18.4710750579834,69.3804702758789,43.25775909423828,107.38394927978516,31.876047134399414,273.6585998535156,70.28337860107422,38.950191497802734,158.98399353027344,38.28171157836914,77.51742553710938,467.50396728515625,104.15796661376953,73.30941009521484,131.05589294433594,81.35042572021484,35.18793487548828,51.38837432861328,48.283809661865234,143.6402130126953,56.67757034301758,224.23443603515625,267.34368896484375,196.1360626220703,148.83999633789062,174.29562377929688,143.82061767578125,355.7210388183594
2022-05-02,154.49107360839844,274.07861328125,19.453039169311523,69.94761657714844,44.034942626953125,108.36455535888672,32.28700637817383,278.07501220703125,71.4781723022461,38.98590087890625,157.38055419921875,37.71220779418945,76.60844421386719,460.7012634277344,103.5431137084961,74.30693054199219,133.63238525390625,81.69110107421875,35.27812576293945,54.38268280029297,47.96505355834961,141.69871520996094,55.65121841430664,221.9665069580078,273.19073486328125,197.56141662597656,148.61000061035156,177.32199096679688,142.70188903808594,359.1883239746094
2022-05-03,155.97767639160156,271.48681640625,19.521753311157227,69.2764892578125,44.08794021606445,110.68572235107422,33.17146301269531,281.87310791015625,73.03923034667969,39.423343658447266,157.07223510742188,38.453346252441406,76.12773132324219,459.2947998046875,103.17603302001953,75.83761596679688,135.9243927001953,84.25459289550781,36.21623611450195,55.25953674316406,48.1323356628418,139.7572784423828,55.33540725708008,221.2735595703125,271.4019470214844,199.00534057617188,153.5800018310547,177.47511291503906,142.33432006835938,366.92352294921875
2022-05-04,162.3740997314453,279.3874206542969,20.250755310058594,71.09133911132812,45.55400085449219,114.34734344482422,34.50260925292969,290.33843994140625,76.06547546386719,41.04812240600586,158.7548828125,38.74199295043945,77.36885833740234,466.64910888671875,106.1768798828125,78.8559799194336,140.1905975341797,88.45326232910156,38.42618179321289,57.43296813964844,48.798240661621094,140.78616333007812,57.04600524902344,228.87826538085938,280.6130065917969,207.36170959472656,156.97000122070312,185.41030883789062,146.87313842773438,373.4340515136719
2022-05-05,153.32720947265625,267.2187805175781,18.76685905456543,68.8133316040039,43.81415939331055,111.4864273071289,33.53774642944336,280.4487609863281,74.07707977294922,40.17743682861328,155.72427368164062,37.79801940917969,76.92310333251953,454.7902526855469,103.70829772949219,77.66067504882812,139.07801818847656,87.60160827636719,37.95713424682617,58.104591369628906,48.38013458251953,138.1916046142578,56.589847564697266,224.01846313476562,266.1957092285156,201.1573486328125,150.47000122070312,178.22271728515625,143.66876220703125,360.8937072753906
2022-05-06,154.05201721191406,264.6944274902344,18.598552703857422,68.52029418945312,43.56686782836914,111.30648803710938,33.45734786987305,280.3502197265625,73.45787811279297,39.988929748535156,155.38072204589844,38.25830841064453,77.25524139404297,459.2947998046875,103.0291976928711,78.84737396240234,142.78378295898438,91.71514129638672,38.81406021118164,60.576534271240234,47.37287521362305,139.56936645507812,56.79161071777344,225.6923828125,261.9239196777344,199.96487426757812,148.89999389648438,176.0249786376953,143.77267456054688,355.63623046875
2022-05-09,148.9391326904297,254.91519165039062,16.880617141723633,67.62232971191406,43.24009704589844,109.63313293457031,32.49248123168945,276.7043762207031,70.77177429199219,39.45934295654297,156.2264862060547,37.94624710083008,76.59970092773438,447.1602478027344,98.55085754394531,72.63005065917969,133.21409606933594,82.78120422363281,34.312965393066406,53.95359420776367,47.92719268798828,139.22047424316406,56.67757034301758,222.73150634765625,264.3445739746094,192.17686462402344,133.30999755859375,174.7009735107422,144.97927856445312,343.4538879394531
2022-05-10,151.33883666992188,259.6554870605469,17.52297019958496,68.55809020996094,43.76116180419922,106.96111297607422,31.947521209716797,273.2734680175781,69.9955825805664,38.66944122314453,156.01502990722656,38.609375,76.74829864501953,448.6217956542969,97.96353149414062,73.11160278320312,134.49398803710938,83.46255493164062,34.17766571044922,55.41809844970703,47.25251388549805,138.4868621826172,56.151241302490234,221.10256958007812,259.12054443359375,189.1026153564453,132.9499969482422,175.4304962158203,145.44276428222656,343.6611022949219
2022-05-11,143.49325561523438,251.03240966796875,16.561914443969727,67.1402587890625,42.966312408447266,106.2863540649414,31.777772903442383,270.12921142578125,68.80078125,38.21165466308594,155.16928100585938,38.57817077636719,77.95446014404297,446.91192626953125,97.12844848632812,74.63370513916016,136.48489379882812,84.3482666015625,34.61063003540039,56.06174087524414,46.758392333984375,136.5364990234375,56.414398193359375,219.9776153564453,251.8227996826172,191.17079162597656,129.38999938964844,172.95358276367188,141.806884765625,342.9827880859375
2022-05-12,139.6341094970703,246.0223846435547,16.108783721923828,66.85669708251953,42.64836502075195,106.19638061523438,31.33107566833496,268.2121887207031,68.5391616821289,37.52946472167969,156.70220947265625,39.63208770751953,79.38784790039062,440.15521240234375,99.08314514160156,74.9725112915039,137.78146362304688,84.82520294189453,35.205970764160156,55.240867614746094,46.71404266357422,135.98175048828125,56.589847564697266,219.76165771484375,257.81231689453125,189.13986206054688,123.13999938964844,174.6555938720703,142.7578125,341.9934387207031
2022-05-13,144.09075927734375,251.58155822753906,17.63351058959961,67.2725830078125,43.77000427246094,107.14102935791016,31.42041778564453,275.0022888183594,70.23978424072266,38.27449035644531,155.80361938476562,39.262428283691406,79.02076721191406,446.2225341796875,100.83592987060547,77.19648742675781,140.4248046875,87.64418029785156,36.74842834472656,59.77430725097656,46.89459228515625,137.4400634765625,57.651283264160156,220.52659606933594,263.4545593261719,190.3509521484375,127.19999694824219,175.2078399658203,143.49122619628906,345.48895263671875
2022-05-16,142.55296325683594,251.9476776123047,17.19332504272461,65.89253234863281,43.27541732788086,106.3943099975586,31.09879493713379,271.8222351074219,69.6816177368164,37.88850784301758,156.88722229003906,39.85231018066406,80.69017028808594,449.7341613769531,100.6799087524414,79.01216125488281,144.72447204589844,90.2534408569336,38.01124954223633,63.16973876953125,46.94526290893555,138.78208923339844,57.8618278503418,219.6266326904297,263.41900634765625,193.01528930664062,124.05000305175781,175.59715270996094,144.88552856445312,352.80023193359375
2022-05-17,146.17703247070312,257.0733642578125,18.102584838867188,67.94371032714844,44.68849563598633,109.9210205078125,32.15299987792969,280.3592224121094,72.3241195678711,39.23493194580078,157.5391845703125,40.379268646240234,81.28450012207031,452.77703857421875,105.11234283447266,80.0199203491211,145.57769775390625,91.55374908447266,38.74189758300781,63.37495422363281,41.60489273071289,138.38841247558594,57.703922271728516,217.4577178955078,267.8331604003906,198.51162719726562,132.0500030517578,180.21429443359375,147.60159301757812,362.04315185546875
2022-05-18,137.92982482910156,245.36895751953125,16.868656158447266,64.55976104736328,42.7101936340332,108.04069519042969,31.161338806152344,274.7694396972656,70.3705825805664,37.79875183105469,154.61427307128906,39.639949798583984,80.49787139892578,433.3340759277344,103.46051025390625,78.75154876708984,141.74032592773438,89.3808364868164,37.1002197265625,59.97953414916992,38.779502868652344,129.76377868652344,53.686222076416016,207.93617248535156,253.79849243164062,193.71395874023438,125.5199966430664,175.51564025878906,138.80865478515625,347.35455322265625
2022-05-19,134.5310516357422,244.46115112304688,17.053895950317383,63.36876678466797,36.84592819213867,106.43929290771484,30.777177810668945,276.0862731933594,69.73394775390625,37.70000457763672,153.2399139404297,39.83658218383789,80.4891357421875,439.9253845214844,103.18522644042969,79.1772232055664,140.72825622558594,89.4920425415039,36.84764862060547,59.662376403808594,37.7152214050293,126.7755355834961,52.63356399536133,206.09124755859375,256.0946960449219,192.61468505859375,127.13999938964844,174.41116333007812,134.90785217285156,343.53863525390625
2022-05-20,134.76612854003906,243.9010467529297,16.625659942626953,64.87166595458984,37.923397064208984,105.5666275024414,30.25008201599121,274.83209228515625,69.21941375732422,37.40378952026367,155.91810607910156,41.268028259277344,81.76521301269531,446.52587890625,103.91935729980469,79.8027114868164,141.5378875732422,89.8427734375,37.09119415283203,59.0094108581543,37.75639724731445,126.85604095458984,53.49324035644531,210.5100555419922,255.58741760253906,184.28631591796875,120.69999694824219,171.78570556640625,137.84957885742188,295.1952209472656
2022-05-23,140.17279052734375,251.71360778808594,16.828828811645508,66.20447540283203,38.28550338745117,112.09817504882812,32.04579162597656,283.6199035644531,71.78340911865234,39.33366775512695,159.10121154785156,41.59048843383789,82.00994110107422,452.36334228515625,105.56201934814453,81.56627655029297,144.8271026611328,93.26469421386719,39.517642974853516,61.02427291870117,38.833343505859375,129.772705078125,55.14242935180664,214.1908721923828,254.55496215820312,190.18324279785156,124.06999969482422,171.6317901611328,140.549560546875,315.9703369140625
2022-05-24,137.47927856445312,250.71897888183594,16.08786964416504,65.2497787475586,38.656436920166016,113.68160247802734,31.84925079345703,281.23712158203125,71.4781723022461,38.85793685913086,160.8390655517578,42.0073356628418,82.7178955078125,457.40106201171875,104.40573120117188,82.00932312011719,145.60301208496094,93.65824127197266,39.598819732666016,60.69779586791992,39.317970275878906,132.0809783935547,56.15999984741211,220.05862426757812,256.237060546875,191.58062744140625,119.4000015258789,171.975830078125,140.3238067626953,317.5438537597656
2022-05-25,137.63600158691406,253.51956176757812,16.90550994873047,66.00598907470703,38.85956954956055,114.47329711914062,32.01899337768555,282.0881042480469,71.7136459350586,39.60295867919922,159.2608184814453,42.24329376220703,81.94000244140625,457.8882751464844,103.87348175048828,83.65996551513672,147.939208984375,95.12966918945312,40.63615036010742,61.92910385131836,39.07725143432617,129.9158172607422,56.20387268066406,219.59962463378906,261.26531982421875,194.99021911621094,122.05999755859375,172.41038513183594,140.1223907470703,323.1403503417969
2022-05-26,140.82908630371094,256.7836608886719,17.77791976928711,67.73576354980469,39.733909606933594,116.45256042480469,32.7605094909668,289.908447265625,74.12939453125,40.93144226074219,159.1189422607422,42.46352005004883,80.6814193725586,461.6940612792969,105.41521453857422,83.95532989501953,148.93443298339844,96.79783630371094,42.11546325683594,64.04657745361328,39.910282135009766,131.05206298828125,56.40563201904297,223.27146911621094,269.4884948730469,198.41848754882812,127.7300033569336,174.81857299804688,143.76528930664062,327.41790771484375
2022-05-27,146.56881713867188,263.87200927734375,18.733991622924805,68.7944107055664,40.29030227661133,118.09895324707031,33.073184967041016,294.34271240234375,75.39395141601562,41.191749572753906,160.56419372558594,42.40058898925781,81.35441589355469,466.1802062988281,107.08541107177734,84.78060913085938,150.35972595214844,98.0383071899414,43.486541748046875,66.09874725341797,40.695823669433594,133.0561981201172,56.73897933959961,226.67332458496094,274.51678466796875,202.28453063964844,132.22999572753906,177.76087951660156,147.10997009277344,339.8735656738281
2022-05-31,145.78521728515625,262.5489807128906,18.595563888549805,67.98150634765625,39.78689193725586,118.96260070800781,33.2339973449707,294.5860290527344,75.12357330322266,41.08402633666992,159.18099975585938,41.71633529663086,80.43668365478516,456.68402099609375,107.79203033447266,83.39932250976562,147.3066864013672,96.1220474243164,41.6080207824707,64.65288543701172,40.74333572387695,132.3046417236328,55.59858322143555,226.97935485839844,269.43511962890625,201.08279418945312,131.39999389648438,175.28933715820312,146.88427734375,337.0941467285156
2022-06-01,145.6579132080078,263.0802001953125,18.245004653930664,67.67904663085938,39.94587326049805,116.87540435791016,32.7605094909668,290.0796203613281,74.12939453125,40.536476135253906,157.5673065185547,41.189369201660156,79.65879821777344,452.79547119140625,105.6079330444336,84.99778747558594,148.7067108154297,99.0221176147461,42.25983810424805,65.68831634521484,39.736083984375,130.30055236816406,55.326637268066406,224.34242248535156,266.1573181152344,202.68516540527344,130.64999389648438,173.74124145507812,145.25628662109375,331.7896423339844
2022-06-02,148.10659790039062,265.16607666015625,19.51179313659668,69.13471984863281,40.4404411315918,118.75567626953125,32.97615432739258,292.2427062988281,74.30380249023438,40.6890754699707,157.0707550048828,41.43318176269531,78.66241455078125,452.5288391113281,107.83790588378906,84.85010528564453,148.43682861328125,98.34629821777344,41.915828704833984,64.64356994628906,40.388572692871094,131.70523071289062,55.90561294555664,225.33242797851562,273.93096923828125,204.94888305664062,140.5,178.38555908203125,148.35110473632812,340.2032775878906
2022-06-03,142.3962860107422,260.7624206542969,18.64336395263672,67.858642578125,39.963531494140625,117.10031127929688,32.51789855957031,287.22247314453125,73.36193084716797,40.23129653930664,156.4235076904297,41.84217834472656,78.58375549316406,446.41552734375,106.97526550292969,86.08373260498047,149.78623962402344,101.04961395263672,42.975040435791016,65.56704711914062,39.69490432739258,130.5242462158203,55.238922119140625,224.75323486328125,273.2234191894531,207.65048217773438,139.25,176.37571716308594,149.4955596923828,340.1279296875
2022-06-06,143.140625,259.5359802246094,18.709095001220703,68.97402954101562,40.03418731689453,116.71344757080078,32.481956481933594,288.87188720703125,74.01602172851562,40.50057601928711,156.40579223632812,41.88936233520508,78.52257537841797,450.61669921875,106.8376235961914,85.8665542602539,149.1368408203125,100.41653442382812,42.748714447021484,64.9327392578125,39.5523681640625,130.01426696777344,55.15120315551758,224.49081420898438,272.1576843261719,208.33053588867188,139.24000549316406,176.7106475830078,150.8011932373047,341.927490234375
2022-06-07,145.6579132080078,263.1573791503906,18.84852409362793,68.70934295654297,40.24614715576172,117.01936340332031,32.661659240722656,289.77313232421875,74.41719055175781,40.814754486083984,158.12591552734375,42.43992233276367,79.0819320678711,456.9782409667969,107.25975036621094,89.80195617675781,151.9790496826172,104.97627258300781,44.29679489135742,65.80958557128906,39.07725143432617,131.46365356445312,55.48454284667969,225.27809143066406,270.2590026855469,211.56317138671875,140.82000732421875,178.9105987548828,149.51170349121094,346.5723876953125
2022-06-08,144.92327880859375,261.1390380859375,18.575586318969727,67.47108459472656,39.672080993652344,115.15702819824219,32.24833679199219,283.6173400878906,72.55957794189453,40.06074142456055,157.18603515625,42.054534912109375,78.20792388916016,453.69635009765625,105.25000762939453,90.86182403564453,152.76344299316406,104.24911499023438,44.876190185546875,64.39170837402344,38.738319396972656,129.82638549804688,55.16874313354492,222.2646026611328,266.4618225097656,214.0784454345703,139.6300048828125,176.1040802001953,144.61956787109375,334.4936218261719
2022-06-09,139.7124481201172,255.71173095703125,17.977916717529297,65.42937469482422,39.089195251464844,112.73695373535156,31.00836181640625,274.1899108886719,70.7804946899414,38.30141067504883,154.0206756591797,40.72532653808594,76.91436004638672,449.92730712890625,103.4329833984375,88.8984603881836,149.71878051757812,101.426025390625,43.58159255981445,60.91511535644531,38.332881927490234,127.48235321044922,54.21256637573242,219.142578125,268.54852294921875,208.3677978515625,133.72999572753906,173.8317413330078,142.2904052734375,325.3638916015625
2022-06-10,134.31556701660156,244.3162841796875,16.90808868408203,63.463279724121094,38.40913391113281,107.55487823486328,29.804325103759766,258.68768310546875,67.50133514404297,35.976585388183594,152.99215698242188,39.301753997802734,76.19764709472656,445.5146789550781,100.60649871826172,87.27391815185547,147.93075561523438,99.946044921875,42.73965835571289,59.69084167480469,38.548274993896484,126.99920654296875,53.870445251464844,214.81690979003906,259.0375061035156,200.4586181640625,127.0,168.64425659179688,139.4695587158203,315.847900390625
2022-06-13,129.17330932617188,233.95416259765625,15.5862398147583,60.54249572753906,38.1883659362793,104.35208129882812,28.771015167236328,255.35296630859375,65.56526947021484,34.9981689453125,151.44937133789062,37.681549072265625,74.29229736328125,431.7897033691406,97.19268798828125,83.26901245117188,141.1246337890625,95.60873413085938,40.123313903808594,55.915184020996094,37.82291030883789,123.59943389892578,53.80904006958008,215.8032989501953,253.5924072265625,192.72650146484375,115.86000061035156,166.96031188964844,139.20358276367188,306.11517333984375
2022-06-14,130.03521728515625,236.1077423095703,15.774505615234375,66.84724426269531,37.896915435791016,102.61571502685547,28.26783561706543,254.64993286132812,65.37340545654297,33.59789276123047,149.12637329101562,37.689414978027344,74.45970153808594,424.4814147949219,94.4671630859375,83.4861831665039,141.31019592285156,95.37773132324219,39.12747573852539,58.027313232421875,37.8387565612793,119.74337768554688,52.33348846435547,216.0657196044922,249.57118225097656,192.54949951171875,122.16000366210938,165.92825317382812,140.3641357421875,307.697998046875
2022-06-15,132.6504364013672,243.12844848632812,16.46282196044922,65.88309478759766,38.682926177978516,103.83026123046875,28.797971725463867,261.43658447265625,66.29782104492188,34.26211929321289,150.72235107421875,38.153446197509766,74.57427215576172,426.8531188964844,96.1740493774414,82.43501281738281,138.53543090820312,93.52991485595703,37.58844757080078,56.33573913574219,37.81342315673828,118.55345916748047,52.72225570678711,216.1923828125,250.52053833007812,191.90667724609375,133.72000122070312,167.458251953125,141.75039672851562,311.4666748046875
2022-06-16,127.39066314697266,236.57122802734375,15.540416717529297,64.94730377197266,38.25900650024414,102.0489273071289,28.618263244628906,256.84912109375,64.49256896972656,33.79536819458008,150.80213928222656,37.34334945678711,74.80335235595703,420.77337646484375,93.66876220703125,79.39440155029297,131.13043212890625,87.61852264404297,34.836299896240234,53.09279251098633,38.206180572509766,119.2781753540039,52.192108154296875,212.83506774902344,244.9051971435547,181.4635772705078,133.36000061035156,162.85012817382812,138.77642822265625,299.208984375
2022-06-17,128.8599090576172,239.1593475341797,15.818334579467773,64.01151275634766,38.32082748413086,101.68907165527344,28.681163787841797,252.17141723632812,63.576873779296875,34.54038619995117,150.25241088867188,36.59617614746094,74.56547546386719,417.0554504394531,94.09088897705078,74.81614685058594,125.14236450195312,80.19293212890625,33.170528411865234,52.03673553466797,37.46815490722656,118.41925811767578,52.51020812988281,212.10203552246094,242.46029663085938,179.46070861816406,136.8000030517578,162.6871795654297,137.87379455566406,304.0611877441406
2022-06-21,133.08145141601562,245.04055786132812,16.501670837402344,63.97370529174805,38.983211517333984,104.2081298828125,29.51679801940918,256.69586181640625,65.08560943603516,34.9981689453125,153.4000244140625,37.8388557434082,77.57027435302734,443.12713623046875,95.816162109375,79.47259521484375,130.37977600097656,84.93230438232422,35.14411163330078,54.08342742919922,38.697139739990234,122.00691223144531,53.632328033447266,216.8168182373047,241.09005737304688,182.93551635742188,136.75,163.4204864501953,140.63815307617188,310.2325134277344
2022-06-22,132.57212829589844,244.45150756835938,16.296470642089844,62.886680603027344,38.479801177978516,103.62333679199219,29.292163848876953,256.4525451660156,64.885009765625,34.64809799194336,155.82058715820312,38.59389877319336,78.56600952148438,451.7623291015625,96.7613754272461,76.32774353027344,124.71222686767578,79.61122131347656,33.96721649169922,52.12084197998047,38.22834777832031,123.91259002685547,54.029937744140625,219.95700073242188,240.89300537109375,174.9797821044922,137.16000366210938,160.90365600585938,141.96798706054688,299.5481872558594
2022-06-23,135.4321746826172,249.98504638671875,16.16199493408203,63.92644119262695,37.914573669433594,102.4897689819336,28.824928283691406,257.9216003417969,64.51000213623047,34.01976776123047,159.29627990722656,39.3961296081543,81.06854248046875,461.10797119140625,97.4679946899414,74.02558135986328,120.12417602539062,75.18834686279297,31.667726516723633,52.419898986816406,39.156429290771484,127.31233978271484,54.67493438720703,220.4275665283203,246.66055297851562,166.44644165039062,133.97000122070312,158.04287719726562,143.9667205810547,280.3088073730469
2022-06-24,138.7526092529297,258.5220031738281,17.059490203857422,66.82833099365234,38.947872161865234,105.54862976074219,29.031591415405273,272.864990234375,67.86763000488281,36.58695602416992,161.628173828125,40.575897216796875,82.06427764892578,457.2608337402344,100.44132232666016,75.49376678466797,122.09771728515625,77.77191162109375,31.740154266357422,53.75634002685547,39.188106536865234,129.14645385742188,55.69987106323242,224.33694458007812,253.4490203857422,172.7998809814453,141.52999877929688,162.9768829345703,147.73052978515625,292.89630126953125
2022-06-27,138.7526092529297,255.8082733154297,16.803491592407227,66.5542221069336,38.656436920166016,104.70294952392578,29.06753158569336,271.0894775390625,67.5362319946289,36.12018966674805,161.47744750976562,40.80398178100586,83.19219970703125,466.5050354003906,100.10176849365234,77.34417724609375,124.45919036865234,79.51339721679688,32.49155807495117,55.04603958129883,39.314796447753906,128.1623077392578,55.584999084472656,223.5496063232422,253.17149353027344,174.75621032714844,138.72000122070312,161.41064453125,146.52967834472656,297.0984802246094
2022-06-28,134.61923217773438,247.68663024902344,15.919939041137695,64.82441711425781,38.029388427734375,104.1991195678711,28.986665725708008,269.92681884765625,68.16416931152344,36.066349029541016,156.8845672607422,39.844444274902344,80.97162628173828,469.0697021484375,98.16543579101562,79.4899673461914,126.45806121826172,82.09114837646484,33.46928405761719,57.67217254638672,38.76049041748047,126.07769012451172,55.02835464477539,219.7488555908203,241.9408721923828,174.61643981933594,138.6999969482422,159.2921905517578,145.00643920898438,291.28521728515625
2022-06-29,136.37245178222656,251.3369903564453,15.481645584106445,65.419921875,37.87041091918945,103.7313232421875,28.62725067138672,273.34271240234375,68.1903305053711,35.64445877075195,156.92892456054688,40.06467056274414,81.51795959472656,475.7768249511719,100.12010955810547,76.55361938476562,123.96158599853516,78.84957885742188,32.754093170166016,55.232948303222656,38.61795425415039,127.22285461425781,55.425960540771484,224.19216918945312,245.27244567871094,170.9273681640625,138.4499969482422,156.80259704589844,145.9816131591797,284.3063659667969
2022-06-30,133.91397094726562,248.02467346191406,15.10013484954834,66.04379272460938,37.658447265625,101.31120300292969,27.97132110595703,267.7005920410156,66.33271789550781,35.15974426269531,157.3899688720703,41.2365608215332,80.33717346191406,473.8579406738281,99.7071533203125,74.39916229248047,122.10617065429688,77.42707061767578,32.37386703491211,55.0273551940918,38.51026153564453,128.64540100097656,55.584999084472656,223.41390991210938,245.63063049316406,166.5303192138672,136.72000122070312,157.3548126220703,147.1179962158203,283.19049072265625
2022-07-01,136.07862854003906,250.68032836914062,14.466605186462402,66.98902130126953,37.62311553955078,102.60672760009766,28.357688903808594,269.69244384765625,66.93446350097656,35.83296203613281,159.172119140625,41.14218521118164,81.43865203857422,477.33587646484375,101.14794158935547,76.05843353271484,123.56519317626953,78.43576049804688,32.27427673339844,56.48526382446289,38.84284591674805,130.7210693359375,56.88383483886719,228.91598510742188,249.9383544921875,166.0924072265625,139.83999633789062,158.53172302246094,149.0925750732422,285.23309326171875
2022-07-05,138.65464782714844,253.83822631835938,14.905893325805664,68.04767608642578,37.39142608642578,102.21643829345703,28.070158004760742,267.8628845214844,66.37631225585938,35.99453353881836,157.9485321044922,40.61521911621094,81.63251495361328,466.1175537109375,100.30367279052734,73.67808532714844,120.31815338134766,72.96992492675781,30.173952102661133,55.24229049682617,39.35597610473633,129.45956420898438,55.911922454833984,228.3096923828125,254.10276794433594,161.87237548828125,137.6999969482422,155.79763793945312,148.8024444580078,276.2496032714844
2022-07-06,139.9867401123047,257.0831298828125,15.071249008178711,67.73576354980469,38.04194641113281,101.55387878417969,27.8365421295166,264.762451171875,65.80072021484375,35.455963134765625,158.0904083251953,41.48823928833008,82.06427764892578,475.3892822265625,99.74388122558594,72.34891510009766,118.73258209228516,71.8491439819336,29.630775451660156,55.24229049682617,39.63471221923828,130.66738891601562,56.02677917480469,227.55857849121094,253.96847534179688,160.5215606689453,136.30999755859375,156.81161499023438,149.2376708984375,273.4220886230469
2022-07-07,143.3463134765625,259.1979675292969,15.79642105102539,67.89645385742188,38.51424026489258,104.12244415283203,28.62725067138672,269.1246643066406,67.14378356933594,36.01248550415039,158.26773071289062,42.015201568603516,81.95854949951172,474.5497741699219,100.47801208496094,74.65978240966797,121.04346466064453,74.44413757324219,31.124530792236328,57.44788360595703,39.69490432739258,130.6226806640625,55.584999084472656,228.89788818359375,256.75372314453125,167.94631958007812,139.97000122070312,157.3367156982422,150.05975341796875,287.4459228515625
2022-07-08,144.02218627929688,258.4833068847656,15.776498794555664,67.93424224853516,38.66572952270508,103.79572296142578,28.564355850219727,267.2049255371094,66.91703796386719,36.066349029541016,158.07269287109375,41.81857681274414,81.75587463378906,478.4707336425781,100.2669677734375,74.78140258789062,120.41094970703125,74.53897094726562,31.070219039916992,56.700218200683594,39.72023391723633,129.74586486816406,55.78821563720703,229.1693572998047,256.55670166015625,166.84703063964844,139.07000732421875,156.92929077148438,149.42300415039062,288.0794982910156
2022-07-11,141.89671325683594,255.44131469726562,15.09316349029541,67.95323944091797,38.54098129272461,102.43427276611328,28.26783561706543,264.23968505859375,66.1234130859375,35.71626663208008,158.13478088378906,41.598358154296875,83.09526062011719,476.92083740234375,99.92740631103516,74.39916229248047,119.34825134277344,73.75445556640625,30.210174560546875,55.62546920776367,39.736083984375,130.6584014892578,55.61151123046875,229.20559692382812,256.485107421875,163.04617309570312,136.99000549316406,156.47662353515625,148.81051635742188,282.1881103515625
2022-07-12,142.86639404296875,244.97300720214844,15.023433685302734,66.85186767578125,38.193443298339844,102.53411102294922,28.1779842376709,263.6539001464844,66.22808837890625,35.545719146728516,155.91810607910156,40.929832458496094,82.47843933105469,474.5867004394531,99.3859634399414,73.40878295898438,117.16387176513672,71.94398498535156,29.630775451660156,53.61614990234375,39.6157112121582,129.50430297851562,55.372947692871094,227.57667541503906,255.34767150878906,162.55239868164062,147.14999389648438,157.17373657226562,144.56314086914062,279.8713073730469
2022-07-13,142.5039825439453,244.05552673339844,15.105114936828613,66.4910659790039,38.05085754394531,101.5720443725586,27.710742950439453,261.50872802734375,65.39083862304688,35.069984436035156,155.55459594726562,40.73320770263672,82.62824249267578,462.42730712890625,97.4679946899414,73.70414733886719,116.37953186035156,71.65087890625,29.232440948486328,54.214271545410156,39.71073913574219,130.35423278808594,55.11671829223633,228.653564453125,257.1925964355469,161.97482299804688,143.9499969482422,154.69313049316406,143.39451599121094,280.64678955078125
2022-07-14,145.4228515625,245.36895751953125,15.31230640411377,65.94037628173828,37.721153259277344,98.02323150634766,27.072790145874023,253.793701171875,65.13792419433594,34.77376937866211,155.76734924316406,40.41859436035156,82.72518157958984,463.5251770019531,97.44033813476562,72.227294921875,114.65058898925781,70.35767364501953,28.363346099853516,53.48530578613281,40.48677062988281,129.9695281982422,54.939998626708984,228.5902099609375,259.25244140625,158.31373596191406,147.14999389648438,153.46189880371094,143.6846923828125,278.32989501953125
2022-07-15,147.08792114257812,247.9184112548828,15.70079231262207,67.16517639160156,38.380577087402344,102.51594543457031,28.97767448425293,264.8616027832031,68.0682144165039,36.91908264160156,158.0283660888672,40.70174026489258,83.67684936523438,488.7296447753906,100.30704498291016,73.44354248046875,116.09275817871094,71.46119689941406,29.241491317749023,54.868465423583984,40.88270950317383,129.79061889648438,55.222740173339844,230.77114868164062,261.8765563964844,161.51837158203125,147.74000549316406,156.4404296875,147.1583251953125,281.5167236328125
2022-07-18,144.05157470703125,245.5330810546875,16.03847885131836,66.66197204589844,37.96174621582031,101.46311950683594,28.986665725708008,271.5220947265625,68.77462005615234,36.97293472290039,154.48171997070312,39.91523742675781,81.3681411743164,479.1533508300781,98.64785766601562,74.79875946044922,117.72053527832031,73.34062194824219,29.992902755737305,56.120792388916016,40.787681579589844,128.2159881591797,54.471717834472656,228.42733764648438,262.44964599609375,161.620849609375,147.72000122070312,154.7655487060547,145.13536071777344,281.753173828125
2022-07-19,147.90089416503906,250.63204956054688,16.9260196685791,68.5893783569336,39.236061096191406,103.97722625732422,29.966062545776367,286.6546936035156,71.20782470703125,38.50786209106445,152.22964477539062,40.40286636352539,81.38578033447266,492.1431884765625,101.3302230834961,76.68392181396484,121.96277618408203,76.28045654296875,30.979690551757812,58.709537506103516,41.03791046142578,128.8690643310547,55.249244689941406,232.11953735351562,268.5216064453125,168.37496948242188,156.1300048828125,160.45101928710938,149.7534637451172,294.6516418457031
2022-07-20,149.8990478515625,253.27809143066406,17.737852096557617,68.92171478271484,39.325164794921875,103.95909118652344,29.97504997253418,289.71905517578125,71.34735870361328,38.34629440307617,151.36073303222656,39.97028350830078,78.9977798461914,479.24566650390625,99.76319885253906,77.52662658691406,123.57365417480469,78.2030029296875,30.907258987426758,59.39178466796875,41.380001068115234,126.64134979248047,54.33917999267578,230.3820343017578,270.7337646484375,168.82522583007812,158.3800048828125,161.38352966308594,150.5916748046875,298.21673583984375
2022-07-21,152.16162109375,255.76002502441406,17.97990608215332,70.77315521240234,39.726165771484375,104.66702270507812,30.235628128051758,294.306640625,72.40261840820312,38.848960876464844,151.8927001953125,40.206233978271484,79.4295654296875,482.004150390625,102.03075408935547,76.23219299316406,122.62903594970703,76.66840362548828,30.445554733276367,57.943199157714844,41.9849853515625,126.76111602783203,54.215484619140625,229.37753295898438,273.1518249511719,169.78208923339844,161.41000366210938,162.98597717285156,150.72061157226562,299.3326110839844
2022-07-22,150.92747497558594,251.43360900878906,17.251747131347656,71.11495971679688,39.61923599243164,104.15876770019531,30.037944793701172,291.9542541503906,71.88805389404297,38.75021743774414,152.61085510253906,40.292747497558594,79.40312957763672,481.0354919433594,100.65729522705078,75.65013885498047,121.6085433959961,75.97870635986328,31.749204635620117,57.06470489501953,41.87729263305664,128.7871856689453,54.418697357177734,229.8480987548828,274.5757751464844,167.55886840820312,158.16000366210938,164.28958129882812,151.5023956298828,295.28521728515625
2022-07-25,149.81085205078125,249.95603942871094,16.9578914642334,71.0770034790039,39.51230239868164,104.57626342773438,30.307506561279297,292.12554931640625,71.99272155761719,39.04644012451172,152.91233825683594,40.717464447021484,79.77323150634766,488.47137451171875,100.01207733154297,78.16948699951172,125.22669219970703,79.35823059082031,32.74504089355469,60.19550704956055,41.817115783691406,129.6606903076172,54.94884490966797,226.5812530517578,274.1817932128906,170.5513153076172,156.63999938964844,164.0994873046875,151.44595336914062,305.4035339355469
2022-07-26,148.4886016845703,243.26365661621094,16.468801498413086,70.28892517089844,39.057830810546875,102.94254302978516,29.696502685546875,287.1053466796875,70.45780181884766,38.50786209106445,153.9940948486328,41.13431167602539,80.44290924072266,490.4271240234375,100.55592346191406,77.86542510986328,124.24834442138672,78.53057098388672,32.22901153564453,58.00862121582031,38.636966705322266,129.9127960205078,55.85008239746094,232.6534423828125,267.04400634765625,170.00721740722656,155.9199981689453,164.24432373046875,146.3040008544922,302.08441162109375
2022-07-27,153.5720672607422,259.5262451171875,17.720918655395508,72.03594207763672,39.77963638305664,104.59442901611328,30.181713104248047,292.5041198730469,71.95785522460938,39.23493194580078,153.56846618652344,40.85904312133789,80.39005279541016,493.2133483886719,101.3855209350586,79.5508041381836,125.88456726074219,80.41001892089844,32.889888763427734,58.67216110229492,40.09717559814453,131.14645385742188,55.6733512878418,234.28237915039062,267.6977844238281,173.7782745361328,156.08999633789062,166.27227783203125,148.21409606933594,308.0041809082031
2022-07-28,154.12057495117188,266.93328857421875,17.914165496826172,73.14680480957031,40.65293502807617,104.20413208007812,29.939109802246094,296.6229248046875,73.02750396728516,38.88486099243164,154.45513916015625,40.201175689697266,79.25332641601562,499.5604248046875,101.7265625,80.48036193847656,126.83757019042969,81.09107971191406,32.3286018371582,58.541316986083984,41.09809875488281,133.3256378173828,56.60110092163086,238.41798400878906,268.3425598144531,176.2078857421875,159.08999633789062,172.41038513183594,151.71192932128906,313.6022644042969
2022-07-29,159.17465209960938,271.1148376464844,18.09246826171875,73.9063949584961,40.43014907836914,104.70333862304688,30.37939453125,300.48046875,74.21600341796875,39.37855911254883,154.7388458251953,40.034725189208984,78.72462463378906,500.34478759765625,100.32546997070312,84.20723724365234,138.13055419921875,83.99642944335938,33.52360916137695,61.447818756103516,41.82661437988281,125.08621215820312,56.69829177856445,238.33651733398438,269.5157470703125,185.97323608398438,159.30999755859375,174.23910522460938,157.0714874267578,324.5244140625
2022-08-01,158.1951904296875,268.4784851074219,18.36939239501953,73.52660369873047,40.349952697753906,103.65955352783203,30.28952980041504,299.2998046875,74.03112030029297,39.08233642578125,154.197998046875,40.113983154296875,78.0108642578125,493.9237365722656,100.95228576660156,82.07884979248047,135.3726806640625,81.9876708984375,32.953269958496094,60.961849212646484,41.98183059692383,128.67910766601562,57.00753402709961,239.1147918701172,273.8861999511719,182.7931671142578,169.07000732421875,173.81365966796875,157.4341583251953,319.8056640625
2022-08-02,156.72596740722656,265.3978576660156,18.45406150817871,72.49168395996094,40.029151916503906,102.04399871826172,29.687517166137695,295.5143737792969,73.53811645507812,38.489906311035156,153.3202362060547,39.38478469848633,77.20018768310547,493.99749755859375,100.14112091064453,81.72264862060547,134.2172393798828,81.65147399902344,33.21580505371094,60.80297088623047,42.02616882324219,127.82366180419922,56.23001480102539,236.23704528808594,269.3097839355469,172.14602661132812,163.27999877929688,171.21534729003906,155.9753875732422,315.0963439941406
2022-08-03,162.72036743164062,272.7855529785156,18.81963348388672,73.46015167236328,40.73312759399414,103.114990234375,30.22663688659668,300.2822265625,74.87630462646484,39.396507263183594,154.80091857910156,39.51953125,77.20899200439453,498.78558349609375,101.03524017333984,79.0729751586914,131.0292205810547,78.7288818359375,32.17469787597656,56.99928665161133,41.335655212402344,130.46209716796875,56.47740173339844,237.1781768798828,274.37872314453125,171.54566955566406,166.63999938964844,173.3700408935547,155.8867645263672,318.21697998046875
2022-08-04,162.40696716308594,273.9252014160156,19.140382766723633,73.48863220214844,40.43906021118164,101.98046112060547,30.010988235473633,299.1104431152344,75.14920043945312,38.655399322509766,152.3182830810547,39.51953125,76.50405883789062,492.4200439453125,101.13664245605469,75.74571228027344,127.4701156616211,77.48741149902344,30.735254287719727,53.70026397705078,39.77408981323242,130.25497436523438,56.25651550292969,235.8660125732422,275.0953063964844,172.26795959472656,166.5,174.22105407714844,156.7732696533203,323.76788330078125
2022-08-05,162.18136596679688,273.2104797363281,18.915266036987305,73.44114685058594,40.109352111816406,105.06637573242188,30.514169692993164,301.6341552734375,75.82709503173828,39.5501594543457,151.71539306640625,39.0518913269043,77.0239486694336,493.62835693359375,100.70339965820312,76.8403091430664,129.57855224609375,80.04790496826172,31.37802505493164,55.148834228515625,40.09400939941406,130.31800842285156,56.00027847290039,234.58999633789062,277.35205078125,173.9096221923828,165.0399932861328,174.06710815429688,158.57862854003906,324.6473388671875
2022-08-08,161.71054077148438,270.70928955078125,17.72390365600586,72.60562133789062,40.11825942993164,103.78663635253906,30.091861724853516,301.64306640625,75.73906707763672,39.03498458862305,150.90853881835938,39.28966522216797,77.97561645507812,495.04925537109375,100.47296142578125,77.2746810913086,129.38461303710938,80.72037506103516,31.368968963623047,56.11144256591797,40.420249938964844,130.81326293945312,55.63801956176758,232.39100646972656,279.39398193359375,174.3035888671875,165.88999938964844,175.60618591308594,158.03863525390625,325.02557373046875
2022-08-09,161.75962829589844,272.6214294433594,17.019655227661133,72.89044952392578,40.029151916503906,104.72147369384766,30.478227615356445,303.3916015625,76.02959442138672,39.224788665771484,150.89077758789062,39.45611572265625,78.88323211669922,495.6580810546875,99.46824645996094,78.69941711425781,131.07139587402344,82.3411636352539,31.67677116394043,58.32636642456055,40.81935501098633,130.507080078125,55.70870590209961,235.3411407470703,273.33984375,174.50999450683594,164.85000610351562,175.7147979736328,158.48995971679688,324.9972229003906
2022-08-10,165.99681091308594,279.2462158203125,18.0267276763916,73.62156677246094,41.00938415527344,107.45343017578125,31.51153564453125,313.567138671875,78.25695037841797,40.06531524658203,151.32525634765625,39.59086608886719,78.59243774414062,496.0824279785156,101.64361572265625,79.446533203125,131.41717529296875,82.7463607788086,31.613401412963867,58.74692916870117,40.904876708984375,131.7407989501953,56.23884201049805,236.51759338378906,279.044677734375,178.9095458984375,169.02000427246094,178.55755615234375,163.10000610351562,333.20538330078125
2022-08-11,165.26116943359375,277.1795654296875,17.872323989868164,73.2607650756836,40.90243911743164,109.04176330566406,32.26630401611328,316.9650573730469,79.41024017333984,40.89680099487305,148.1953582763672,38.27512741088867,78.36334991455078,491.5987854003906,101.84640502929688,81.74476623535156,134.62205505371094,86.52244567871094,33.39686584472656,61.391761779785156,41.29936218261719,130.8042755126953,55.85890197753906,234.63523864746094,278.2476501464844,181.98643493652344,167.8800048828125,180.61383056640625,164.76026916503906,342.2456359863281
2022-08-12,168.80198669433594,281.9018859863281,18.636350631713867,75.15018463134766,41.53514862060547,110.84794616699219,32.616737365722656,318.893798828125,80.69560241699219,41.52043151855469,146.5639190673828,39.71767807006836,80.20498657226562,501.5993957519531,102.75895690917969,82.45527648925781,134.81605529785156,88.58289337158203,33.62319564819336,61.42913818359375,42.0628547668457,132.07395935058594,56.283016204833984,237.25961303710938,282.0091552734375,184.6505584716797,169.99000549316406,182.76109313964844,166.3679962158203,348.146484375
2022-08-15,169.87106323242188,283.408447265625,18.958091735839844,75.11222839355469,41.5173225402832,111.14746856689453,32.571800231933594,320.7234191894531,81.01253509521484,41.34871292114258,147.2643585205078,39.43234634399414,79.83491516113281,502.46673583984375,103.1460952758789,80.98161315917969,132.2521209716797,87.26659393310547,32.37386703491211,60.13008499145508,42.18375015258789,133.7758331298828,56.989871978759766,240.20977783203125,281.75830078125,183.81564331054688,170.47000122070312,184.0166473388672,167.1718292236328,346.151123046875
2022-08-16,169.7141571044922,282.6744689941406,18.80569076538086,75.50149536132812,41.6777229309082,112.20934295654297,32.92223358154297,319.93023681640625,80.83644104003906,41.62889099121094,148.57662963867188,39.51953125,79.82609558105469,503.8319091796875,103.26593017578125,80.22721862792969,131.914794921875,86.6863784790039,32.210906982421875,59.354393005371094,44.33747863769531,135.009521484375,57.45815658569336,240.97898864746094,293.19488525390625,185.28848266601562,172.0800018310547,185.30862426757812,167.553466796875,349.8675842285156
2022-08-17,171.20501708984375,281.9293518066406,18.2637996673584,75.24513244628906,41.57969665527344,111.26544189453125,32.715572357177734,318.8216247558594,80.42269897460938,41.701194763183594,148.5854949951172,39.0518913269043,80.22262573242188,502.7987976074219,101.90171813964844,80.8763427734375,133.00277709960938,87.77754211425781,32.0479621887207,58.849735260009766,44.38520050048828,134.38819885253906,57.32562255859375,241.4585418701172,291.7440490722656,183.79690551757812,167.1999969482422,184.4988555908203,166.44105529785156,344.8651123046875
2022-08-18,170.8126983642578,280.81634521484375,18.700098037719727,75.31159973144531,43.99464416503906,110.40320587158203,32.59876251220703,319.524658203125,80.7572250366211,41.701194763183594,147.86729431152344,38.504981994628906,80.53984832763672,503.0018005371094,101.35785675048828,82.78861236572266,135.33465576171875,90.82584381103516,33.61414337158203,60.63474655151367,44.242034912109375,134.86546325683594,57.626033782958984,241.24142456054688,291.25146484375,185.1289825439453,168.69000244140625,185.35409545898438,168.93385314941406,347.9856872558594
2022-08-19,168.2331085205078,276.9259338378906,17.779691696166992,74.6849594116211,43.397586822509766,107.67124938964844,31.879941940307617,314.79290771484375,79.24298095703125,40.9871826171875,150.11941528320312,38.9567756652832,81.1390609741211,505.86181640625,101.45002746582031,82.52544403076172,134.20274353027344,91.05101776123047,33.60508346557617,66.62533569335938,43.589874267578125,134.8294219970703,57.58185577392578,241.2052001953125,287.7677001953125,183.4873809814453,162.9199981689453,183.3888397216797,169.24241638183594,349.5649108886719
2022-08-22,164.35879516601562,268.7967224121094,16.96785545349121,72.59613037109375,42.51537322998047,105.89232635498047,31.19705581665039,308.619140625,77.87837219238281,40.13761901855469,149.5927734375,38.75862503051758,80.32837677001953,502.40203857421875,99.04421997070312,82.46406555175781,133.53042602539062,91.1375961303711,33.42402267456055,64.5132064819336,42.81045913696289,134.46923828125,56.72480773925781,237.95648193359375,279.60888671875,179.88511657714844,158.97999572753906,180.00421142578125,167.59408569335938,349.5460205078125
2022-08-23,164.0253143310547,267.5289306640625,17.114282608032227,72.54867553710938,42.24803924560547,104.84855651855469,30.918502807617188,306.6001892089844,77.7375259399414,40.10146713256836,148.28956604003906,38.05320358276367,79.48243713378906,494.3111572265625,97.71686553955078,85.9640121459961,137.86228942871094,93.91746520996094,35.63298034667969,68.96174621582031,42.6291389465332,131.87586975097656,56.786643981933594,235.77552795410156,274.8533935546875,184.99765014648438,160.07000732421875,179.74037170410156,166.67652893066406,354.5010986328125
2022-08-24,164.31961059570312,266.8999328613281,17.15512466430664,72.32079315185547,41.94505310058594,105.1026840209961,31.01734733581543,308.18646240234375,78.00164031982422,40.34549331665039,147.7986297607422,37.593482971191406,79.31501007080078,494.9201354980469,97.19145965576172,86.47278594970703,138.883544921875,95.71006774902344,36.13089370727539,70.00846099853516,42.93772506713867,131.30856323242188,56.866172790527344,236.06507873535156,275.93701171875,182.1365203857422,163.60000610351562,179.9586944580078,164.8657989501953,360.64776611328125
2022-08-25,166.77166748046875,269.86126708984375,17.84343910217285,73.00440979003906,42.12328338623047,107.5986557006836,31.574438095092773,312.2873229980469,79.15494537353516,41.02334213256836,149.18214416503906,37.96601104736328,79.54412841796875,499.6343994140625,97.60625457763672,86.92015075683594,140.10052490234375,97.06104278564453,36.36627960205078,69.60660552978516,43.224029541015625,131.20046997070312,57.140079498291016,237.603515625,277.4326477050781,186.56422424316406,169.3800048828125,182.36073303222656,166.45730590820312,367.0498046875
2022-08-26,160.48451232910156,259.4481201171875,16.196861267089844,70.87759399414062,40.893531799316406,104.07707214355469,30.57706642150879,303.19329833984375,76.42575073242188,39.73994445800781,146.6292724609375,37.1099967956543,78.65412902832031,488.26837158203125,93.92839050292969,85.8499984741211,139.07078552246094,97.0956802368164,35.687294006347656,68.7374496459961,41.865631103515625,128.12982177734375,55.761714935302734,232.5267333984375,266.97222900390625,180.0352020263672,164.52999877929688,175.6551513671875,161.52854919433594,358.75653076171875
2022-08-29,158.28744506835938,256.6802978515625,15.739643096923828,70.44084167480469,40.73312759399414,103.82292938232422,30.46025848388672,300.95819091796875,75.1404037475586,39.69475555419922,145.49569702148438,36.64234924316406,77.18253326416016,488.7480773925781,93.87309265136719,87.82364654541016,140.10902404785156,98.22146606445312,36.556396484375,70.33556365966797,42.272823333740234,127.58951568603516,55.425960540771484,231.35935974121094,265.37823486328125,179.90386962890625,165.4199981689453,175.07284545898438,160.18064880371094,359.91961669921875
2022-08-30,155.86477661132812,254.4931640625,15.407934188842773,70.39336395263672,40.314308166503906,103.8410873413086,30.63097381591797,300.6968078613281,74.33045196533203,39.89360427856445,144.9868927001953,36.34115982055664,76.55692291259766,482.354736328125,94.2049331665039,84.48158264160156,136.69630432128906,95.69275665283203,35.017356872558594,67.2982177734375,42.14558029174805,126.22982788085938,54.91349792480469,229.3956298828125,262.4944763183594,175.36363220214844,162.2100067138672,173.50791931152344,158.3780517578125,348.6949462890625
2022-08-31,154.20713806152344,253.04147338867188,15.03538703918457,70.40287017822266,39.85092544555664,103.22391510009766,30.199684143066406,302.0953063964844,75.02597045898438,39.50496292114258,144.01394653320312,35.84975051879883,75.21753692626953,479.11651611328125,94.6197280883789,83.85002136230469,134.5176544189453,94.783447265625,34.537559509277344,66.35431671142578,42.167842864990234,124.2127456665039,54.524723052978516,229.55032348632812,259.9884338378906,173.27171325683594,160.25,172.27963256835938,157.93954467773438,345.39459228515625
2022-09-01,154.9329833984375,252.00601196289062,13.882882118225098,71.49473571777344,40.3588752746582,103.93185424804688,30.27204132080078,302.8490295410156,75.8623275756836,39.49592208862305,147.5843963623047,36.95940017700195,76.79483795166016,483.4249267578125,96.63839721679688,82.34124755859375,132.37295532226562,93.12073516845703,33.36065673828125,63.9244270324707,42.78182601928711,125.74353790283203,54.780967712402344,233.36282348632812,264.4504699707031,171.1422882080078,153.66000366210938,173.53517150878906,159.64468383789062,343.9950866699219
2022-09-02,152.8241424560547,247.805908203125,13.59400749206543,70.90608978271484,39.73509216308594,103.20574951171875,30.235857009887695,301.0146484375,76.06481170654297,39.20670700073242,145.26361083984375,36.222267150878906,75.98414611816406,476.3671875,94.4814453125,83.85002136230469,134.33889770507812,95.48491668701172,34.46512985229492,64.27021789550781,42.31100082397461,123.51036071777344,54.029937744140625,231.579345703125,263.12542724609375,169.63198852539062,151.82000732421875,170.04141235351562,159.1900177001953,342.52935791015625
2022-09-06,151.5686798095703,245.08648681640625,13.412712097167969,70.09902954101562,39.628150939941406,103.23299407958984,29.90121078491211,296.48321533203125,74.94670867919922,38.75481033325195,145.65634155273438,36.26982498168945,76.15157318115234,477.5942687988281,94.6750259399414,83.28861999511719,133.71763610839844,94.07335662841797,33.978546142578125,62.503883361816406,42.101036071777344,122.13260650634766,54.05644607543945,231.4701690673828,260.9981384277344,169.47250366210938,152.38999938964844,168.86770629882812,159.11695861816406,341.43243408203125
2022-09-07,152.9713134765625,249.7704620361328,13.664804458618164,70.72569274902344,40.11825942993164,105.19347381591797,30.36248779296875,300.1791687011719,76.46977233886719,39.622459411621094,146.45077514648438,36.56309127807617,76.5481185913086,481.28448486328125,96.50936126708984,82.57807159423828,132.00701904296875,92.45391845703125,33.70570373535156,61.148765563964844,43.182674407958984,123.97860717773438,55.05487060546875,235.1371307373047,268.1463317871094,169.66009521484375,155.9499969482422,172.04302978515625,159.38485717773438,346.04718017578125
2022-09-08,151.5000457763672,250.18661499023438,13.939815521240234,70.87759399414062,40.43014907836914,107.64403533935547,31.339290618896484,304.5561218261719,77.86078643798828,40.87873077392578,147.62901306152344,37.31607437133789,77.03276062011719,486.6631774902344,98.62020874023438,83.25352478027344,132.72189331054688,93.80487823486328,34.715232849121094,60.382415771484375,43.40217208862305,124.14071655273438,54.88698959350586,236.6475372314453,270.33673095703125,171.8083038330078,157.7899932861328,170.88754272460938,159.25498962402344,348.44903564453125
2022-09-09,154.35427856445312,255.93515014648438,14.335390090942383,72.07392883300781,40.786598205566406,108.16136169433594,31.601581573486328,308.8423767089844,78.7587661743164,40.96910858154297,147.91468811035156,37.91845703125,76.96226501464844,485.2563781738281,99.99365234375,84.64824676513672,136.1431427001953,96.96578979492188,36.0612907409668,61.44062423706055,43.53261184692383,126.03172302246094,55.06370162963867,236.1380157470703,270.2195739746094,177.75570678710938,157.52000427246094,174.4086456298828,161.33367919921875,352.0141296386719
2022-09-12,160.2981414794922,258.05450439453125,14.45296859741211,73.18480682373047,41.34800338745117,109.44113159179688,31.900053024291992,311.0944519042969,79.36621856689453,41.149879455566406,147.85218811035156,37.855045318603516,77.68482971191406,491.6513977050781,100.74030303955078,85.6219253540039,138.29629516601562,99.0615005493164,36.51603317260742,62.554988861083984,43.923919677734375,127.05823516845703,55.222740173339844,236.91139221191406,268.2094421386719,180.4854736328125,158.72000122070312,174.71798706054688,162.535400390625,353.6973876953125
2022-09-13,150.8919219970703,243.8671112060547,13.08389663696289,72.19735717773438,39.30733871459961,105.63818359375,30.75140380859375,298.2086181640625,76.63704681396484,39.062103271484375,144.00502014160156,36.610652923583984,76.0282211303711,475.65008544921875,97.56016540527344,83.6219253540039,135.6665802001953,97.27753448486328,34.98809051513672,61.1877555847168,43.01724624633789,124.42882537841797,53.42911148071289,231.41558837890625,250.5325927734375,172.896484375,147.30999755859375,168.30355834960938,156.4779815673828,343.5506286621094
2022-09-14,152.33370971679688,244.08970642089844,13.080907821655273,68.47545623779297,39.17367935180664,105.39313507080078,30.63381576538086,297.18243408203125,76.75150299072266,39.116329193115234,146.97743225097656,36.57894515991211,77.23627471923828,471.77239990234375,97.5048599243164,85.67453002929688,138.95159912109375,101.93661499023438,36.5978889465332,62.9295539855957,42.92180252075195,124.72600555419922,53.71184539794922,232.6803741455078,249.09927368164062,173.21543884277344,149.25999450683594,163.74522399902344,155.0570068359375,341.2811279296875
2022-09-15,149.45008850097656,237.47021484375,12.882623672485352,66.69046020507812,38.576622009277344,106.98147583007812,31.212669372558594,301.1416931152344,77.70231628417969,39.89360427856445,147.352294921875,36.41249084472656,77.05863189697266,483.9330139160156,96.84117126464844,83.18335723876953,136.69630432128906,100.07471466064453,36.043094635009766,60.95365524291992,42.46052932739258,123.76248168945312,52.98204803466797,230.6331024169922,244.7724151611328,171.18919372558594,149.77999877929688,160.91561889648438,150.2175750732422,339.26690673828125
2022-09-16,147.8120880126953,236.85081481933594,13.150655746459961,65.35169982910156,38.58553695678711,106.26445007324219,30.859933853149414,296.22894287109375,76.97158813476562,39.71284103393555,149.60169982910156,36.48383712768555,77.92025756835938,482.1838073730469,95.86412048339844,81.7623062133789,133.1474151611328,97.97032928466797,34.89714050292969,60.316871643066406,42.371456146240234,124.51889038085938,52.99094772338867,231.94334411621094,248.7657470703125,168.356201171875,144.2899932861328,161.36146545410156,143.48619079589844,335.2290344238281
2022-09-19,151.5196533203125,236.63790893554688,13.333995819091797,65.57958221435547,38.58553695678711,107.24468231201172,31.375471115112305,298.4537658691406,78.1072769165039,40.05628204345703,148.42344665527344,36.01618194580078,76.96089172363281,484.5252380371094,95.94706726074219,81.75353240966797,133.53042602539062,97.74516296386719,35.44282913208008,60.56970977783203,42.73411560058594,124.25775909423828,53.391448974609375,233.85415649414062,252.7770538330078,170.83273315429688,144.8800048828125,162.5260772705078,146.18197631835938,342.9737548828125
2022-09-20,153.89329528808594,234.6346435546875,13.128734588623047,64.66810607910156,37.943931579589844,105.12991333007812,30.9051570892334,293.55010986328125,76.76030731201172,39.23382568359375,147.2541046142578,35.485145568847656,76.39240264892578,483.8311767578125,94.30632019042969,81.08687591552734,133.0027618408203,97.05238342285156,35.0153694152832,60.19512939453125,42.4859733581543,123.8165283203125,53.31134796142578,232.38919067382812,247.14317321777344,166.9678497314453,145.94000244140625,161.05209350585938,142.6498260498047,336.2597961425781
2022-09-21,150.77420043945312,231.24746704101562,13.213428497314453,63.3768196105957,37.06172180175781,102.09846496582031,29.98261260986328,291.23443603515625,76.02959442138672,38.20350646972656,145.74560546875,34.811424255371094,75.08662414550781,473.91021728515625,92.77616882324219,79.77986145019531,131.92190551757812,96.20368957519531,34.17863464355469,58.69680404663086,42.874080657958984,122.22265625,52.866336822509766,228.45840454101562,244.7995147705078,161.3018798828125,143.2899932861328,158.58641052246094,141.14767456054688,330.79400634765625
2022-09-22,149.81300354003906,233.21200561523438,12.515941619873047,62.69321823120117,36.66961669921875,100.93669891357422,29.39472007751465,284.1604309082031,74.62977600097656,37.52564239501953,148.3341827392578,35.32662582397461,77.73371887207031,478.8891906738281,93.163330078125,79.446533203125,131.81979370117188,95.31172180175781,34.76980972290039,57.94764709472656,42.43506622314453,122.65491485595703,52.74173355102539,225.60130310058594,242.60906982421875,159.98858642578125,138.7100067138672,157.63107299804688,136.3001251220703,327.31402587890625
2022-09-23,147.54727172851562,230.25064086914062,12.47110366821289,61.28799819946289,36.232975006103516,99.05792236328125,28.698291778564453,274.2167663574219,71.75973510742188,36.522430419921875,148.8162078857422,34.9382438659668,77.08527374267578,475.32611083984375,92.80381774902344,75.21852111816406,123.20713806152344,87.1107177734375,31.832164764404297,54.9978141784668,41.375709533691406,122.08760070800781,52.15434265136719,223.79058837890625,244.23155212402344,154.06930541992188,131.25999450683594,155.92965698242188,133.43377685546875,316.05145263671875
2022-09-26,147.88076782226562,229.7957763671875,12.184134483337402,60.24358367919922,36.16168975830078,96.92501831054688,28.065174102783203,267.54229736328125,70.21910095214844,36.160911560058594,147.9057159423828,34.74009323120117,76.55229949951172,470.4674987792969,92.029541015625,73.66590118408203,119.96460723876953,85.906982421875,30.795339584350586,54.201839447021484,41.77336120605469,122.20463562011719,51.504634857177734,221.7979278564453,240.30133056640625,152.54966735839844,127.33999633789062,154.73776245117188,131.33885192871094,314.17913818359375
2022-09-27,148.85177612304688,228.7893524169922,12.368471145629883,59.2656364440918,36.10821533203125,96.07183837890625,27.649120330810547,264.60009765625,69.97257995605469,36.178993225097656,147.2273406982422,34.946170806884766,76.25027465820312,470.4767761230469,90.6376724243164,75.2097396850586,120.01566314697266,85.52593231201172,30.904470443725586,54.8105354309082,41.65884017944336,118.8458251953125,50.17852783203125,215.37400817871094,242.203369140625,152.3807830810547,127.51000213623047,154.73776245117188,133.7910919189453,317.4320983886719
2022-09-28,146.96856689453125,233.29913330078125,12.690314292907715,59.882789611816406,36.83894729614258,98.01416015625,28.10135269165039,273.1452941894531,71.72452545166016,36.88395690917969,148.4948272705078,35.21566390991211,77.08527374267578,475.6315612792969,90.99717712402344,77.94654083251953,124.06668090820312,90.48037719726562,32.23232650756836,57.50751495361328,42.34598922729492,118.8458251953125,50.7125244140625,215.59237670898438,254.37258911132812,157.37132263183594,133.44000244140625,158.15878295898438,135.69923400878906,327.0965270996094
2022-09-29,139.7495880126953,229.84420776367188,12.176164627075195,58.297183990478516,36.15277099609375,96.35321044921875,27.73052406311035,268.89532470703125,70.30712127685547,36.60377502441406,146.8613739013672,35.00165557861328,76.96089172363281,470.9024353027344,90.60079956054688,77.78864288330078,123.20713806152344,91.06019592285156,32.71435546875,58.163028717041016,42.0723991394043,115.89225006103516,50.34762954711914,213.28123474121094,250.8931121826172,155.6265106201172,125.33000183105469,154.73776245117188,134.23764038085938,323.5197448730469
2022-09-30,135.55160522460938,225.39248657226562,12.095455169677734,57.983856201171875,35.644832611083984,94.84656524658203,27.314476013183594,266.1165771484375,69.55879974365234,36.350711822509766,145.81703186035156,34.684608459472656,76.49901580810547,467.3950500488281,89.19050598144531,76.5869140625,122.27094268798828,89.90062713623047,32.65070343017578,57.54496383666992,41.26118850708008,113.68607330322266,49.85812759399414,209.9509735107422,248.73866271972656,153.91925048828125,121.08000183105469,151.91722106933594,131.1683349609375,316.7742614746094
2022-10-03,139.72021484375,232.979736328125,12.467116355895996,59.89228439331055,36.79438400268555,97.7781753540039,28.11943817138672,271.65594482421875,70.76490783691406,37.57987594604492,145.6741943359375,34.985801696777344,77.76925659179688,477.0846252441406,91.73458099365234,80.63075256347656,129.13047790527344,96.60322570800781,34.83346939086914,59.989112854003906,42.1614875793457,115.72115325927734,50.41883087158203,214.1365509033203,255.73377990722656,160.62646484375,126.05000305175781,157.4400177001953,132.4269256591797,326.41339111328125
2022-10-04,143.3002471923828,240.8573760986328,13.119768142700195,62.370384216308594,37.612831115722656,102.35258483886719,29.286184310913086,285.9311218261719,73.92548370361328,39.3513069152832,147.8343048095703,35.23942947387695,78.5154037475586,484.173583984375,95.01608276367188,83.56930541992188,134.15170288085938,101.56645202636719,35.57925796508789,61.96501541137695,42.70866012573242,117.15293884277344,50.53453826904297,217.01181030273438,261.0160217285156,168.50628662109375,133.50999450683594,162.125732421875,137.13648986816406,341.8209228515625
2022-10-05,143.59449768066406,241.16702270507812,13.161617279052734,63.27238464355469,37.76572799682617,101.08885192871094,28.870140075683594,280.6006774902344,73.16836547851562,39.1434326171875,147.37908935546875,34.969940185546875,78.5154037475586,487.7829284667969,95.29261016845703,86.94647979736328,134.9176483154297,101.83877563476562,37.80751037597656,63.435245513916016,42.28555679321289,116.3425064086914,50.053924560546875,217.54867553710938,261.2774658203125,167.33375549316406,132.11000061035156,161.77996826171875,136.35694885253906,337.5326843261719
2022-10-06,142.64303588867188,238.83468627929688,13.082900047302246,62.00010299682617,37.343013763427734,99.02843475341797,28.45408821105957,276.6686706542969,71.58366394042969,38.17638397216797,144.5227508544922,34.15355682373047,77.6715316772461,480.43475341796875,94.43536376953125,89.52538299560547,137.377197265625,103.34970092773438,38.64424514770508,66.01985931396484,41.89107131958008,113.89320373535156,48.97701644897461,213.5996856689453,261.7643127441406,167.737060546875,132.1999969482422,159.2596893310547,134.46499633789062,337.248046875
2022-10-07,137.4053955078125,226.6892852783203,12.032679557800293,60.091670989990234,36.21876525878906,97.05044555664062,27.811927795410156,273.4085998535156,69.48836517333984,37.769676208496094,142.99636840820312,33.543251037597656,77.81366729736328,467.2191467285156,93.82699584960938,88.62188720703125,136.19419860839844,104.10517883300781,38.73518371582031,65.36434173583984,40.89851379394531,111.90310668945312,48.51421356201172,212.1802520751953,256.29266357421875,166.5550994873047,129.7899932861328,155.95692443847656,129.21957397460938,337.8931579589844
2022-10-10,137.7290802001953,221.86012268066406,11.62813949584961,59.40806198120117,35.876991271972656,96.14385223388672,27.73052406311035,272.918212890625,69.03057861328125,37.46238327026367,143.18382263183594,33.091461181640625,80.37191772460938,461.6756591796875,93.2186279296875,86.70085906982422,133.7346649169922,102.60301971435547,38.31682586669922,61.4593391418457,41.14029312133789,111.4438705444336,48.407413482666016,213.78170776367188,254.615966796875,167.60574340820312,131.89999389648438,156.39369201660156,129.706787109375,341.2422180175781
2022-10-11,136.3166961669922,218.14393615722656,11.544439315795898,59.56074523925781,35.598182678222656,93.36915588378906,26.925561904907227,267.1700134277344,67.78922271728516,36.359745025634766,145.25465393066406,33.2262077331543,80.87821960449219,462.5547790527344,93.79012298583984,85.9640121459961,133.76016235351562,101.53133392333984,37.980316162109375,59.961002349853516,42.20602035522461,111.8670883178711,48.487518310546875,215.69244384765625,255.0035400390625,168.61886596679688,131.57000732421875,157.96771240234375,129.4388427734375,344.70513916015625
2022-10-12,135.68894958496094,218.47296142578125,11.458747863769531,60.86819839477539,35.31937026977539,94.88013458251953,27.00696563720703,268.16888427734375,67.43707275390625,36.61281204223633,145.21896362304688,33.31338882446289,80.31861114501953,462.693603515625,92.25077819824219,86.3412094116211,134.16018676757812,102.16381072998047,38.216773986816406,60.97237777709961,41.72883224487305,112.04720306396484,49.074913024902344,215.7015838623047,252.86724853515625,168.38433837890625,130.4199981689453,157.2125244140625,129.4956512451172,342.6937561035156
2022-10-13,140.24986267089844,226.6892852783203,11.917097091674805,62.223365783691406,36.524566650390625,100.15481567382812,28.662111282348633,278.8481140136719,69.83171081542969,38.30291748046875,147.41477966308594,34.066375732421875,82.1573715209961,471.9020080566406,94.89948272705078,89.35872650146484,140.66226196289062,107.82103729248047,40.190364837646484,63.67873001098633,42.08195114135742,113.74009704589844,49.7246208190918,224.51853942871094,254.94947814941406,171.79891967773438,132.39999389648438,161.54344177246094,132.8897705078125,348.3482971191406
2022-10-14,135.7281951904297,221.19235229492188,11.186727523803711,61.3740119934082,36.15580749511719,101.82147216796875,28.671157836914062,272.4187316894531,66.29261016845703,39.01690673828125,146.7989044189453,33.97125244140625,81.88200378417969,474.8819885253906,93.45472717285156,87.00786590576172,136.2877960205078,103.62202453613281,38.34409713745117,62.44260025024414,41.493404388427734,112.63249969482422,48.932525634765625,221.2519989013672,249.18035888671875,167.15542602539062,133.14999389648438,158.45901489257812,131.28204345703125,338.8324279785156
2022-10-17,139.68093872070312,229.8732147216797,11.845356941223145,63.960289001464844,37.145145416259766,106.09796142578125,30.407703399658203,278.5211181640625,67.91249084472656,39.73091506958008,148.7001190185547,34.59741973876953,83.60527038574219,482.97979736328125,95.87191009521484,88.26225280761719,137.2835693359375,103.97340393066406,38.98074722290039,63.079402923583984,41.79246139526367,114.66759490966797,49.564414978027344,224.27284240722656,253.5343017578125,169.60385131835938,136.08999633789062,161.07937622070312,133.75045776367188,344.0030212402344
2022-10-18,140.99526977539062,230.81198120117188,11.924070358276367,63.96982192993164,37.585853576660156,108.82688903808594,31.547311782836914,285.0049133300781,69.9373550415039,40.37260437011719,148.18243408203125,34.946170806884766,84.04053497314453,483.2852478027344,97.2240219116211,88.42013549804688,138.48355102539062,103.56053924560547,39.43548583984375,63.47269821166992,42.67366409301758,115.59510040283203,50.23192596435547,226.73870849609375,256.9596862792969,172.18353271484375,137.33999633789062,163.66334533691406,135.59368896484375,352.2760314941406
2022-10-19,141.10316467285156,228.85708618164062,12.007769584655762,63.273162841796875,37.66679382324219,106.6932144165039,30.679044723510742,283.10699462890625,68.3526840209961,39.423614501953125,147.0041961669922,34.169410705566406,82.84135437011719,481.53607177734375,90.8615951538086,91.04290771484375,142.97711181640625,106.3891372680664,41.35451126098633,64.1094741821289,42.55278015136719,116.66667938232422,49.80472183227539,228.1581573486328,248.33311462402344,172.9903106689453,138.38999938964844,163.11746215820312,134.61929321289062,352.2855224609375
2022-10-20,140.64215087890625,228.53768920898438,12.150259017944336,66.08848571777344,37.513893127441406,106.34521484375,30.480060577392578,282.2442932128906,67.43707275390625,39.45073318481445,147.37908935546875,34.010887145996094,82.5571060180664,482.0543212890625,88.17585754394531,91.16573333740234,143.79412841796875,107.00407409667969,41.55460739135742,64.4747085571289,42.65776824951172,115.16397857666016,49.021522521972656,227.26644897460938,242.89743041992188,169.35997009277344,139.1300048828125,161.62530517578125,130.713623046875,346.7828063964844
2022-10-21,144.44786071777344,234.3152618408203,12.421282768249512,69.3809814453125,38.49424362182617,111.93125915527344,31.610628128051758,295.2209777832031,69.74368286132812,40.517215728759766,150.5924835205078,35.62781524658203,84.98210144042969,493.9464111328125,88.03691101074219,92.85869598388672,147.3940887451172,109.35831451416016,45.847389221191406,66.7315673828125,43.51988220214844,116.60591888427734,49.80472183227539,231.61578369140625,248.36915588378906,179.63449096679688,141.32000732421875,166.32920837402344,134.42440795898438,363.4237365722656
2022-10-24,146.58607482910156,239.2798614501953,12.553804397583008,69.59092712402344,39.15979766845703,112.06861877441406,31.719158172607422,298.4901123046875,69.92854309082031,40.85161209106445,152.61871337890625,36.095455169677734,86.49220275878906,501.22979736328125,91.0282974243164,93.50779724121094,147.34303283691406,109.92929077148438,47.42991256713867,66.32888793945312,44.35020446777344,117.32233428955078,51.237632751464844,232.31640625,255.33709716796875,180.6543731689453,142.0500030517578,170.0504913330078,136.0484161376953,366.1086730957031
2022-10-25,149.420654296875,242.57998657226562,13.213428497314453,69.8008804321289,39.897300720214844,112.36166381835938,32.00859069824219,301.85003662109375,70.8793716430664,41.00526809692383,152.37771606445312,36.13508987426758,86.79420471191406,499.9526672363281,90.71342468261719,92.87623596191406,148.8749237060547,108.87515258789062,47.72095489501953,66.57234954833984,44.5601692199707,118.67357635498047,52.46583938598633,232.689453125,261.6471252441406,183.99737548828125,146.64999389648438,172.55255126953125,135.60179138183594,371.55438232421875
2022-10-26,146.48797607421875,223.86343383789062,12.849740028381348,71.40419006347656,39.915287017822266,113.65287017822266,32.28896713256836,304.837646484375,71.23152923583984,41.303524017333984,153.71665954589844,36.50761032104492,87.41600799560547,502.68280029296875,91.14869689941406,93.98147583007812,150.71319580078125,111.18548583984375,47.457191467285156,67.91148376464844,44.90056228637695,119.50790405273438,52.857444763183594,233.4901580810547,261.54791259765625,185.99945068359375,133.7899932861328,173.11666870117188,137.21768188476562,371.12750244140625
2022-10-27,142.0251922607422,219.4407196044922,13.128734588623047,71.71912384033203,39.95125961303711,114.10157012939453,32.44272232055664,306.1907653808594,71.03783416748047,41.258331298828125,153.80587768554688,36.25397491455078,88.59742736816406,501.4150695800781,89.76878356933594,94.34111022949219,151.4025421142578,111.2469711303711,47.00244903564453,67.30280303955078,44.770137786865234,119.59859466552734,52.98204803466797,241.2243194580078,262.3681945800781,200.33465576171875,139.75999450683594,178.77589416503906,135.1876983642578,374.3626403808594
2022-10-28,152.75550842285156,228.2667236328125,13.784374237060547,73.8282241821289,41.04853439331055,115.45687866210938,32.72310256958008,310.4043273925781,73.0867919921875,41.89098358154297,156.09097290039062,37.593482971191406,89.5123519897461,510.1512451171875,92.13963317871094,97.10425567626953,153.17274475097656,111.71255493164062,45.88377380371094,67.27471160888672,45.33640670776367,122.62754821777344,54.07674789428711,249.7865447998047,269.2100524902344,207.13397216796875,143.83999633789062,186.4550323486328,135.7398223876953,376.5068054199219
2022-10-31,150.40147399902344,224.64730834960938,13.44858455657959,74.50582122802734,40.85966110229492,115.27371978759766,32.59648513793945,312.84710693359375,73.04234313964844,41.565616607666016,155.2876434326172,36.8959846496582,89.8943099975586,513.7698364257812,91.63027954101562,97.20074462890625,153.9556884765625,110.76383209228516,47.320770263671875,67.98641204833984,45.27913284301758,122.12879180908203,53.266849517822266,248.0941619873047,266.9384460449219,204.41424560546875,142.50999450683594,185.62710571289062,136.22703552246094,375.5296936035156
2022-11-01,147.7630157470703,220.81494140625,13.494420051574707,73.58963775634766,40.88664245605469,117.35245513916016,32.74119567871094,316.5429382324219,74.42017364501953,42.43326187133789,154.50210571289062,38.05320358276367,88.61518096923828,506.5142822265625,91.97293090820312,98.1656494140625,155.0791015625,112.24840545654297,46.88421630859375,69.11015319824219,45.075538635253906,122.3192367553711,53.07994842529297,248.35800170898438,266.8753356933594,206.34075927734375,143.3800048828125,184.79002380371094,135.92660522460938,368.7840576171875
2022-11-02,142.25074768066406,213.005126953125,13.171582221984863,71.69049835205078,40.086177825927734,116.27186584472656,32.64170455932617,317.6417541503906,74.99795532226562,42.369998931884766,152.12779235839844,37.308143615722656,88.29540252685547,502.9234619140625,90.7967758178711,96.14811706542969,151.9131622314453,111.1327896118164,46.51132583618164,66.58171844482422,44.7764892578125,120.55989074707031,52.341243743896484,246.0104217529297,260.2679443359375,202.60108947753906,147.41000366210938,182.3970947265625,133.63681030273438,366.1655578613281
2022-11-03,136.2186279296875,207.34364318847656,13.372857093811035,71.60458374023438,39.4386100769043,116.48250579833984,32.46082305908203,316.8063049316406,74.33126831054688,41.42399978637695,152.38662719726562,37.22819900512695,87.718017578125,503.09002685546875,89.3242416381836,97.45513153076172,154.15147399902344,117.55422973632812,47.11158752441406,67.57438659667969,44.7669563293457,119.73464965820312,52.31454086303711,248.35800170898438,253.75062561035156,207.05844116210938,156.75,185.96371459960938,133.1739501953125,373.4518737792969
2022-11-04,135.95335388183594,214.25350952148438,14.105219841003418,72.53031158447266,40.04121017456055,119.66929626464844,33.27482604980469,325.0154724121094,75.42463684082031,42.515541076660156,153.06500244140625,37.74782180786133,88.11773681640625,498.05548095703125,90.82455444335938,98.51651763916016,156.1003875732422,116.23657989501953,48.29392623901367,68.61383056640625,44.84648132324219,121.92020416259766,52.74173355102539,249.87750244140625,256.03118896484375,215.17041015625,160.00999450683594,189.11178588867188,134.5380859375,374.8370361328125
2022-11-07,136.4838409423828,220.52462768554688,14.249699592590332,73.23652648925781,40.06818771362305,120.30115509033203,33.47380065917969,329.2381591796875,76.06466674804688,42.815711975097656,154.40394592285156,37.643898010253906,88.89056396484375,504.39495849609375,92.14891052246094,99.68318176269531,157.96417236328125,118.53813171386719,49.84914779663086,71.14225769042969,45.31731033325195,123.78836059570312,52.94644546508789,251.5062255859375,261.6561584472656,215.88815307617188,164.91000366210938,190.85867309570312,137.3313446044922,378.3283996582031
2022-11-08,137.05368041992188,221.49237060546875,14.54962158203125,72.1867446899414,40.122154235839844,120.3744125366211,33.56424331665039,330.56390380859375,75.80687713623047,42.915775299072266,155.17156982421875,37.85173797607422,90.16079711914062,511.8264465332031,92.27855682373047,99.99898529052734,157.73435974121094,118.09891510009766,49.740020751953125,70.07470703125,45.425472259521484,124.06948852539062,53.04435348510742,253.31695556640625,262.4403381347656,217.0213623046875,169.6199951171875,192.30535888671875,137.05526733398438,383.8310852050781
2022-11-09,132.50486755371094,217.27294921875,13.726582527160645,72.20582580566406,39.492576599121094,118.80850219726562,33.03062438964844,328.72955322265625,74.18014526367188,41.815128326416016,153.93084716796875,37.348121643066406,90.24073791503906,500.35980224609375,92.11184692382812,95.52533721923828,151.42808532714844,110.03472137451172,48.26663589477539,63.61317825317383,44.369285583496094,123.77022552490234,52.30563735961914,252.76197814941406,258.4830627441406,212.9889373779297,168.74000549316406,190.7510528564453,133.1739501953125,376.73455810546875
2022-11-10,144.29441833496094,235.1475372314453,15.693501472473145,73.64690399169922,41.06652069091797,123.69857025146484,34.48678970336914,343.5405578613281,78.93586730957031,43.616172790527344,155.7339324951172,37.8757209777832,90.5072250366211,503.6083068847656,96.52944946289062,96.9288101196289,154.29615783691406,113.7242202758789,48.29392623901367,66.00113677978516,45.2886848449707,128.0325469970703,54.18354797363281,251.0240020751953,280.9736328125,219.5144500732422,177.5800018310547,196.3922882080078,141.23046875,386.7152099609375
2022-11-11,147.07485961914062,239.14442443847656,16.2684326171875,74.19087219238281,40.2840461730957,123.90001678466797,34.74003219604492,349.7701110839844,80.69591522216797,43.2523307800293,151.0745086669922,38.05158615112305,87.01628112792969,483.16485595703125,96.39979553222656,99.95510864257812,158.68760681152344,117.67724609375,49.858245849609375,69.60647583007812,45.358665466308594,127.84210205078125,54.575157165527344,246.9385223388672,283.8941650390625,223.32962036132812,177.49000549316406,194.4996795654297,146.04141235351562,385.2162170410156
2022-11-14,145.6796875,233.76364135742188,16.23654556274414,74.94481658935547,40.239078521728516,122.62715148925781,34.15214157104492,347.21832275390625,79.83367156982422,42.63379669189453,153.44883728027344,39.36261749267578,89.1392822265625,475.4556884765625,94.47346496582031,100.24688720703125,158.76414489746094,117.30685424804688,49.1761360168457,68.62318420410156,44.02571105957031,127.85118865966797,54.05005645751953,247.73924255371094,276.664794921875,223.33905029296875,173.5500030517578,194.74652099609375,145.7135772705078,386.07958984375
2022-11-15,147.4088897705078,234.1700897216797,16.606218338012695,75.56512451171875,40.38298416137695,121.7388687133789,34.097869873046875,347.6905822753906,80.447021484375,42.48825454711914,153.87728881835938,38.82701110839844,88.47305297851562,465.51629638671875,95.51998138427734,100.91891479492188,160.04075622558594,118.2416000366211,49.72182846069336,69.70011138916016,46.90476989746094,127.4068374633789,53.961055755615234,243.70840454101562,281.180908203125,221.5353240966797,175.35000610351562,196.9683074951172,148.72964477539062,386.10809326171875
2022-11-16,146.1807861328125,234.59710693359375,15.852928161621094,76.24272155761719,39.92428207397461,121.90370178222656,33.79035568237305,347.19110107421875,79.84255981445312,42.03343963623047,154.83242797851562,38.41133117675781,88.76619720458984,473.3919982910156,95.95525360107422,99.84014892578125,157.43653869628906,113.96481323242188,48.193885803222656,67.35899353027344,47.24198532104492,128.54039001464844,53.86314392089844,247.9576416015625,283.8671569824219,219.4861297607422,172.69000244140625,195.66085815429688,145.11529541015625,385.5672912597656
2022-11-17,148.07691955566406,234.54859924316406,15.620762825012207,75.58421325683594,41.9029655456543,121.37255096435547,33.61851119995117,344.87548828125,79.06920623779297,41.83333206176758,156.08201599121094,38.635154724121094,90.88030242919922,476.89947509765625,94.98281860351562,99.9727783203125,157.88247680664062,115.68434143066406,48.04835891723633,66.91885375976562,47.08292007446289,127.75141906738281,54.03225326538086,248.73104858398438,280.73919677734375,217.61630249023438,172.77999877929688,196.12716674804688,144.2957000732422,391.8194274902344
2022-11-18,148.63690185546875,234.1021728515625,15.35372543334961,76.09003448486328,42.98224639892578,122.56303405761719,33.6365966796875,344.3487854003906,79.29144287109375,42.2972297668457,157.2781524658203,38.555213928222656,92.58582305908203,490.4945373535156,96.196044921875,99.1062240600586,156.9390869140625,113.39164733886719,48.6031494140625,66.72219848632812,47.79234313964844,129.29310607910156,54.41495132446289,248.74012756347656,282.30767822265625,218.5511932373047,173.88999938964844,196.1454315185547,146.68064880371094,393.0244445800781
2022-11-21,145.4144744873047,234.9076690673828,15.262055397033691,76.17591857910156,42.829341888427734,121.83960723876953,33.745140075683594,345.2659606933594,79.18475341796875,42.60649871826172,158.08670043945312,38.5152473449707,93.8116455078125,478.6393737792969,96.20531463623047,98.12471771240234,155.438232421875,110.65803527832031,47.539039611816406,65.16767883300781,48.085018157958984,130.93450927734375,55.25156021118164,249.7865447998047,285.5528259277344,219.25,172.94000244140625,198.00146484375,148.02481079101562,390.59552001953125
2022-11-22,147.54641723632812,237.7997283935547,15.98047161102295,78.37091064453125,43.51288986206055,123.66193389892578,33.90793991088867,348.589599609375,79.709228515625,42.85209655761719,158.8502960205078,39.23470687866211,94.95751953125,484.0996398925781,97.12216186523438,100.963134765625,159.42623901367188,114.61736297607422,48.785057067871094,68.14561462402344,48.25682067871094,132.05908203125,55.49185562133789,250.00491333007812,292.854248046875,224.05674743652344,172.5,200.012939453125,149.77052307128906,395.20654296875
2022-11-23,148.42079162597656,240.27452087402344,16.459739685058594,78.79083251953125,43.683773040771484,124.98062133789062,34.016475677490234,350.7508850097656,79.94035339355469,43.05221176147461,159.02096557617188,39.050846099853516,94.886474609375,490.2261962890625,98.18717956542969,100.45911407470703,158.01113891601562,111.76030731201172,46.765987396240234,66.6004867553711,48.48904800415039,132.811767578125,55.741065979003906,248.6491241455078,289.8165588378906,223.73568725585938,174.85000610351562,200.1500701904297,149.85244750976562,415.0920104980469
2022-11-25,145.51272583007812,240.18716430664062,16.211637496948242,78.94351959228516,43.53086853027344,125.21871185302734,34.097869873046875,353.1209716796875,80.81148529052734,43.15226745605469,159.22763061523438,39.338626861572266,95.4905014038086,497.54656982421875,99.05774688720703,100.10542297363281,157.54798889160156,111.82202911376953,46.2293815612793,65.81383514404297,48.69581985473633,133.05657958984375,55.794464111328125,250.22329711914062,294.20648193359375,222.5835723876953,178.36000061035156,201.19236755371094,149.5902099609375,418.839599609375
2022-11-28,141.69091796875,234.62623596191406,15.770223617553711,77.67425537109375,43.243064880371094,123.03006744384766,33.338134765625,347.21832275390625,79.90479278564453,42.73384094238281,159.3084716796875,39.62641525268555,96.3343734741211,492.5953369140625,97.60374450683594,97.09898376464844,152.9682159423828,109.20307159423828,45.3653678894043,63.894107818603516,48.83580780029297,132.9477996826172,55.80336380004883,248.29429626464844,287.48187255859375,219.37277221679688,171.8300018310547,197.27914428710938,147.45108032226562,418.59283447265625
2022-11-29,138.6944122314453,233.2384033203125,15.582901954650879,77.15889739990234,43.422943115234375,125.0538330078125,33.46476745605469,348.4442138671875,80.96259307861328,43.27052688598633,158.1945037841797,39.56246566772461,96.6808090209961,488.6436462402344,97.24254608154297,97.7444839477539,155.25811767578125,109.56461334228516,46.42947006225586,64.71820068359375,48.66402053833008,131.9320831298828,55.60756301879883,246.9567413330078,284.8135681152344,222.03585815429688,175.32000732421875,198.14773559570312,151.53260803222656,418.3650817871094
2022-11-30,145.43411254882812,247.6114044189453,16.866605758666992,79.23937225341797,44.718082427978516,126.53738403320312,34.2335319519043,352.959716796875,82.7315444946289,43.616172790527344,159.91041564941406,40.07407760620117,97.81781768798828,506.9306335449219,99.6319351196289,98.45187377929688,157.2135467529297,108.91207122802734,46.88421630859375,65.07405090332031,48.48904800415039,135.26939392089844,57.01478576660156,249.61029052734375,293.8188781738281,223.25404357910156,178.8800048828125,200.73526000976562,155.49937438964844,418.3936462402344
2022-12-01,145.70921325683594,247.17469787597656,17.07790184020996,80.27006530761719,44.94292449951172,124.76083374023438,33.251014709472656,350.8208312988281,82.66932678222656,42.63379669189453,160.5751495361328,40.83351135253906,97.53355407714844,496.8893737792969,99.9560775756836,97.97440338134766,156.5102996826172,108.5152359008789,47.0752067565918,64.42788696289062,48.79127883911133,135.3510284423828,57.17611312866211,250.16847229003906,296.612060546875,222.5741424560547,175.77999877929688,198.76034545898438,155.8763885498047,419.1620178222656
2022-12-02,145.2179718017578,247.49497985839844,16.819759368896484,79.54476165771484,44.700096130371094,123.7718276977539,32.823455810546875,347.8684387207031,81.86930084228516,41.787841796875,160.70095825195312,40.69760513305664,97.74673461914062,497.724853515625,100.10426330566406,97.14320373535156,155.25811767578125,107.7392578125,48.011985778808594,63.87538146972656,48.74354553222656,136.58438110351562,57.67804718017578,250.16847229003906,297.4463806152344,222.98963928222656,182.8699951171875,200.3054962158203,155.22073364257812,422.767333984375
2022-12-05,144.05865478515625,242.81719970703125,16.55465316772461,75.80372619628906,44.36731719970703,120.30115509033203,31.358762741088867,339.6054382324219,79.83367156982422,39.71391296386719,160.61109924316406,40.5537223815918,97.7200927734375,496.6852111816406,97.62226104736328,94.48162078857422,151.4245147705078,105.2613754272461,46.7296028137207,62.14295959472656,48.244083404541016,135.2059326171875,56.8892936706543,248.51231384277344,290.2729797363281,219.62779235839844,185.10000610351562,197.12368774414062,148.47560119628906,414.4942626953125
2022-12-06,140.40391540527344,237.8870849609375,15.933727264404297,75.30746459960938,43.70175552368164,120.50263214111328,30.021442413330078,331.71722412109375,77.78915405273438,39.4774169921875,158.20346069335938,39.73833465576172,96.76074981689453,500.6583557128906,96.1867904663086,91.85540771484375,147.52220153808594,101.94580078125,46.43301773071289,60.06402587890625,47.6841926574707,135.3782501220703,56.86240768432617,248.67701721191406,287.8879699707031,215.5859375,178.42999267578125,194.92025756835938,143.5089111328125,415.78460693359375
2022-12-07,138.46849060058594,237.15919494628906,16.0662841796875,75.18338775634766,43.333003997802734,120.42019653320312,29.784908294677734,328.9842224121094,77.58470916748047,38.613277435302734,159.1647186279297,40.16201400756836,97.79116821289062,503.99102783203125,97.06658172607422,91.65204620361328,147.95960998535156,101.30207061767578,45.44739532470703,59.886104583740234,47.43604278564453,136.2488250732422,56.95203399658203,247.36856079101562,290.33648681640625,216.23756408691406,176.5,195.15797424316406,143.15647888183594,418.06158447265625
2022-12-08,140.14845275878906,240.0998077392578,17.111791610717773,76.41451263427734,44.061519622802734,121.6839370727539,29.51198387145996,327.30230712890625,78.83808135986328,38.73152160644531,159.19171142578125,41.393096923828125,98.46627044677734,508.641845703125,99.02070617675781,92.3329086303711,148.83441162109375,99.29155731201172,45.55691909790039,59.66135025024414,47.50948715209961,137.22824096679688,57.19404220581055,250.1593475341797,293.9096374511719,218.06956481933594,179.0800018310547,195.06654357910156,147.22161865234375,420.22467041015625
2022-12-09,139.6670379638672,238.17822265625,16.94434928894043,76.2140884399414,43.584835052490234,121.02458190917969,29.457399368286133,328.271240234375,79.53144073486328,38.65876388549805,157.8800506591797,41.345130920410156,96.62749481201172,500.5469665527344,99.56713104248047,91.55477142333984,144.08311462402344,97.01649475097656,42.864749908447266,58.74174880981445,46.401432037353516,136.86549377441406,56.593502044677734,248.92408752441406,290.6357727050781,214.6416015625,179.5399932861328,193.4939727783203,145.5906524658203,412.52099609375
2022-12-12,141.9561767578125,245.05902099609375,17.47657012939453,77.56926727294922,44.340335845947266,122.90186309814453,29.775815963745117,331.9639892578125,80.99815368652344,38.986228942871094,159.76663208007812,41.696861267089844,96.79627990722656,506.7294616699219,101.40081787109375,93.8095932006836,145.5839385986328,98.5684585571289,44.80858612060547,60.08361053466797,47.26679992675781,138.27113342285156,57.337459564208984,253.11488342285156,297.4373779296875,220.09051513671875,186.27000427246094,196.1179962158203,149.598388671875,414.6460876464844
2022-12-13,142.91903686523438,249.33892822265625,18.011777877807617,76.88212585449219,44.64612579345703,122.78280639648438,29.794008255004883,337.0003662109375,82.41152954101562,38.76791763305664,160.9974365234375,42.4243278503418,98.5195541381836,499.63726806640625,103.29012298583984,94.83531951904297,148.82582092285156,100.00580596923828,46.58814239501953,60.31820297241211,47.09756851196289,138.06259155273438,57.35538101196289,250.97372436523438,301.8901062011719,222.38526916503906,187.1300048828125,196.53860473632812,150.6802520751953,414.7789306640625
2022-12-14,140.69862365722656,249.63003540039062,17.61510467529297,78.08462524414062,44.340335845947266,122.16927337646484,29.366430282592773,329.4046325683594,80.447021484375,38.36767578125,161.4915008544922,43.551490783691406,99.74456787109375,499.76715087890625,103.04007720947266,94.13677215576172,147.79669189453125,99.5296401977539,46.0223388671875,59.75518798828125,46.83570861816406,138.60670471191406,57.35538101196289,251.2025146484375,302.3798522949219,221.43142700195312,188.25,196.3191375732422,151.0572509765625,415.96484375
2022-12-15,134.10629272460938,241.6623077392578,16.89551544189453,76.41451263427734,43.306026458740234,119.13817596435547,28.902463912963867,319.7614440917969,78.03805541992188,37.63088607788086,159.4522247314453,42.85599899291992,98.02776336669922,489.8528747558594,100.50251007080078,93.23483276367188,146.6903076171875,99.24745178222656,45.730308532714844,59.26723861694336,46.41738510131836,137.03781127929688,56.566619873046875,248.64039611816406,297.0927429199219,217.8240509033203,183.72000122070312,191.0618896484375,148.5165252685547,407.75830078125
2022-12-16,132.15121459960938,237.4698028564453,16.515783309936523,75.94686889648438,43.0002326965332,118.39639282226562,28.838777542114258,316.58062744140625,77.21136474609375,37.4671630859375,157.8171844482422,41.089324951171875,97.64326477050781,486.158203125,99.01145935058594,92.58049011230469,144.70062255859375,97.3868408203125,45.06410598754883,58.676063537597656,45.58393859863281,136.43014526367188,56.24394607543945,243.507080078125,293.2294921875,219.7694091796875,184.6999969482422,191.76589965820312,146.0496063232422,408.9916687011719
2022-12-19,130.0487060546875,233.3549041748047,16.1998348236084,76.82486724853516,42.63147735595703,119.1015396118164,29.166284561157227,314.9901428222656,76.04688262939453,38.04021453857422,157.64645385742188,41.057350158691406,97.85786437988281,486.06524658203125,98.715087890625,92.99610137939453,145.69544982910156,97.3868408203125,45.47477722167969,58.5634651184082,45.599910736083984,136.3939208984375,56.324615478515625,243.24172973632812,287.779052734375,219.3633270263672,185.67999267578125,191.46421813964844,146.2381134033203,410.49066162109375
2022-12-20,129.97998046875,234.66506958007812,16.03139877319336,77.24478149414062,42.6044921875,119.67843627929688,29.284555435180664,314.8804016113281,75.70021057128906,37.276145935058594,157.8171844482422,41.025360107421875,98.09928894042969,482.91845703125,98.62247467041016,94.34014892578125,148.08824157714844,99.33564758300781,47.23609924316406,58.52592468261719,45.99906539916992,136.44833374023438,56.2797966003418,244.54110717773438,285.5210266113281,222.05474853515625,188.2899932861328,193.36595153808594,142.30410766601562,413.0427551269531
2022-12-21,133.07470703125,237.21743774414062,16.446016311645508,77.77922058105469,42.865318298339844,121.02458190917969,29.73032569885254,320.0631103515625,77.22026824951172,37.40348815917969,159.62289428710938,41.29717254638672,99.35112762451172,489.72283935546875,100.15057373046875,95.55155181884766,149.8292694091797,102.53660583496094,48.65061950683594,59.80210876464844,46.35991287231445,137.69981384277344,57.185081481933594,245.37368774414062,289.6200256347656,228.2779998779297,196.0,196.6665802001953,144.8038330078125,419.0008239746094
2022-12-22,129.91116333007812,231.1615753173828,15.287884712219238,76.81533813476562,42.55952072143555,119.65097045898438,29.46649932861328,315.8767395019531,76.77581024169922,37.00325393676758,159.0389404296875,41.28117370605469,99.4673843383789,489.3051452636719,100.04869842529297,93.62390899658203,147.58229064941406,99.55606842041016,46.89842987060547,57.991058349609375,45.817054748535156,138.0172119140625,56.77277374267578,243.18679809570312,286.6817932128906,224.3211669921875,188.25,194.11569213867188,143.92691040039062,413.51708984375
2022-12-23,129.54769897460938,231.6856689453125,15.155327796936035,77.15889739990234,42.70343017578125,120.21871948242188,29.53927993774414,315.8127746582031,76.54467010498047,37.276145935058594,159.44326782226562,41.43307113647461,100.0217514038086,493.22265625,100.18761444091797,96.09979248046875,152.14492797851562,103.85954284667969,48.35859680175781,60.008548736572266,45.9096565246582,138.40719604492188,57.203006744384766,244.8339080810547,289.0487365722656,226.5215301513672,189.05999755859375,195.54196166992188,145.07431030273438,414.5322570800781
2022-12-27,127.74978637695312,229.96786499023438,14.073945045471191,77.28296661376953,42.74839782714844,120.6399917602539,29.593862533569336,312.5770263671875,75.6113052368164,37.330718994140625,159.39830017089844,40.87348175048828,100.25423431396484,493.8539123535156,100.54878997802734,97.43500518798828,154.05740356445312,105.1195297241211,48.82401657104492,60.36512756347656,45.92243957519531,139.6133270263672,57.55257034301758,244.16587829589844,289.79241943359375,229.6095428466797,189.39999389648438,196.4745635986328,145.0087127685547,413.792236328125
2022-12-28,123.8297348022461,227.6095733642578,13.989227294921875,76.66264343261719,42.33466720581055,121.29931640625,29.81220054626465,311.5715026855469,75.07797241210938,37.40348815917969,158.70657348632812,40.609676361083984,99.32431030273438,490.5676574707031,99.86348724365234,95.83451080322266,151.78469848632812,102.31561279296875,48.0026741027832,58.253807067871094,45.117733001708984,137.8086395263672,56.97892761230469,242.58285522460938,286.328125,226.0587921142578,188.3800048828125,194.00592041015625,142.2877197265625,408.12823486328125
2022-12-29,127.33711242675781,233.89834594726562,14.554340362548828,77.68377685546875,42.721412658691406,121.99528503417969,30.148807525634766,313.91156005859375,75.77133178710938,37.59450912475586,159.5150909423828,41.03336715698242,99.09182739257812,491.8951110839844,102.16026306152344,96.55958557128906,152.9339141845703,103.27391815185547,48.285587310791016,58.44147491455078,45.3923454284668,138.3799591064453,57.31951904296875,243.33322143554688,290.5722961425781,226.8331756591797,188.91000366210938,196.34657287597656,144.0416259765625,407.80487060546875
2022-12-30,127.6514892578125,232.74346923828125,14.565301895141602,78.00825500488281,42.84733963012695,122.8011474609375,30.13060760498047,313.8658752441406,75.57575225830078,37.55812454223633,158.6975860595703,40.96141815185547,99.20806884765625,492.17364501953125,101.67867279052734,97.53226470947266,153.93736267089844,104.70246124267578,48.787513732910156,59.10770797729492,45.27738952636719,137.44589233398438,57.01478576660156,241.1371612548828,286.4460144042969,226.22877502441406,190.49000549316406,195.9351348876953,142.47621154785156,407.9190368652344
2023-01-03,122.87676239013672,232.5105438232422,14.267298698425293,79.89786529541016,43.117149353027344,123.73518371582031,30.48540687561035,316.4617919921875,76.19800567626953,38.012935638427734,160.08106994628906,40.97740173339844,99.3779525756836,481.4609375,101.48419189453125,94.18098449707031,149.22036743164062,100.37242126464844,46.99881362915039,57.28728485107422,45.85537338256836,137.45497131347656,56.42321014404297,241.8691864013672,286.4913330078125,225.58663940429688,195.38999938964844,195.9351348876953,143.65643310546875,403.666259765625
2023-01-04,124.14412689208984,222.33981323242188,14.699851989746094,80.6231689453125,43.10807800292969,124.88902282714844,31.05854606628418,317.8145446777344,77.02468872070312,38.79520034790039,161.8239288330078,40.07407760620117,100.2184829711914,468.3345031738281,102.99376678466797,94.45510864257812,147.63372802734375,100.56761932373047,47.18133544921875,57.34358596801758,45.90646743774414,138.05348205566406,56.396324157714844,241.9241180419922,289.9555969238281,227.9286346435547,203.63999938964844,192.04017639160156,145.15626525878906,402.89556884765625
2023-01-05,122.82762145996094,215.75015258789062,14.217466354370117,80.4609146118164,42.500667572021484,124.8613510131836,30.994863510131836,314.213134765625,76.37577056884766,38.58598709106445,160.6290740966797,39.6983642578125,101.61337280273438,454.8368225097656,102.61405181884766,96.56844329833984,150.29237365722656,103.61109161376953,48.066558837890625,58.385162353515625,45.749996185302734,136.33949279785156,55.750972747802734,239.8836212158203,286.0923156738281,226.90872192382812,204.99000549316406,186.94747924804688,142.47621154785156,394.5709228515625
2023-01-06,127.346923828125,218.29286193847656,14.809486389160156,81.74929809570312,43.8061637878418,127.25064849853516,31.304176330566406,318.1618347167969,77.83361053466797,38.931640625,161.9317169189453,40.70560836791992,102.68637084960938,454.8739318847656,104.031005859375,97.73564910888672,151.4245147705078,104.90654754638672,49.736610412597656,59.82086944580078,46.870826721191406,139.58612060546875,56.82655334472656,246.57244873046875,287.96051025390625,235.01123046875,213.0,192.25048828125,146.664306640625,405.7402648925781
2023-01-09,127.86764526367188,220.418212890625,15.575922012329102,82.78385925292969,44.041873931884766,126.72481536865234,30.83110809326172,322.65899658203125,77.90473175048828,38.55870056152344,157.73631286621094,38.6831169128418,98.69837951660156,454.9295959472656,103.86431121826172,95.91409301757812,150.2409210205078,104.13460540771484,50.7769775390625,60.130531311035156,46.286460876464844,137.8811798095703,56.11846160888672,244.54110717773438,288.2143859863281,232.89588928222656,208.57000732421875,192.61619567871094,148.90994262695312,407.3861999511719
2023-01-10,128.4375,222.09719848632812,15.855986595153809,82.86048889160156,44.25038528442383,127.85948944091797,31.040355682373047,326.64422607421875,79.04251861572266,38.53141784667969,157.3590087890625,38.06758117675781,99.08287048339844,451.16070556640625,105.43870544433594,97.34657287597656,150.978515625,104.7734603881836,51.06901550292969,60.19622039794922,46.257728576660156,137.74514770507812,55.688228607177734,246.0599822998047,290.7718505859375,236.5694122314453,206.69000244140625,193.2288055419922,146.51675415039062,416.1675720214844
2023-01-11,131.1491241455078,228.81298828125,15.947680473327637,84.87213134765625,44.613014221191406,128.8096923828125,31.276891708374023,333.15228271484375,79.49588012695312,38.8770751953125,157.10745239257812,37.93168258666992,99.31536102294922,458.03021240234375,104.79044342041016,98.4784164428711,150.25808715820312,104.91543579101562,51.397544860839844,60.139915466308594,46.66326904296875,136.6296844482422,55.580665588378906,245.96849060058594,298.3623962402344,236.77719116210938,208.02999877929688,194.1064910888672,149.35252380371094,412.4095458984375
2023-01-12,131.07049560546875,231.4721221923828,16.455978393554688,85.0445556640625,44.422637939453125,128.68052673339844,31.358762741088867,338.1429443359375,80.47369384765625,38.95893478393555,156.31687927246094,38.139530181884766,99.94127655029297,460.1374816894531,103.59964752197266,100.1142578125,151.87045288085938,106.61907196044922,52.93070983886719,61.6882209777832,46.24176025390625,135.85885620117188,54.863616943359375,244.02867126464844,299.1513366699219,240.8756866455078,214.32000732421875,197.4711456298828,149.94265747070312,414.8926086425781
2023-01-13,132.39682006835938,232.1708984375,16.84268569946289,85.44689178466797,44.313846588134766,131.9277801513672,32.05016326904297,341.85400390625,81.47815704345703,40.22330093383789,155.8048095703125,38.25143814086914,100.37049102783203,454.4748229980469,105.59980773925781,100.05236053466797,152.2821502685547,107.78144836425781,53.18623733520508,61.28472137451172,46.39503860473633,136.82920837402344,55.06080627441406,246.04171752929688,300.3665466308594,244.07701110839844,214.1300048828125,198.0471954345703,149.2869415283203,418.26055908203125
2023-01-17,133.55615234375,233.25782775878906,17.64301109313965,84.87213134765625,43.58857727050781,129.88900756835938,31.40424919128418,319.84368896484375,86.29609680175781,40.13234329223633,154.8435821533203,36.83649826049805,98.76097106933594,450.306640625,105.48816680908203,99.85784149169922,154.79498291015625,106.69005584716797,53.350502014160156,60.731082916259766,46.11403274536133,136.43014526367188,55.284881591796875,250.81809997558594,297.0292053222656,241.99951171875,211.41000366210938,194.05166625976562,146.7052764892578,416.9001159667969
2023-01-18,132.8389434814453,228.851806640625,17.319093704223633,83.06165313720703,42.51880645751953,125.98682403564453,30.676456451416016,319.0849914550781,85.85163879394531,39.459224700927734,152.5077667236328,35.973140716552734,97.27665710449219,442.100341796875,103.73919677734375,97.80638885498047,151.9990997314453,105.19050598144531,52.136749267578125,60.449581146240234,44.97402572631836,132.7755126953125,53.60877227783203,243.43389892578125,293.5469055175781,238.7508544921875,209.41000366210938,186.73728942871094,144.8365936279297,405.2835388183594
2023-01-19,132.8978729248047,225.08628845214844,16.709135055541992,82.32405090332031,42.119911193847656,124.30783081054688,30.230682373046875,320.60235595703125,83.69156646728516,39.068084716796875,152.30116271972656,35.941165924072266,98.26918029785156,449.6382141113281,104.00897979736328,98.4342041015625,153.51715087890625,106.15766906738281,52.364898681640625,61.62253189086914,44.33218002319336,129.96754455566406,53.52810287475586,241.1829071044922,281.9298095703125,233.1810760498047,207.08999633789062,183.46401977539062,144.3694610595703,388.7389221191406
2023-01-20,135.45230102539062,233.1316680908203,17.779556274414062,83.57893371582031,42.410011291503906,124.61225128173828,30.794721603393555,312.4581298828125,85.54940032958984,39.95041275024414,151.59146118164062,36.06108093261719,98.30496215820312,451.8291015625,104.9578857421875,100.22920989990234,155.1466064453125,108.07425689697266,52.3375129699707,62.78611373901367,44.87822723388672,130.4694366455078,53.85078048706055,245.758056640625,285.6661071777344,236.93856811523438,206.75999450683594,184.7166290283203,145.9922637939453,390.64166259765625
2023-01-23,138.63543701171875,235.42202758789062,19.129043579101562,85.2265625,43.0627555847168,126.63255310058594,31.2222957611084,319.13079833984375,86.34054565429688,40.9600944519043,151.2051544189453,35.9571533203125,98.25131225585938,450.9842834472656,106.06497192382812,99.70751190185547,154.94078063964844,106.59243774414062,50.977752685546875,62.4013786315918,45.5488166809082,128.7173309326172,53.9852180480957,246.40773010253906,286.1014404296875,239.77565002441406,209.97000122070312,186.9384002685547,147.9182586669922,389.4429931640625
2023-01-24,140.03054809570312,234.8979949951172,19.200803756713867,85.92584228515625,43.34380340576172,127.72113800048828,31.449735641479492,318.3904113769531,84.90050506591797,40.432518005371094,151.2051544189453,35.74131393432617,97.03523254394531,456.3592834472656,104.68809509277344,100.63597106933594,155.08660888671875,105.42121887207031,50.6218376159668,60.45895767211914,45.670166015625,129.4199981689453,54.27204132080078,246.65475463867188,288.1055908203125,244.43447875976562,211.97999572753906,189.1967010498047,147.5166778564453,396.4166564941406
2023-01-25,139.37228393554688,233.51014709472656,19.258609771728516,85.86837768554688,43.497920989990234,128.33921813964844,31.722660064697266,319.5786437988281,85.01605224609375,41.24208450317383,152.28318786621094,36.02909851074219,97.09782409667969,457.1947326660156,103.26470947265625,100.10542297363281,153.5857391357422,106.805419921875,51.33366775512695,60.54341506958008,45.45302200317383,129.32870483398438,54.61265182495117,249.80247497558594,287.7156677246094,245.22207641601562,212.67999267578125,188.95901489257812,145.44309997558594,393.533935546875
2023-01-26,141.43548583984375,240.68211364746094,19.736013412475586,86.05038452148438,43.82429504394531,129.132568359375,32.15023422241211,324.4596862792969,85.78050994873047,41.669593811035156,151.72622680664062,35.69833755493164,95.55984497070312,457.17620849609375,103.3298568725586,104.12874603271484,161.05575561523438,110.60308074951172,52.44704055786133,62.95501708984375,45.4115104675293,128.80856323242188,54.505088806152344,251.37632751464844,284.5868835449219,248.7138671875,212.72999572753906,191.40931701660156,147.27899169921875,400.7264404296875
2023-01-27,143.37091064453125,240.83737182617188,20.297138214111328,85.24573516845703,43.97840881347656,129.4462127685547,32.25030517578125,323.2987976074219,86.10053253173828,41.95157241821289,151.13328552246094,35.32724380493164,94.22752380371094,451.2071228027344,102.28788757324219,102.22761535644531,153.90304565429688,109.68029022216797,51.99073028564453,62.43891525268555,45.759578704833984,128.279296875,54.21826171875,249.3083038330078,287.19866943359375,251.01011657714844,211.1699981689453,190.29388427734375,149.23782348632812,397.8532409667969
2023-01-30,140.49232482910156,235.5481719970703,19.098146438598633,83.67473602294922,43.71549606323242,128.34844970703125,32.11384582519531,326.73565673828125,85.98853302001953,42.106204986572266,145.53639221191406,35.13361358642578,94.86239624023438,450.96575927734375,102.15763854980469,100.4148941040039,149.40045166015625,106.9473876953125,51.41579055786133,60.17744064331055,45.3923454284668,128.6807861328125,54.35271453857422,247.87181091308594,284.9769592285156,248.12554931640625,209.6699981689453,188.14527893066406,145.04151916503906,400.1556091308594
2023-01-31,141.7596893310547,240.4977264404297,19.471895217895508,84.73802185058594,44.12345886230469,129.11412048339844,32.2775993347168,334.36798095703125,87.21617126464844,42.63379669189453,146.81210327148438,35.625736236572266,96.04270935058594,463.4051513671875,102.84607696533203,102.58131408691406,149.24610900878906,108.13636779785156,51.99985885620117,60.79677200317383,45.941593170166016,129.93101501464844,54.96220779418945,244.67832946777344,293.9821472167969,239.3865966796875,213.0,190.6138916015625,151.81129455566406,402.28668212890625
2023-02-01,142.87965393066406,245.2919464111328,20.873220443725586,86.2611312866211,44.032798767089844,128.7727813720703,32.677886962890625,334.27655029296875,87.98680114746094,43.05221176147461,148.15965270996094,35.47245407104492,95.65821838378906,461.3721923828125,104.02759552001953,101.45831298828125,146.9647674560547,104.43629455566406,50.83173370361328,59.58628463745117,46.197059631347656,130.67019653320312,54.9711799621582,243.6443328857422,297.537109375,236.77723693847656,214.75,189.00473022460938,151.6063995361328,406.2350158691406
2023-02-02,148.17518615722656,256.79229736328125,21.636661529541016,85.61931610107422,44.712745666503906,128.1731414794922,32.86893081665039,337.7134094238281,88.90081024169922,43.23529815673828,148.71664428710938,35.77094268798828,92.51072692871094,437.0781555175781,104.42761993408203,98.28387451171875,144.94927978515625,98.75751495361328,47.71976852416992,58.61976623535156,45.86176681518555,129.73939514160156,54.03004837036133,240.84439086914062,308.14752197265625,232.3745574951172,209.33999633789062,189.608154296875,156.77793884277344,386.78857421875
2023-02-03,151.79066467285156,250.7267303466797,21.029691696166992,85.84922790527344,44.087196350097656,130.15655517578125,33.14185333251953,338.1521301269531,89.09795379638672,43.555694580078125,147.8811798095703,35.54506301879883,92.04576110839844,438.182861328125,103.99966430664062,98.96475219726562,145.32666015625,95.92700958251953,48.03917694091797,57.465576171875,45.25184631347656,130.1409454345703,53.62670135498047,241.77767944335938,300.6295471191406,235.0882568359375,206.00999450683594,185.32008361816406,157.0811767578125,386.3223571777344
2023-02-06,149.06924438476562,249.19329833984375,21.01872444152832,84.8050765991211,43.126216888427734,130.92222595214844,33.0872688293457,338.92901611328125,88.6230239868164,43.647239685058594,146.75820922851562,35.30303192138672,93.02041625976562,441.1720275878906,103.03214263916016,98.79674530029297,145.4896240234375,95.37686157226562,48.449851989746094,57.75647735595703,44.922943115234375,129.03671264648438,53.93144226074219,245.15414428710938,298.6072082519531,238.5610809326172,206.80999755859375,186.5543670654297,154.7043914794922,390.2896728515625
2023-02-07,151.93800354003906,259.6648864746094,22.09911346435547,84.04832458496094,43.370994567871094,132.5181427001953,33.45115661621094,342.2196044921875,88.9097900390625,44.05916976928711,146.7941131591797,35.1658935546875,94.49578857421875,442.6944580078125,104.18572998046875,101.61747741699219,149.3061065673828,99.3963623046875,49.41261672973633,60.61847686767578,45.018733978271484,127.77735137939453,53.84181213378906,244.62342834472656,294.9162292480469,236.89112854003906,214.75999450683594,187.86181640625,154.3192138671875,389.61419677734375
2023-02-08,149.25588989257812,258.859375,22.131006240844727,83.04249572753906,42.57320022583008,131.58644104003906,33.20553970336914,342.85943603515625,88.67678833007812,44.16903305053711,146.98280334472656,35.48051834106445,95.35419464111328,448.5799865722656,102.52046203613281,100.73323059082031,145.79840087890625,98.30500030517578,50.164485931396484,59.98978042602539,44.77605056762695,126.45413970947266,53.52810287475586,240.4874725341797,290.91693115234375,236.14151000976562,213.5,184.8903350830078,152.7373809814453,387.8731994628906
2023-02-09,148.22427368164062,255.84120178222656,22.2625675201416,83.0041732788086,42.36468505859375,129.53848266601562,32.49594497680664,336.3605041503906,87.86134338378906,43.546546936035156,144.99737548828125,34.96420669555664,95.42572021484375,450.9101257324219,100.53890991210938,101.11346435546875,144.46044921875,97.5418930053711,49.36677169799805,59.304779052734375,45.19117736816406,125.06704711914062,53.43846893310547,238.51104736328125,286.1648254394531,233.68399047851562,211.99000549316406,182.14744567871094,151.4178924560547,388.1776123046875
2023-02-10,148.58836364746094,255.33653259277344,21.19413948059082,83.47355651855469,42.84517288208008,130.1104278564453,32.36857604980469,339.36785888671875,88.21082305908203,43.49161911010742,145.67117309570312,35.399845123291016,97.0799331665039,458.8193359375,100.62263488769531,105.37552642822266,147.48793029785156,102.09378814697266,51.677398681640625,61.584999084472656,45.893699645996094,126.1712417602539,53.43846893310547,240.12149047851562,287.0627136230469,235.0028839111328,212.88999938964844,183.29031372070312,151.80308532714844,397.4821472167969
2023-02-13,151.38287353515625,263.31402587890625,21.71539878845215,85.65763092041016,43.38912582397461,131.5218505859375,32.43225860595703,341.8722839355469,89.09795379638672,44.05916976928711,146.21018981933594,35.488590240478516,97.95622253417969,459.8404846191406,100.9575424194336,104.96564483642578,146.66458129882812,100.09738159179688,52.54847717285156,60.76862335205078,46.593021392822266,127.822998046875,54.31685256958008,243.5802764892578,293.4017028808594,235.4583282470703,215.64999389648438,185.9418182373047,153.59796142578125,395.1418151855469
2023-02-14,150.74325561523438,264.1388854980469,22.89445686340332,85.34152221679688,43.24406814575195,132.10304260253906,32.40496826171875,339.8247985839844,90.11053466796875,44.39787673950195,145.57235717773438,35.27076721191406,97.23194122314453,457.5010681152344,99.78535461425781,103.7359848022461,147.78811645507812,101.2025375366211,52.09918212890625,62.251243591308594,46.45890808105469,127.10208892822266,53.41157913208008,243.9553985595703,288.7766418457031,231.86219787597656,218.4499969482422,183.77488708496094,153.0734405517578,389.4143371582031
2023-02-15,152.83909606933594,262.02764892578125,22.688142776489258,84.62308502197266,43.92401885986328,132.6565399169922,32.350379943847656,342.16473388671875,90.35247039794922,43.91270446777344,143.17367553710938,34.94807052612305,96.28412628173828,456.0343322753906,99.80396270751953,103.42411804199219,146.2306671142578,99.50914764404297,51.33814239501953,59.023258209228516,46.803775787353516,126.8100357055664,53.41157913208008,243.90968322753906,290.8262023925781,235.9801788330078,217.44000244140625,184.42404174804688,153.13079833984375,390.1089172363281
2023-02-16,151.24505615234375,255.0518035888672,21.928686141967773,84.0291748046875,46.22673416137695,130.82997131347656,32.09564971923828,338.380615234375,89.223388671875,43.22614669799805,142.1585235595703,34.649574279785156,95.23794555664062,452.4139099121094,98.68758392333984,103.12117004394531,144.11959838867188,96.57688903808594,51.14558410644531,58.647911071777344,46.06932830810547,125.1491928100586,53.07994079589844,243.24172973632812,291.32501220703125,233.9116973876953,212.2100067138672,182.2754364013672,152.07354736328125,383.373046875
2023-02-17,150.10369873046875,251.07254028320312,21.316728591918945,83.607666015625,46.02729034423828,131.21742248535156,32.15932846069336,336.8267517089844,89.16963958740234,43.47330093383789,145.12640380859375,34.85932540893555,97.92940521240234,463.3030090332031,99.30158233642578,99.15599060058594,140.9009552001953,92.79795837402344,48.9083137512207,56.98701477050781,46.76226043701172,127.76824188232422,53.886619567871094,247.04824829101562,288.34136962890625,235.1167449951172,211.66000366210938,184.15890502929688,151.47824096679688,412.2477722167969
2023-02-21,146.09893798828125,245.82850646972656,20.586172103881836,82.5731201171875,45.04817199707031,128.8096923828125,31.40424919128418,330.0810546875,87.47604370117188,42.32903289794922,142.9638214111328,34.4478874206543,97.52703094482422,456.0899963378906,96.42691802978516,99.05796813964844,139.30029296875,93.85855865478516,48.96332550048828,56.13309097290039,47.04646682739258,127.67697143554688,53.59980392456055,245.73056030273438,267.9820251464844,228.39889526367188,205.52000427246094,179.89822387695312,147.5509490966797,406.4062805175781
2023-02-22,146.5220489501953,244.69989013671875,20.68484115600586,82.68806457519531,44.703678131103516,127.8226089477539,31.19500160217285,329.8708801269531,87.16241455078125,42.11848831176758,142.7647705078125,34.18973159790039,97.60749816894531,453.8435974121094,95.5338134765625,97.77487182617188,138.73789978027344,92.76231384277344,48.055580139160156,54.819374084472656,46.05974578857422,128.21542358398438,53.761146545410156,245.81300354003906,268.7075500488281,225.7230987548828,205.75999450683594,178.73709106445312,146.0213623046875,405.6832580566406
2023-02-23,147.0041961669922,247.8716278076172,23.58514404296875,84.85298156738281,44.613014221191406,128.8466033935547,31.16771125793457,332.29302978515625,87.76278686523438,42.33818054199219,142.71954345703125,34.12518310546875,98.88616943359375,456.44281005859375,95.4035873413086,98.67481994628906,140.10494995117188,93.96550750732422,48.88996887207031,55.570072174072266,45.37319564819336,127.80472564697266,53.8597412109375,244.11097717285156,271.4371643066406,225.780029296875,208.1300048828125,179.25180053710938,148.7746124267578,404.38934326171875
2023-02-24,144.3573455810547,242.47190856933594,23.208404541015625,84.92961883544922,43.951210021972656,130.00889587402344,31.122230529785156,332.576416015625,87.54772186279297,42.67689895629883,141.1269989013672,33.681480407714844,98.26024627685547,449.6103820800781,93.45922088623047,98.68374633789062,140.52027893066406,93.80508422851562,49.44012451171875,55.34486770629883,45.49453353881836,127.08379364013672,53.63565444946289,241.27438354492188,269.0340576171875,224.09104919433594,198.14999389648438,176.51275634765625,148.94821166992188,397.1301574707031
2023-02-27,145.54794311523438,243.38645935058594,23.422685623168945,84.2590560913086,44.17784881591797,131.1436309814453,31.122230529785156,334.1120300292969,86.65164184570312,42.82334899902344,140.81936645507812,32.89894104003906,97.78633880615234,448.6728210449219,92.81730651855469,98.50553131103516,140.875,94.34874725341797,49.880245208740234,55.32610321044922,45.165626525878906,126.97429656982422,53.61772537231445,242.28094482421875,268.4444885253906,227.7061767578125,200.4600067138672,176.88958740234375,150.66799926757812,401.13555908203125
2023-02-28,145.04612731933594,242.66650390625,23.13863754272461,83.7226333618164,43.89681625366211,132.24139404296875,31.2041072845459,321.4250183105469,86.472412109375,42.814205169677734,138.67491149902344,32.72952651977539,94.99652099609375,441.8218994140625,94.63143920898438,97.93526458740234,139.101318359375,92.1116714477539,48.78910827636719,54.95075607299805,45.38596725463867,125.5324478149414,53.33987808227539,242.87911987304688,268.9252014160156,227.2981719970703,201.5500030517578,175.99801635742188,150.88296508789062,398.8616943359375
2023-03-01,142.9797821044922,239.60179138183594,22.622364044189453,82.70721435546875,43.82429504394531,131.50340270996094,31.05854606628418,318.7368469238281,86.19462585449219,42.73181915283203,138.0505828857422,32.414894104003906,95.3631362915039,441.15350341796875,93.8034439086914,98.80848693847656,140.20880126953125,94.69635772705078,50.32952880859375,56.029869079589844,44.75369644165039,125.62371063232422,52.757266998291016,241.7839813232422,263.7106628417969,235.95175170898438,204.5500030517578,177.28485107421875,151.3707733154297,399.346923828125
2023-03-02,143.57017517089844,244.31076049804688,23.236309051513672,83.31070709228516,43.99653244018555,130.1381072998047,30.664823532104492,321.3790283203125,86.0960693359375,41.926239013671875,137.94200134277344,32.769859313964844,95.6850357055664,443.4557800292969,95.47801208496094,99.26293182373047,140.65003967285156,96.55016326904297,50.705467224121094,56.555362701416016,44.865455627441406,127.69522857666016,53.52810287475586,246.2475128173828,265.7329406738281,239.28221130371094,210.05999755859375,178.72792053222656,152.693603515625,400.859619140625
2023-03-03,148.60804748535156,248.37754821777344,23.810394287109375,85.49478149414062,44.676475524902344,132.5274200439453,31.278308868408203,328.7345275878906,88.11225891113281,42.88742446899414,139.3625946044922,33.19744873046875,95.56879425048828,444.25408935546875,97.17118072509766,100.51929473876953,142.7265625,96.82644653320312,51.33814239501953,57.474952697753906,44.919742584228516,128.6260528564453,53.277122497558594,247.62796020507812,270.6573486328125,242.2521209716797,215.11000061035156,180.90631103515625,153.52041625976562,409.3651123046875
2023-03-06,151.3631591796875,249.91476440429688,23.475515365600586,85.96414184570312,44.80339431762695,131.7524871826172,31.21420669555664,328.6977233886719,88.15705108642578,42.6860466003418,140.75604248046875,33.1651725769043,99.34217834472656,446.31494140625,95.58963012695312,101.41034698486328,143.7734832763672,97.64642333984375,50.751312255859375,57.878456115722656,44.91335678100586,128.0784912109375,54.10174560546875,249.07289123535156,270.4396667480469,240.9901885986328,211.9199981689453,181.1084747314453,154.20668029785156,405.0172119140625
2023-03-07,149.16891479492188,247.2684326171875,23.214340209960938,84.64224243164062,44.341033935546875,127.87794494628906,30.216156005859375,318.5987854003906,86.07814025878906,40.6904296875,139.4259490966797,32.54397964477539,99.49420166015625,439.9095764160156,93.01268005371094,99.45004272460938,141.92193603515625,95.9441146850586,49.55015182495117,57.099609375,44.46630859375,125.5324478149414,53.788028717041016,245.84259033203125,263.6289978027344,233.5511474609375,207.9199981689453,179.8032989501953,151.52786254882812,397.82464599609375
2023-03-08,150.41854858398438,246.83058166503906,24.104515075683594,84.76676177978516,44.52235412597656,127.12149047851562,29.813276290893555,321.5539855957031,85.93477630615234,40.13203048706055,138.4034881591797,32.366485595703125,96.82063293457031,436.8646240234375,92.47310638427734,97.99762725830078,141.0220947265625,95.56977844238281,49.091697692871094,58.31949234008789,44.09907531738281,125.55069732666016,53.81492233276367,244.1859893798828,266.25970458984375,235.9991912841797,207.1999969482422,179.75733947753906,152.37945556640625,403.666259765625
2023-03-09,148.1750946044922,245.48794555664062,23.36186981201172,83.21492767333984,44.25038528442383,120.2396011352539,27.963680267333984,314.92559814453125,82.61923217773438,37.65123748779297,136.84713745117188,31.83403778076172,96.21260833740234,431.5825500488281,91.0311050415039,97.24024200439453,138.8763427734375,94.30418395996094,47.853851318359375,56.9925537109375,43.802101135253906,124.6290283203125,53.2950553894043,240.78086853027344,263.0717468261719,228.63607788085938,201.24000549316406,177.28485107421875,151.2053985595703,400.9357604980469
2023-03-10,146.11862182617188,241.85894775390625,22.89236068725586,80.53273010253906,44.023738861083984,123.2930908203125,27.716455459594727,301.65069580078125,80.69264221191406,37.861785888671875,137.1819305419922,31.777572631835938,96.2930908203125,428.8529052734375,90.203125,96.03732299804688,138.14956665039062,92.88709259033203,46.76272201538086,56.333778381347656,43.73823165893555,125.19478607177734,53.070980072021484,241.1489715576172,261.528076171875,215.39956665039062,203.07000732421875,177.69845581054688,150.09750366210938,376.68475341796875
2023-03-13,148.0570526123047,247.0446319580078,22.89335823059082,81.35653686523438,43.88773727416992,121.07907104492188,26.10492515563965,290.456298828125,78.84671020507812,35.16129684448242,138.4939727783203,32.15673828125,94.5405044555664,431.973876953125,91.34740447998047,94.93241882324219,137.3189697265625,89.73202514648438,44.782188415527344,55.66560363769531,43.865966796875,126.06175231933594,53.60877227783203,242.11529541015625,261.7198486328125,213.20770263671875,203.3699951171875,177.487060546875,150.66799926757812,378.86346435546875
2023-03-14,150.14300537109375,253.72862243652344,23.986886978149414,81.00210571289062,44.467960357666016,124.1878890991211,26.333839416503906,296.5690002441406,80.62095642089844,36.772430419921875,139.27207946777344,32.18901062011719,96.31425476074219,432.8123474121094,91.68233489990234,95.28883361816406,139.0926513671875,90.33807373046875,45.25898742675781,56.644344329833984,44.09907531738281,127.62222290039062,53.80595397949219,244.7105255126953,260.8521728515625,214.12806701660156,207.27999877929688,177.3675994873047,153.0078125,382.8878173828125
2023-03-15,150.53660583496094,258.2527770996094,24.151369094848633,79.48860931396484,44.477027893066406,118.32076263427734,26.08661460876465,287.3999328613281,76.51689910888672,35.56407165527344,139.66122436523438,32.49557113647461,96.90850067138672,433.60418701171875,90.9845962524414,90.5484619140625,133.07073974609375,84.8835678100586,41.55464553833008,53.454036712646484,44.59083557128906,129.4291229248047,54.16448974609375,245.11550903320312,263.04443359375,206.1482391357422,198.2100067138672,172.90969848632812,152.42909240722656,371.49969482421875
2023-03-16,153.3507537841797,268.72137451171875,25.460214614868164,81.25119018554688,45.43800354003906,120.61780548095703,26.526123046875,290.0696716308594,77.96855163574219,35.976016998291016,139.37164306640625,32.56817626953125,96.64738464355469,439.7435607910156,92.12886810302734,90.02272033691406,133.49465942382812,85.91744232177734,42.34319305419922,55.56208801269531,44.33753204345703,130.3964385986328,54.46253967285156,249.00843811035156,261.9117126464844,207.52406311035156,203.19000244140625,173.84722900390625,155.3724365234375,372.0990295410156
2023-03-17,152.51437377929688,271.8638916015625,25.643632888793945,81.67266845703125,45.50146484375,116.06063079833984,25.473133087158203,279.436767578125,75.43262481689453,34.566261291503906,137.878662109375,32.35035705566406,93.73014068603516,437.3959045410156,90.24964904785156,88.96237182617188,131.80747985839844,84.12599182128906,40.96781539916992,55.03507995605469,44.6966552734375,130.43295288085938,54.20964813232422,245.90699768066406,263.42803955078125,204.01327514648438,201.0500030517578,169.71109008789062,154.43817138671875,366.7618103027344
2023-03-20,154.8759002685547,264.8589172363281,25.818077087402344,83.30113220214844,46.1814079284668,117.2875747680664,25.409038543701172,284.9511413574219,76.74092102050781,34.30995178222656,139.24497985839844,32.92314529418945,95.30583190917969,444.34576416015625,91.04972076416016,91.28802490234375,133.74559020996094,85.70353698730469,42.3798713684082,55.505619049072266,45.17760467529297,132.44056701660156,54.73349380493164,249.16485595703125,264.2227478027344,209.04222106933594,204.77000427246094,174.5274200439453,151.7097625732422,375.32427978515625
2023-03-21,156.7257843017578,266.36688232421875,26.116134643554688,83.89506530761719,45.93663024902344,120.4333267211914,26.178176879882812,292.08575439453125,79.53670501708984,35.225372314453125,139.24497985839844,32.80213165283203,95.02671813964844,447.2710876464844,91.4776611328125,95.3779525756836,137.83807373046875,88.86749267578125,44.26871871948242,56.69139862060547,45.02369689941406,131.48240661621094,54.48060607910156,248.6770782470703,264.3779602050781,213.41644287109375,204.6999969482422,175.70391845703125,154.43817138671875,383.02099609375
2023-03-22,155.29904174804688,264.9172668457031,26.3842830657959,84.20159912109375,44.839664459228516,117.32447052001953,25.308320999145508,288.7624206542969,78.45245361328125,34.053627014160156,136.6752471923828,32.277748107910156,94.00025939941406,443.0041809082031,90.110107421875,93.19486236572266,135.03475952148438,87.67322540283203,43.461830139160156,55.22328567504883,44.735130310058594,131.40028381347656,54.23674011230469,246.5236053466797,258.1483459472656,208.7006378173828,196.16000366210938,172.02732849121094,153.4047088623047,375.77142333984375
2023-03-23,156.38136291503906,270.141845703125,27.104995727539062,84.0866470336914,45.084434509277344,117.01081848144531,24.694839477539062,289.8487548828125,76.92012023925781,33.51353073120117,136.7476348876953,32.414894104003906,93.84720611572266,437.7778625488281,90.27755737304688,92.1434326171875,133.69366455078125,85.93525695800781,41.701351165771484,55.03507995605469,45.097442626953125,131.21771240234375,54.119327545166016,248.13412475585938,259.3358154296875,208.21673583984375,197.89999389648438,171.80674743652344,153.19798278808594,372.8030700683594
2023-03-24,157.68020629882812,272.9730529785156,26.694297790527344,84.30696868896484,45.79158020019531,115.23037719726562,24.85049819946289,287.7497253417969,75.22650909423828,33.165672302246094,138.12295532226562,32.58430862426758,94.36041259765625,443.442138671875,91.21717071533203,92.25035858154297,135.02610778808594,85.05291748046875,40.86695861816406,54.752742767333984,45.46617126464844,133.89154052734375,55.00446319580078,249.7078399658203,258.5228271484375,205.9110107421875,197.52999877929688,172.94644165039062,153.84288024902344,367.7131652832031
2023-03-27,155.74176025390625,268.8964538574219,26.44708251953125,86.34734344482422,45.81877136230469,118.532958984375,26.08661460876465,293.2364807128906,75.84481811523438,34.3007926940918,138.7111358642578,32.447166442871094,96.27824401855469,448.9479675292969,91.59859466552734,94.27305603027344,136.4018096923828,86.8800048828125,42.8841667175293,56.13615036010742,46.22608184814453,133.18887329101562,55.410892486572266,252.017822265625,256.92431640625,206.85037231445312,200.57000732421875,172.7902374267578,154.8763885498047,373.9067687988281
2023-03-28,155.1219024658203,267.7775573730469,26.326465606689453,86.06954956054688,45.68278121948242,118.89273071289062,25.74782943725586,293.153564453125,76.05988311767578,34.03532791137695,137.37196350097656,32.2616081237793,95.01770782470703,440.2652587890625,90.34268188476562,95.44923400878906,137.99380493164062,87.82160949707031,43.68189239501953,58.545345306396484,46.04652786254883,133.5630340576172,55.474117279052734,253.86767578125,256.5132751464844,208.89988708496094,204.9600067138672,172.72589111328125,155.2153778076172,376.1329040527344
2023-03-29,158.19189453125,272.9146423339844,26.89864730834961,86.80715942382812,46.38991928100586,119.13257598876953,26.251432418823242,295.2525634765625,77.27857208251953,34.75851058959961,138.72019958496094,32.47136306762695,94.46846771240234,434.6849060058594,91.7474365234375,97.0887680053711,139.17918395996094,89.45374298095703,44.6538200378418,58.43241882324219,46.245323181152344,133.9736785888672,55.87152862548828,255.33094787597656,258.83343505859375,211.59463500976562,207.97000122070312,173.78289794921875,158.30760192871094,381.3085632324219
2023-03-30,159.75637817382812,276.3587646484375,27.296388626098633,86.70176696777344,46.625633239746094,118.7728042602539,25.912639617919922,295.63922119140625,77.16207122802734,34.21841049194336,138.8287353515625,32.57625198364258,95.36885833740234,437.9176025390625,92.1753921508789,97.5610122680664,140.5029296875,89.00537109375,44.69049835205078,58.648868560791016,46.70703887939453,134.55772399902344,55.86248779296875,255.6531219482422,260.6602783203125,213.0558624267578,211.0399932861328,173.828857421875,157.99342346191406,385.2787170410156
2023-03-31,162.25563049316406,280.49371337890625,27.689144134521484,89.01036071777344,47.39623260498047,120.21190643310547,26.18733787536621,301.13519287109375,78.67646789550781,34.21841049194336,140.24932861328125,32.91508102416992,95.79204559326172,440.2746276855469,94.20348358154297,97.7125015258789,141.16917419433594,88.96949005126953,45.02058792114258,58.75239562988281,47.277767181396484,135.6892852783203,56.025062561035156,257.3280029296875,269.57550048828125,217.135986328125,212.42999267578125,175.66712951660156,160.3911590576172,394.039794921875
2023-04-03,163.50523376464844,279.4527282714844,27.876548767089844,89.96829986572266,47.423431396484375,120.07355499267578,26.178176879882812,300.592041015625,78.10297393798828,34.52964782714844,141.92327880859375,33.35878372192383,98.0250015258789,460.3975524902344,94.5104751586914,103.47759246826172,147.0439910888672,97.22883605957031,47.98222732543945,61.34038543701172,47.67535400390625,136.43759155273438,56.35924530029297,259.6564025878906,271.9596252441406,218.11331176757812,215.38999938964844,177.65249633789062,160.1679229736328,396.05352783203125
2023-04-04,162.97396850585938,279.4040832519531,27.366165161132812,90.04492950439453,47.332088470458984,118.4683837890625,25.619638442993164,297.029296875,76.00611877441406,33.696617126464844,143.40719604492188,32.99575424194336,97.98897552490234,459.5218811035156,95.63616943359375,102.48851013183594,146.25665283203125,95.3276596069336,46.26759719848633,61.01101303100586,47.20722961425781,137.09466552734375,56.18764114379883,259.7852783203125,269.4293518066406,206.3284912109375,213.89999389648438,175.501708984375,157.59657287597656,379.5143127441406
2023-04-05,161.13392639160156,276.64093017578125,26.795974731445312,90.8974838256836,47.332088470458984,118.64501953125,25.308320999145508,295.998291015625,75.11003112792969,33.76985168457031,149.84963989257812,33.520137786865234,100.76217651367188,474.40911865234375,96.9478988647461,104.243896484375,146.98342895507812,96.62798309326172,46.48765182495117,60.76632308959961,47.98957824707031,138.03460693359375,56.720523834228516,259.54595947265625,263.6837463378906,202.60899353027344,210.0,174.11378479003906,156.59609985351562,356.7621765136719
2023-04-06,162.01947021484375,283.70440673828125,26.95148277282715,91.8841552734375,46.82971954345703,118.5148696899414,25.491451263427734,296.79925537109375,75.44159698486328,34.69443130493164,149.43341064453125,33.479793548583984,101.14032745361328,477.7444152832031,97.61772918701172,102.5152587890625,145.05401611328125,95.29179382324219,45.497379302978516,59.32645034790039,48.35189437866211,138.91064453125,56.75665283203125,260.34661865234375,263.62896728515625,198.4720001220703,211.3699951171875,175.06051635742188,155.9181671142578,352.782470703125
2023-04-10,159.43165588378906,281.5542297363281,27.49176597595215,90.1911392211914,46.884525299072266,118.90534973144531,25.5830135345459,299.1558532714844,75.2713394165039,35.3626823425293,148.68240356445312,33.665348052978516,101.39244079589844,479.95233154296875,96.47343444824219,102.0608139038086,145.60775756835938,95.01378631591797,45.88248825073242,60.31459426879883,48.258907318115234,137.76083374023438,56.62116622924805,261.16571044921875,265.9674072265625,204.50669860839844,210.77999877929688,176.18185424804688,157.30718994140625,360.11199951171875
2023-04-11,158.22140502929688,275.1719055175781,27.083065032958984,90.39314270019531,46.23601150512695,119.49110412597656,26.288057327270508,301.3744812011719,76.24806213378906,36.04009246826172,148.63717651367188,33.7137451171875,101.28437042236328,485.3463439941406,96.0920181274414,102.7825698852539,146.4123992919922,95.73120880126953,46.89109802246094,60.5781135559082,48.117835998535156,137.48707580566406,56.521820068359375,261.8099365234375,268.3424072265625,209.31739807128906,212.32000732421875,176.65061950683594,159.11785888671875,363.45233154296875
2023-04-12,157.53262329101562,275.81396484375,26.411197662353516,90.32579040527344,45.77019119262695,119.47249603271484,26.077455520629883,304.0166320800781,76.58856964111328,35.87532043457031,148.32046508789062,33.37491989135742,102.41887664794922,485.5513000488281,95.41287231445312,102.6756362915039,146.93153381347656,96.43070220947266,47.66130447387695,61.02041244506836,47.88377380371094,137.86122131347656,56.62116622924805,262.5645751953125,265.3006286621094,209.22251892089844,212.33999633789062,177.60653686523438,156.96823120117188,366.84991455078125
2023-04-13,162.90505981445312,281.9920654296875,26.379297256469727,91.91300201416016,46.400421142578125,119.92807006835938,26.150711059570312,305.7565002441406,76.78570556640625,36.30556106567383,150.3020477294922,33.45559310913086,104.06658935546875,490.2467041015625,96.87141418457031,103.15681457519531,148.89559936523438,97.78483581542969,47.57878494262695,60.95454025268555,47.93186569213867,138.5000457763672,57.03664016723633,266.03424072265625,266.86260986328125,210.33267211914062,213.58999633789062,180.06069946289062,157.91905212402344,367.18389892578125
2023-04-14,162.56068420410156,278.39227294921875,26.673364639282227,92.06690979003906,46.16293716430664,128.98382568359375,27.029726028442383,310.1661682128906,77.6997299194336,36.287261962890625,150.05772399902344,33.22970962524414,103.82347106933594,476.7940673828125,97.19866943359375,103.40631103515625,149.1984100341797,97.30059051513672,48.1197624206543,60.68163299560547,47.60801696777344,137.7972869873047,56.946327209472656,265.9513854980469,266.89910888671875,212.23983764648438,201.7100067138672,180.65809631347656,159.46511840820312,370.07562255859375
2023-04-17,162.58033752441406,280.9801940917969,26.916593551635742,91.95147705078125,45.92545700073242,130.0065155029297,27.80801773071289,312.70697021484375,80.01162719726562,37.80685043334961,149.9039306640625,33.22163772583008,103.5533676147461,470.79443359375,97.72223663330078,102.20338439941406,147.88328552246094,94.7088623046875,47.73466110229492,59.23234176635742,47.94148254394531,137.8429718017578,57.3166389465332,266.25506591796875,269.831298828125,213.72010803222656,205.02999877929688,181.86216735839844,159.81239318847656,373.5590515136719
2023-04-18,163.80044555664062,280.5618591308594,27.579490661621094,92.7979736328125,45.95286178588867,131.46620178222656,27.98198890686035,307.3951721191406,80.51343536376953,38.32863998413086,145.6873779296875,32.7133903503418,103.39128875732422,469.9839782714844,97.37628936767578,104.1993408203125,147.53720092773438,94.11700439453125,47.83552169799805,59.2888069152832,48.04728698730469,137.9889678955078,57.40694808959961,267.7275695800781,273.07403564453125,213.68209838867188,208.3699951171875,181.0074005126953,160.49864196777344,378.58856201171875
2023-04-19,164.9418487548828,280.63970947265625,27.8426513671875,92.16310119628906,43.879451751708984,131.29888916015625,27.524171829223633,310.13861083984375,81.05107879638672,38.66735076904297,147.062744140625,32.46329116821289,102.7610092163086,452.9539794921875,104.98690032958984,103.86964416503906,147.6756134033203,94.39501190185547,48.25730514526367,58.79003143310547,48.09859848022461,138.01634216308594,57.51533126831055,268.0588073730469,271.21063232421875,213.16024780273438,208.7100067138672,181.81625366210938,162.0778350830078,374.8474426269531
2023-04-20,163.97755432128906,278.363037109375,27.01827049255371,91.22042083740234,42.54590606689453,130.91769409179688,27.37766456604004,311.81402587890625,81.03315734863281,38.14555740356445,148.0128173828125,32.14866256713867,102.79702758789062,454.1277770996094,103.17305755615234,103.04097747802734,146.95751953125,93.06777954101562,47.65213394165039,58.37595748901367,48.40640640258789,138.5223388671875,57.768226623535156,267.8103942871094,272.7269287109375,210.90199279785156,207.22999572753906,180.84193420410156,161.2096710205078,372.54736328125
2023-04-21,162.3737030029297,278.0224914550781,27.033220291137695,91.52822875976562,42.95692825317383,130.66665649414062,27.35019874572754,314.5297546386719,81.65147399902344,37.75193405151367,147.20751953125,32.43909454345703,103.87751007080078,450.7367248535156,104.39786529541016,103.37065887451172,146.32586669921875,91.70465850830078,45.66242218017578,58.225372314453125,48.65008544921875,143.31573486328125,57.84951400756836,268.78594970703125,274.0696716308594,210.13877868652344,205.14999389648438,180.22608947753906,161.39987182617188,369.054443359375
2023-04-24,162.67874145507812,274.14056396484375,26.95646858215332,91.80718994140625,43.28574752807617,130.84329223632812,27.249479293823242,316.6471862792969,80.82705688476562,37.94417190551758,148.10333251953125,32.19707489013672,104.39073181152344,455.50653076171875,103.21981048583984,105.32205200195312,148.36781311035156,92.95121002197266,46.04753875732422,59.06294631958008,48.980342864990234,143.57286071777344,57.75919723510742,269.8350830078125,275.5311584472656,213.1533966064453,205.77000427246094,180.86949157714844,161.92898559570312,370.3332824707031
2023-04-25,161.1437530517578,267.9625244140625,26.15799903869629,90.4797134399414,43.01173400878906,127.99825286865234,26.407089233398438,312.5229187011719,78.90945434570312,37.12028884887695,149.46054077148438,31.729164123535156,104.92195129394531,458.2828063964844,102.81777954101562,103.82508087158203,146.21339416503906,91.5522232055664,44.89221954345703,57.71718978881836,48.598793029785156,143.6095733642578,57.66887283325195,268.27972412109375,270.6807861328125,208.57421875,202.19000244140625,180.11581420898438,145.7567901611328,362.15435791015625
2023-04-26,161.13392639160156,287.37237548828125,26.870737075805664,90.14303588867188,42.50936508178711,125.72969818115234,26.040828704833984,309.83477783203125,79.24994659423828,36.122474670410156,147.1441650390625,31.164445877075195,102.13075256347656,449.9262390136719,101.67711639404297,102.87166595458984,143.60910034179688,90.09943389892578,43.81025314331055,56.7102165222168,48.387168884277344,141.94752502441406,57.397918701171875,266.6691589355469,263.1357421875,206.2464141845703,203.02999877929688,175.46493530273438,142.68109130859375,357.5160827636719
2023-04-27,165.70933532714844,296.57623291015625,27.1398868560791,91.42240142822266,42.52763748168945,127.421875,26.45287322998047,314.47454833984375,80.88082885742188,36.30556106567383,147.48802185058594,31.253190994262695,103.68842315673828,456.93194580078125,102.37834930419922,104.101318359375,144.4483642578125,90.78099822998047,43.975303649902344,57.01137161254883,48.537864685058594,143.68299865722656,57.51533126831055,271.23394775390625,268.4885559082031,204.47198486328125,206.0399932861328,182.551513671875,146.97219848632812,354.88214111328125
2023-04-28,166.95899963378906,298.9404296875,27.661231994628906,91.11459350585938,43.15788269042969,128.5282440185547,26.809972763061523,316.1684265136719,81.3191909790039,36.3879508972168,148.1213836669922,31.37419319152832,103.96753692626953,458.4411926269531,103.28526306152344,105.44680786132812,145.85865783691406,92.26963806152344,45.24980926513672,57.905399322509766,48.40640640258789,143.6004180908203,57.93983840942383,272.18182373046875,274.5263671875,208.73638916015625,206.77999877929688,183.68209838867188,148.6671142578125,360.7705078125
2023-05-01,166.87042236328125,297.2864074707031,28.818559646606445,91.25889587402344,43.240074157714844,131.2802734375,26.59021759033203,313.52630615234375,79.475341796875,36.973819732666016,148.03089904785156,31.63235092163086,104.7508773803711,461.80438232421875,103.88363647460938,102.1766586303711,144.69927978515625,91.9468002319336,45.066429138183594,57.56661605834961,48.60519027709961,143.77487182617188,58.075313568115234,273.86602783203125,271.9322204589844,207.27676391601562,203.8699951171875,184.2703399658203,150.64315795898438,364.6833801269531
2023-05-02,165.83726501464844,297.1404113769531,28.12076759338379,91.19154357910156,42.3449592590332,129.16046142578125,25.784454345703125,306.8980712890625,77.99304962158203,35.55491638183594,149.32481384277344,31.51133918762207,106.1464614868164,459.6523132324219,104.2482681274414,98.10454559326172,138.46969604492188,88.45833587646484,42.34319305419922,56.503170013427734,48.47373962402344,143.64630126953125,57.813392639160156,274.31695556640625,268.8082275390625,205.25424194335938,203.25,182.22984313964844,147.03831481933594,366.2867431640625
2023-05-03,164.76473999023438,296.1578063964844,27.714061737060547,91.17231750488281,41.97959899902344,126.42697143554688,25.5097599029541,302.55291748046875,76.60111999511719,35.3809928894043,147.37039184570312,31.019229888916016,106.443603515625,455.9723815917969,104.49137115478516,96.17098236083984,135.69232177734375,86.1715316772461,41.50879669189453,55.49620819091797,48.294185638427734,143.46263122558594,57.488243103027344,271.6940612792969,267.7120056152344,205.7217254638672,200.92999267578125,181.9541015625,145.37643432617188,364.77886962890625
2023-05-04,163.13137817382812,297.1404113769531,27.474821090698242,91.3550796508789,41.74211502075195,124.69766998291016,24.71315574645996,295.7496643066406,74.66687774658203,33.8771858215332,146.7008056640625,30.841745376586914,105.67827606201172,453.9600830078125,103.64990234375,94.48690032958984,135.16456604003906,87.3104476928711,41.325408935546875,55.24211120605469,48.42935562133789,142.80148315429688,57.55147171020508,271.6388244628906,261.0165710449219,200.7036590576172,197.0500030517578,180.35476684570312,143.27635192871094,356.5426330566406
2023-05-05,170.78660583496094,302.238525390625,28.58928108215332,93.27896118164062,42.24448013305664,127.13361358642578,25.372413635253906,301.0522766113281,76.7186050415039,35.00273895263672,147.1984405517578,31.05150604248047,105.95740509033203,460.4814147949219,104.02387237548828,96.83926391601562,138.61679077148438,90.00975799560547,41.948917388916016,57.1148796081543,48.847774505615234,143.2790069580078,57.822418212890625,272.96405029296875,264.55157470703125,205.19705200195312,198.33999633789062,182.37692260742188,145.3020477294922,363.7004089355469
2023-05-08,170.7176971435547,300.292724609375,29.058794021606445,93.10580444335938,42.32668685913086,127.44042205810547,25.354101181030273,300.5828552246094,76.31187438964844,35.40866470336914,146.86366271972656,31.196712493896484,106.58765411376953,458.9349365234375,103.68730163574219,97.22241973876953,138.0717010498047,90.48504638671875,42.737464904785156,55.48679733276367,49.15353775024414,142.60867309570312,57.73210144042969,273.04693603515625,263.00787353515625,204.91082763671875,197.25999450683594,181.0257568359375,144.1858673095703,362.8987121582031
2023-05-09,169.01544189453125,298.6873779296875,28.48063087463379,92.48052978515625,42.445430755615234,126.8268051147461,25.32663345336914,298.9809875488281,76.25763702392578,35.55628204345703,145.72357177734375,31.043432235717773,105.7322998046875,456.8481140136719,103.07957458496094,97.24916076660156,137.67369079589844,91.05001068115234,43.25093460083008,55.48679733276367,49.23721694946289,141.14859008789062,57.25341033935547,273.01934814453125,265.42840576171875,203.6706085205078,201.8800048828125,181.1912078857422,143.04489135742188,364.034423828125
2023-05-10,170.77674865722656,303.8536682128906,28.79363441467285,93.80802917480469,42.66463851928711,126.89188385009766,25.01531219482422,296.937255859375,75.67015838623047,35.316410064697266,146.26649475097656,30.89822006225586,106.1554946899414,456.5593566894531,103.49095153808594,96.00167846679688,135.91729736328125,90.09943389892578,42.049781799316406,53.501094818115234,49.09882354736328,141.44244384765625,57.35276794433594,272.9365539550781,264.0126647949219,203.36532592773438,200.83999633789062,181.3842315673828,141.85430908203125,363.03240966796875
2023-05-11,170.96372985839844,301.7131652832031,28.48760414123535,93.73104858398438,42.35408401489258,126.49210357666016,25.079410552978516,295.2525634765625,74.68494415283203,35.362545013427734,145.6693115234375,30.645421981811523,105.84033966064453,455.3388977050781,102.892578125,94.26412963867188,135.16456604003906,89.57929229736328,40.472679138183594,54.51747131347656,49.28227615356445,141.77304077148438,57.677913665771484,271.29840087890625,262.78863525390625,200.36973571777344,201.83999633789062,179.23138427734375,140.74636840820312,355.7791748046875
2023-05-12,170.03750610351562,300.60406494140625,28.2503604888916,94.12545013427734,42.66463851928711,124.67908477783203,24.804719924926758,294.12945556640625,74.4680404663086,34.58757019042969,145.479248046875,30.457866668701172,105.47118377685547,457.6399841308594,103.30396270751953,94.25521850585938,135.5106201171875,89.16680145263672,40.40849304199219,54.66804885864258,49.26618194580078,143.21473693847656,57.903709411621094,272.540771484375,265.3280029296875,199.90231323242188,200.6999969482422,178.8987579345703,140.654541015625,356.91485595703125
2023-05-15,169.54483032226562,301.08074951171875,28.861419677734375,93.55790710449219,43.02085876464844,125.72969818115234,25.317474365234375,296.4953918457031,74.97418975830078,35.76847839355469,144.36636352539062,30.30292510986328,104.77788543701172,453.5687561035156,102.69623565673828,94.43496704101562,136.01248168945312,90.40169525146484,40.89445877075195,55.072723388671875,48.88317108154297,143.2606201171875,57.75016403198242,272.3199157714844,263.56512451171875,201.5718231201172,202.77000427246094,179.53628540039062,140.9467010498047,353.31683349609375
2023-05-16,169.54483032226562,303.2991027832031,29.12059783935547,94.5102310180664,42.85645294189453,124.8836441040039,25.05194091796875,295.3354187011719,73.9889907836914,35.41790008544922,144.17630004882812,30.18060302734375,104.51679229736328,446.91705322265625,102.27550506591797,92.14308166503906,132.81982421875,88.40059661865234,39.6566276550293,54.7150993347168,48.20728302001953,143.01271057128906,57.0998649597168,270.7093505859375,257.89251708984375,197.66989135742188,200.8699951171875,177.0415496826172,139.07687377929688,346.13043212890625
2023-05-17,170.15574645996094,306.1656799316406,30.08254623413086,95.97236633300781,43.50495910644531,128.72349548339844,26.159866333007812,303.9613342285156,75.84188079833984,37.327640533447266,143.859619140625,29.968582153320312,103.32827758789062,451.65899658203125,101.74259185791016,94.21028137207031,134.72329711914062,90.78028869628906,40.80276870727539,55.44914627075195,48.1268196105957,142.40664672851562,57.03664016723633,270.0743408203125,267.08184814453125,202.34454345703125,206.8699951171875,181.11630249023438,143.0419158935547,351.2745056152344
2023-05-18,172.4811248779297,310.57293701171875,31.577802658081055,98.44453430175781,44.02560043334961,129.69970703125,26.068302154541016,303.40899658203125,76.36611938476562,37.096988677978516,143.39816284179688,29.748409271240234,102.64396667480469,446.4605407714844,101.41534423828125,95.06411743164062,134.55728149414062,90.80732727050781,41.123687744140625,54.81861877441406,48.7512092590332,140.06504821777344,56.720523834228516,270.6173095703125,269.612060546875,204.84400939941406,207.24000549316406,183.1767578125,142.7747802734375,353.61273193359375
2023-05-19,172.58950805664062,310.3974304199219,31.165111541748047,98.92550659179688,44.87505340576172,129.40219116210938,25.738672256469727,300.2513732910156,74.33245849609375,36.93092346191406,143.7872314453125,29.984888076782227,103.98554229736328,446.0785827636719,101.84542083740234,95.5045166015625,135.62319946289062,92.48394775390625,41.50879669189453,55.646785736083984,48.24912643432617,140.6527099609375,56.74761962890625,271.9977722167969,265.7024841308594,204.90127563476562,205.49000549316406,182.34515380859375,142.6829833984375,346.9607849121094
2023-05-22,171.64356994628906,313.1665344238281,31.077396392822266,97.896240234375,44.59191131591797,128.3330078125,25.949270248413086,299.11907958984375,74.35955047607422,37.807376861572266,143.01234436035156,31.59952735900879,103.08516693115234,447.7554931640625,101.20964813232422,94.34510040283203,133.18560791015625,93.50253295898438,42.178138732910156,55.56208801269531,47.82427978515625,136.97039794921875,55.55540466308594,266.2918395996094,265.50152587890625,204.40521240234375,205.91000366210938,181.9571075439453,143.16712951660156,344.0499267578125
2023-05-23,169.04232788085938,307.394287109375,30.5909366607666,94.78919219970703,44.674102783203125,126.9941635131836,26.169023513793945,297.87628173828125,74.69400024414062,38.019569396972656,142.9575958251953,32.32529067993164,101.98667907714844,446.65618896484375,98.86288452148438,95.63036346435547,137.03855895996094,94.09745788574219,42.23316192626953,56.164390563964844,47.734161376953125,135.4920196533203,55.456050872802734,263.54931640625,269.4111022949219,202.92649841308594,202.60000610351562,180.14613342285156,141.73135375976562,344.0308837890625
2023-05-24,169.31822204589844,306.0193786621094,30.441404342651367,94.57756042480469,44.217403411865234,125.83195495605469,25.729515075683594,294.4147644042969,73.4105453491211,37.705902099609375,142.82086181640625,31.50166893005371,102.28380584716797,447.9511413574219,97.27344512939453,96.69989776611328,137.40553283691406,93.7278823852539,42.3890380859375,55.8914680480957,47.515296936035156,134.37168884277344,54.98638916015625,263.13519287109375,265.9034729003906,200.05490112304688,199.27000427246094,177.27255249023438,140.00344848632812,337.9228515625
2023-05-25,170.4513397216797,317.78826904296875,37.85987091064453,100.32032775878906,44.78371047973633,126.1387710571289,25.793607711791992,298.1616516113281,75.0193862915039,37.733577728271484,140.76962280273438,30.849288940429688,101.11331939697266,445.0351867675781,95.49702453613281,94.96527862548828,135.037841796875,91.66366577148438,41.407936096191406,55.34563446044922,47.04216766357422,133.50852966308594,54.561893463134766,262.7670593261719,261.9299621582031,200.32200622558594,200.8699951171875,177.6514129638672,142.93336486816406,338.68646240234375
2023-05-26,172.8555145263672,324.5844421386719,38.82281494140625,100.11831665039062,45.54182815551758,127.3195571899414,25.921802520751953,305.6460266113281,75.83283996582031,38.038028717041016,140.71495056152344,30.66173553466797,100.00582885742188,448.59393310546875,96.17955017089844,94.34510040283203,134.6184539794922,91.80789184570312,40.7844352722168,55.46797180175781,47.125858306884766,133.5177001953125,54.42641067504883,263.2456970214844,267.4837646484375,202.058349609375,203.6300048828125,179.01889038085938,143.2172393798828,340.9100341796875
2023-05-30,174.69810485839844,322.9462890625,39.984127044677734,101.14759063720703,45.82498550415039,127.8030776977539,25.876018524169922,304.5597839355469,75.39900207519531,37.807376861572266,140.73318481445312,30.18060302734375,98.29511260986328,447.0382080078125,95.09498596191406,93.50924682617188,133.77967834472656,91.22196960449219,40.62855529785156,55.13859176635742,47.00998306274414,131.4791259765625,53.99287796020508,262.21484375,267.0909423828125,200.2457275390625,204.69000244140625,179.75804138183594,141.70632934570312,334.63031005859375
2023-05-31,174.64883422851562,320.1966857910156,37.714332580566406,101.90751647949219,45.368282318115234,126.17599487304688,25.445667266845703,300.4504699707031,73.89861297607422,36.72795486450195,141.36221313476562,31.004230499267578,99.41159057617188,453.9228515625,95.36611938476562,91.83750915527344,131.595458984375,89.50930786132812,39.27152633666992,54.26337432861328,47.27068328857422,130.85467529296875,53.88449478149414,262.3897399902344,260.7795715332031,196.28659057617188,205.6999969482422,177.03236389160156,139.4024200439453,330.1925354003906
2023-06-01,177.44712829589844,324.28216552734375,39.64421081542969,101.95560455322266,45.43222427368164,127.91460418701172,25.63947868347168,293.4934387207031,74.17879486083984,36.95861053466797,140.8881378173828,31.004230499267578,99.87979888916016,459.8758544921875,96.13279724121094,92.89806365966797,132.9409637451172,89.71663665771484,41.242889404296875,54.696285247802734,47.44448471069336,132.19537353515625,54.191585540771484,264.9298095703125,265.324462890625,199.45394897460938,207.9600067138672,179.12051391601562,140.0952606201172,336.4818115234375
2023-06-02,178.29454040527344,327.03173828125,39.202613830566406,101.85942840576172,45.6879768371582,130.60157775878906,26.497821807861328,300.2186584472656,76.23957824707031,38.04725646972656,143.10350036621094,31.281494140625,101.3114013671875,465.4189453125,97.42305755615234,95.05513763427734,136.5230712890625,92.25859069824219,42.8841667175293,56.17379379272461,47.8983039855957,134.5461883544922,55.23928451538086,268.2235412597656,272.27069091796875,216.2062530517578,213.32000732421875,183.73110961914062,142.02352905273438,354.1376037597656
2023-06-05,176.94459533691406,327.55828857421875,39.04711151123047,102.85981750488281,45.86152267456055,129.3185272216797,26.340925216674805,298.5118103027344,75.68821716308594,37.31840896606445,144.33424377441406,31.51797866821289,101.8426513671875,464.1240539550781,97.01168060302734,94.6327133178711,135.86782836914062,92.00617980957031,42.3798713684082,55.900875091552734,48.213722229003906,134.01356506347656,54.868980407714844,266.8542175292969,269.6578369140625,212.2375946044922,208.77999877929688,182.18807983398438,140.1119842529297,347.0562438964844
2023-06-06,176.580078125,325.35467529296875,38.53173065185547,103.02337646484375,45.49616241455078,129.55099487304688,26.977758407592773,303.1405029296875,77.60437774658203,38.06570816040039,144.2065887451172,31.28964614868164,99.05142211914062,454.2303466796875,95.94581604003906,95.40565490722656,136.11244201660156,91.88902282714844,43.2833366394043,55.93851852416992,48.20728302001953,132.68206787109375,54.47157287597656,263.25518798828125,272.3258056640625,216.25393676757812,207.2899932861328,181.41195678710938,139.89492797851562,356.6380310058594
2023-06-07,175.21047973632812,315.3116760253906,37.36033630371094,101.24378967285156,45.46875762939453,130.8061065673828,27.20849609375,311.44256591796875,78.18285369873047,38.81299591064453,144.5165557861328,31.713685989379883,97.7908706665039,449.1622009277344,95.0482406616211,97.54476165771484,139.64219665527344,94.4760513305664,44.37118148803711,56.503170013427734,48.27809143066406,132.9667205810547,54.39028549194336,260.8127136230469,277.5699768066406,224.71595764160156,211.92999267578125,183.30606079101562,143.15875244140625,364.3970947265625
2023-06-08,177.9200897216797,317.1448059082031,38.39216613769531,103.38890838623047,45.37742233276367,130.84329223632812,26.977758407592773,311.1828308105469,78.01111602783203,39.08976364135742,146.1028594970703,31.876792907714844,99.33055877685547,456.7083740234375,94.2254867553711,97.23918914794922,139.12672424316406,94.23267364501953,43.74428176879883,56.3615837097168,48.97651290893555,134.4727020263672,54.525760650634766,264.4024658203125,277.0087890625,223.6665802001953,218.11000061035156,183.08433532714844,143.14205932617188,363.3950500488281
2023-06-09,178.3043975830078,318.6365661621094,38.651371002197266,105.66869354248047,45.35915756225586,131.10365295410156,27.014678955078125,311.69305419921875,77.92073059082031,38.868350982666016,145.8749542236328,31.778928756713867,99.68171691894531,459.8665771484375,95.07628631591797,96.52015686035156,138.79469299316406,93.6467514038086,43.81803512573242,55.99345397949219,49.27261734008789,134.58291625976562,54.61608123779297,265.3368835449219,273.5678405761719,224.2198944091797,217.30999755859375,182.8440704345703,142.315673828125,361.58172607421875
2023-06-12,181.09283447265625,323.5703430175781,39.36118698120117,111.99822235107422,46.10813522338867,131.0943145751953,26.885465621948242,314.91180419921875,79.03245544433594,38.591575622558594,145.774658203125,32.537322998046875,98.9163818359375,458.90692138671875,94.80517578125,95.64833068847656,137.45794677734375,92.68225860595703,43.347862243652344,55.87074279785156,49.597694396972656,133.52687072753906,54.381256103515625,266.9836730957031,276.79718017578125,226.95785522460938,221.55999755859375,183.40771484375,143.15875244140625,369.4648132324219
2023-06-13,180.61988830566406,325.94952392578125,40.89646911621094,112.23872375488281,46.400421142578125,132.04270935058594,27.134662628173828,317.7038879394531,79.79169464111328,39.34809112548828,146.5404815673828,32.84719467163086,99.03340911865234,457.7144775390625,95.2352294921875,95.66630554199219,138.4888916015625,93.21409606933594,44.214454650878906,55.474300384521484,49.983917236328125,133.2054901123047,54.598018646240234,266.9652099609375,276.0794677734375,234.15110778808594,220.3800048828125,185.81930541992188,144.31907653808594,380.06787109375
2023-06-14,181.25048828125,328.92340087890625,42.865440368652344,117.61592864990234,46.54656982421875,131.54991149902344,26.876235961914062,313.91925048828125,79.52054595947266,38.82221984863281,147.2880096435547,32.09695816040039,98.48958587646484,428.4150695800781,96.53483581542969,94.51586151123047,137.24826049804688,92.54705047607422,43.57834243774414,55.19112777709961,50.489227294921875,134.45433044433594,54.96833038330078,266.86346435546875,275.7391662597656,232.12860107421875,216.89999389648438,185.27415466308594,145.98023986816406,380.8409118652344
2023-06-15,183.2802734375,339.4149169921875,42.522491455078125,121.73303985595703,47.432559967041016,133.03749084472656,27.10697364807129,315.1436767578125,80.48765563964844,39.08054733276367,149.26629638671875,32.41499328613281,99.16032409667969,435.814453125,98.18970489501953,95.17198181152344,138.2879638671875,93.8811264038086,44.15914535522461,55.14392852783203,50.766029357910156,136.31846618652344,55.72368621826172,270.7215881347656,277.8643493652344,236.27853393554688,219.41000366210938,188.24008178710938,149.41934204101562,387.9700012207031
2023-06-16,182.20628356933594,333.7888488769531,42.56137466430664,120.68451690673828,47.56043243408203,133.19557189941406,26.94084358215332,313.8172302246094,79.61995697021484,38.91447448730469,149.72213745117188,32.66779708862305,99.08779907226562,428.8921813964844,99.29297637939453,94.48890686035156,137.3967742919922,94.57520294189453,44.04851150512695,54.88907241821289,50.05794143676758,137.31935119628906,56.12411880493164,271.7300109863281,276.3554992675781,233.98892211914062,219.99000549316406,187.53785705566406,149.06878662109375,389.02935791015625
2023-06-20,182.29495239257812,329.6156311035156,43.673946380615234,117.39469146728516,47.08546829223633,132.51686096191406,26.64550018310547,306.77679443359375,78.39073181152344,38.64692306518555,149.63099670410156,32.08065414428711,99.91263580322266,439.0885009765625,99.76043701171875,92.32284545898438,134.26893615722656,91.97014617919922,43.569122314453125,54.02065658569336,49.617000579833984,136.05215454101562,55.7509880065918,271.1193542480469,277.3031921386719,230.0583953857422,212.3699951171875,185.16326904296875,147.97528076171875,389.3634033203125
2023-06-21,181.26039123535156,325.2377014160156,42.91329574584961,117.45240783691406,46.44609451293945,132.32162475585938,26.368616104125977,301.5357971191406,78.0382308959961,38.42551040649414,149.40309143066406,31.721851348876953,100.7555923461914,445.9733581542969,99.33971405029297,93.3564453125,135.31739807128906,93.4754867553711,44.03007507324219,54.24720764160156,49.713558197021484,137.22752380371094,55.90570068359375,272.4886474609375,276.6499938964844,230.3732147216797,212.0800018310547,186.45681762695312,144.93678283691406,397.5805358886719
2023-06-22,184.25570678710938,331.2342834472656,42.89335250854492,115.9902572631836,46.69270324707031,129.7741241455078,25.80561065673828,296.44317626953125,76.3751449584961,37.88119125366211,150.9893341064453,31.583209991455078,103.07598114013672,448.1248474121094,101.20964813232422,92.84413146972656,133.3603057861328,91.42931365966797,43.181922912597656,53.3504753112793,50.12874984741211,137.6958465576172,56.287933349609375,271.35992431640625,277.09149169921875,226.4236602783203,205.61000061035156,185.3942413330078,143.05862426757812,396.7215576171875
2023-06-23,183.94039916992188,326.6612548828125,42.07985305786133,114.12409973144531,45.97113800048828,129.09539794921875,25.611797332763672,291.92578125,75.54360961914062,37.466026306152344,150.8616943359375,31.232561111450195,103.87361907958984,446.20721435546875,101.02266693115234,92.03524017333984,132.23329162597656,90.55494689941406,42.95145034790039,52.92570877075195,50.0354118347168,136.32763671875,55.696380615234375,268.2235412597656,276.75115966796875,223.65704345703125,205.41000366210938,184.8768310546875,141.31396484375,385.9945068359375
2023-06-26,182.55113220214844,320.4014587402344,40.507667541503906,112.33491516113281,45.86152267456055,129.4114990234375,25.92559814453125,289.74591064453125,75.5526351928711,37.447574615478516,149.1751708984375,30.08275032043457,102.49588012695312,448.13427734375,101.45272827148438,93.73391723632812,134.55728149414062,91.86982727050781,43.66130828857422,54.03953170776367,49.90345764160156,136.4653778076172,55.7145881652832,267.4647521972656,283.264892578125,226.0515899658203,205.5800018310547,187.17750549316406,144.20220947265625,391.47259521484375
2023-06-27,185.3001708984375,326.2225036621094,41.74787521362305,113.35454559326172,46.45521926879883,129.42079162597656,26.064041137695312,290.757080078125,76.31187438964844,37.742794036865234,148.86517333984375,29.699474334716797,102.71342468261719,451.40826416015625,100.7795639038086,93.96761322021484,134.13792419433594,91.39827728271484,44.380393981933594,53.926265716552734,49.72321319580078,137.76016235351562,55.596275329589844,269.509521484375,288.64703369140625,229.6195831298828,209.42999267578125,187.87973022460938,145.804931640625,390.8236083984375
2023-06-28,186.4727020263672,327.47052001953125,40.99119567871094,112.09442138671875,46.464359283447266,128.85365295410156,25.90713882446289,290.9517822265625,75.91417694091797,37.475250244140625,148.5643310546875,29.59347152709961,101.91578674316406,443.8218688964844,100.61127471923828,94.73157501220703,135.35235595703125,92.95802307128906,44.795257568359375,54.237762451171875,49.99357986450195,137.73260498046875,55.07754135131836,269.91656494140625,281.9952392578125,230.74526977539062,210.72000122070312,187.10362243652344,146.63131713867188,386.71026611328125
2023-06-29,186.80770874023438,326.69049072265625,40.69709014892578,113.29683685302734,46.77492141723633,133.35362243652344,26.451677322387695,299.6990661621094,77.04399871826172,39.163578033447266,149.60362243652344,29.454835891723633,102.91283416748047,445.68341064453125,100.65802764892578,95.89998626708984,136.50563049316406,93.4567642211914,44.68463134765625,55.23832702636719,49.65562057495117,137.17247009277344,54.62250518798828,272.4423828125,283.20050048828125,233.00624084472656,211.8300018310547,190.77174377441406,146.9568634033203,384.4892272949219
2023-06-30,191.1234588623047,332.0434875488281,42.17256164550781,114.55696868896484,47.259010314941406,135.22238159179688,26.479368209838867,299.1889343261719,77.18861389160156,39.375770568847656,150.898193359375,29.911500930786133,104.58966064453125,449.6122741699219,101.9295654296875,96.39432525634766,137.47543334960938,93.95551300048828,45.28385925292969,55.50261688232422,50.58900451660156,139.339599609375,54.80451583862305,276.087646484375,285.7949523925781,234.73304748535156,211.16000366210938,191.72344970703125,149.62803649902344,387.8973083496094
2023-07-03,189.63560485839844,329.55712890625,42.28321838378906,112.69082641601562,47.332088470458984,136.31019592285156,26.950069427490234,302.9642639160156,78.10150146484375,40.0400276184082,148.91986083984375,29.887041091918945,103.62889862060547,447.0304260253906,100.24664306640625,96.58306884765625,137.35313415527344,94.51773071289062,45.606529235839844,55.889625549316406,50.91728973388672,140.03746032714844,55.132144927978516,272.7846984863281,285.22454833984375,235.95416259765625,210.9199981689453,192.46261596679688,153.4010772705078,389.1322937011719
2023-07-05,188.52220153808594,329.71319580078125,42.18751525878906,111.54612731933594,47.40571212768555,135.40216064453125,26.839317321777344,296.8791809082031,77.65861511230469,40.11383819580078,148.42758178710938,29.732099533081055,103.05783081054688,440.8004150390625,100.38687896728516,96.08872985839844,136.5667724609375,94.32730102539062,45.449806213378906,55.58756637573242,50.888328552246094,139.7987518310547,55.54167556762695,274.69061279296875,285.9421691894531,233.5691375732422,213.30999755859375,190.7347869873047,150.22906494140625,387.3899841308594
2023-07-06,188.9951629638672,332.7552795410156,41.97417068481445,111.0555191040039,47.03758239746094,134.06350708007812,26.100961685180664,290.33966064453125,75.31766510009766,39.569515228271484,147.32447814941406,29.055259704589844,101.29036712646484,439.06048583984375,100.22792053222656,92.50260162353516,133.5700225830078,90.9902114868164,45.28385925292969,54.37934875488281,50.56646728515625,139.56915283203125,55.11394500732422,272.8587341308594,277.8643493652344,229.51461791992188,212.6199951171875,188.49879455566406,149.653076171875,384.0489196777344
2023-07-07,187.88174438476562,328.80633544921875,42.37294387817383,110.24749755859375,46.92713928222656,135.12135314941406,26.331695556640625,292.3525390625,75.34475708007812,39.458797454833984,145.18206787109375,28.97370719909668,98.7977523803711,431.78265380859375,99.43321228027344,92.71830749511719,134.7407684326172,93.61091613769531,49.18351364135742,55.323280334472656,49.401363372802734,136.63986206054688,54.38588333129883,270.2497253417969,278.5912170410156,233.9030303955078,212.10000610351562,187.80581665039062,150.0537872314453,387.9834899902344
2023-07-10,185.84214782714844,323.5508117675781,42.05093002319336,110.0262451171875,47.30447006225586,135.8795928955078,26.451677322387695,293.558349609375,75.38091278076172,39.04364013671875,145.41909790039062,29.09602928161621,99.66790771484375,433.1577453613281,100.05963897705078,94.09342956542969,135.64065551757812,94.62655639648438,49.43242263793945,55.40822219848633,49.84872817993164,136.69493103027344,53.97636032104492,272.46087646484375,285.46368408203125,237.36605834960938,213.30999755859375,191.9451904296875,151.3643341064453,389.7162780761719
2023-07-11,185.31993103027344,324.1748352050781,42.275238037109375,110.89502716064453,47.967105865478516,138.004638671875,26.783937454223633,297.6490783691406,76.79092407226562,39.431129455566406,144.6168670654297,29.373289108276367,98.52584075927734,433.0080871582031,100.5084228515625,95.24388122558594,138.14817810058594,97.42864227294922,51.67265319824219,57.15447235107422,49.77471160888672,135.9786834716797,54.16746520996094,272.692138671875,288.5733642578125,241.22027587890625,218.75999450683594,192.85992431640625,154.62820434570312,396.1399230957031
2023-07-12,186.985107421875,328.7868957519531,43.76766586303711,111.9955062866211,46.69707107543945,138.68800354003906,27.097742080688477,302.7695007324219,77.52303314208984,39.910865783691406,144.11541748046875,29.348827362060547,97.41096496582031,422.5404968261719,99.90070343017578,95.71125793457031,139.47616577148438,99.12439727783203,52.25344467163086,57.88130187988281,49.900238037109375,136.68576049804688,54.45868682861328,273.4971008300781,292.1246643066406,241.935791015625,217.11000061035156,192.6658935546875,155.671630859375,390.271484375
2023-07-13,187.74378967285156,334.1106872558594,45.8363151550293,113.37589263916016,47.42412185668945,139.3619842529297,27.38385581970215,304.8843994140625,77.92073059082031,40.326019287109375,144.78094482421875,29.405914306640625,96.36860656738281,418.845458984375,101.21591186523438,93.9586181640625,137.61520385742188,100.24884796142578,52.9356575012207,57.994571685791016,49.60735321044922,136.77757263183594,54.922821044921875,273.1362609863281,289.438232421875,244.09182739257812,216.85000610351562,192.84141540527344,154.72837829589844,392.07122802734375
2023-07-14,187.8916015625,336.6262512207031,45.32987976074219,115.13275146484375,46.36574935913086,140.20452880859375,26.86700439453125,302.57464599609375,77.53207397460938,40.18763732910156,145.74729919433594,29.617929458618164,97.29312133789062,449.172607421875,101.3944091796875,90.72300720214844,134.18157958984375,97.1112289428711,52.668304443359375,56.05009460449219,49.77792739868164,137.78768920898438,55.423370361328125,272.8772277832031,291.1862487792969,243.86285400390625,213.1199951171875,190.46685791015625,154.64483642578125,396.9153137207031
2023-07-17,191.1431884765625,337.1040344238281,46.31882858276367,114.76594543457031,46.76148223876953,143.583984375,27.134662628173828,303.51153564453125,78.06535339355469,41.276283264160156,145.01800537109375,29.24281120300293,95.68881225585938,452.8302307128906,100.52073669433594,91.11846923828125,134.05931091308594,96.5218276977539,52.09672546386719,55.96514129638672,49.839080810546875,136.8143310546875,55.341461181640625,272.6366271972656,290.7721862792969,245.61822509765625,211.8699951171875,192.34251403808594,152.5413360595703,402.649658203125
2023-07-18,190.88697814941406,350.520751953125,47.348670959472656,116.58072662353516,47.157230377197266,143.8460693359375,28.33449363708496,312.85260009765625,83.09978485107422,42.069705963134766,145.00885009765625,29.55270004272461,96.03323364257812,467.7223815917969,100.47374725341797,90.70500946044922,134.33013916015625,98.61654663085938,52.5300178527832,56.710845947265625,49.748966217041016,137.0714569091797,55.123043060302734,271.8410339355469,291.42547607421875,251.67616271972656,211.57000732421875,189.64451599121094,154.06890869140625,413.1418762207031
2023-07-19,192.2368927001953,346.2207946777344,46.932945251464844,114.5728759765625,48.25240707397461,144.3983917236328,29.10053825378418,315.8951110839844,84.20248413085938,42.67860412597656,144.71713256835938,29.715789794921875,96.03323364257812,471.1836242675781,100.78377532958984,91.33419036865234,135.15138244628906,99.2785415649414,52.88033676147461,56.786354064941406,49.765052795410156,138.008056640625,56.0968132019043,272.1278076171875,293.9278869628906,251.9062957763672,208.60000610351562,189.57058715820312,155.27926635742188,417.5552062988281
2023-07-20,190.29579162597656,338.2156066894531,45.38072204589844,111.86034393310547,48.19718551635742,146.17703247070312,29.248210906982422,325.4586486816406,84.78092956542969,43.48125457763672,153.50555419921875,29.984888076782227,98.30831146240234,471.6886901855469,105.05826568603516,92.94300079345703,136.64541625976562,101.2826156616211,52.78814697265625,57.06952667236328,50.68555450439453,139.12710571289062,56.77937316894531,274.90338134765625,293.56915283203125,250.31478881835938,213.61000061035156,192.1484832763672,156.0472412109375,420.8674621582031
2023-07-21,189.1232452392578,335.19293212890625,44.17341995239258,113.5689468383789,48.43647384643555,145.0536651611328,29.515869140625,326.47900390625,84.97074890136719,42.401824951171875,155.15565490722656,30.498638153076172,100.05765533447266,473.8309020996094,107.36929321289062,93.3744125366211,138.64614868164062,102.37078857421875,51.63576889038086,57.33382797241211,50.97200393676758,141.31715393066406,56.82487106323242,273.4971008300781,294.8387145996094,247.01675415039062,211.8000030517578,192.7397918701172,156.34774780273438,418.2826843261719
2023-07-24,189.9213409423828,336.4994812011719,44.475494384765625,113.97437286376953,48.87822341918945,147.90890502929688,30.134241104125977,332.9443664550781,85.5672836303711,42.82622146606445,155.967041015625,30.588342666625977,98.60741424560547,475.8421325683594,107.67931365966797,94.83942413330078,141.38082885742188,104.03028106689453,52.566898345947266,58.825225830078125,51.27132797241211,141.7699432373047,56.84307861328125,273.2196044921875,299.1076354980469,248.66575622558594,215.8699951171875,193.405029296875,157.2158660888672,423.701171875
2023-07-25,190.77857971191406,342.2231750488281,45.53922653198242,113.85855102539062,49.32917785644531,146.8042755126953,29.672767639160156,329.0205993652344,85.3413314819336,41.9589958190918,157.1613006591797,30.22138214111328,97.46534729003906,477.9468994140625,106.0916519165039,94.98323822021484,142.02735900878906,105.35424041748047,53.35973358154297,59.85409927368164,51.229488372802734,142.10260009765625,56.6519660949707,270.49017333984375,299.12603759765625,251.24472045898438,214.1199951171875,193.73768615722656,154.16908264160156,427.28155517578125
2023-07-26,191.6457061767578,329.3426513671875,45.312923431396484,111.4935302734375,48.97945785522461,147.6842041015625,29.912731170654297,331.67352294921875,84.54593658447266,42.844661712646484,157.46217346191406,30.343700408935547,97.11185455322266,475.2060241699219,107.1719970703125,94.45294952392578,140.96144104003906,105.94366455078125,53.166133880615234,59.325496673583984,51.41294479370117,142.2504425048828,57.38002395629883,269.92584228515625,303.2292785644531,247.65911865234375,232.8000030517578,192.42564392089844,153.9186248779297,414.4725341796875
2023-07-27,190.3844757080078,322.46856689453125,45.759552001953125,112.36233520507812,48.7769889831543,146.0553741455078,29.488178253173828,328.8443908691406,83.83191680908203,42.22653579711914,158.34646606445312,29.848960876464844,95.41687774658203,472.6148376464844,105.82861328125,94.7495346069336,139.49363708496094,104.99149322509766,52.566898345947266,58.3815803527832,51.22626876831055,140.55941772460938,56.82487106323242,273.10858154296875,303.3396911621094,247.63987731933594,233.75,181.47662353515625,155.69667053222656,410.3273620605469
2023-07-28,192.9561309814453,329.9277038574219,46.60695266723633,111.96653747558594,47.939491271972656,146.88848876953125,29.442028045654297,327.6570739746094,83.53085327148438,42.567901611328125,159.06668090820312,29.741769790649414,96.38673400878906,470.4446105957031,105.90376281738281,93.61708068847656,138.80343627929688,105.12753295898438,52.686744689941406,58.598690032958984,51.46766662597656,144.5329132080078,56.86128234863281,272.03533935546875,304.866943359375,249.68202209472656,238.69000244140625,180.3494110107422,156.8402557373047,408.8818054199219
2023-07-31,193.56704711914062,327.538818359375,46.58601760864258,113.16352844238281,47.89348602294922,147.87144470214844,29.53432273864746,330.1059265136719,83.521728515625,42.58634948730469,152.73060607910156,29.733531951904297,96.66771697998047,473.6812438964844,104.58853912353516,96.38533782958984,142.9884033203125,106.750732421875,53.783809661865234,59.58980178833008,51.45157241821289,144.43125915527344,56.360740661621094,271.2674255371094,307.1393737792969,254.2264404296875,238.85000610351562,179.37002563476562,156.2058563232422,411.2655334472656
2023-08-01,192.73941040039062,327.9483642578125,46.36469268798828,113.81993103027344,48.464080810546875,147.14126586914062,29.18360710144043,331.822021484375,82.9561767578125,42.17118835449219,153.97048950195312,29.362478256225586,95.42595672607422,472.1564636230469,103.83697509765625,95.82809448242188,141.8001708984375,106.44239807128906,53.11082458496094,59.127281188964844,51.21018600463867,144.3850555419922,56.215126037597656,269.29669189453125,305.510986328125,276.73736572265625,238.00999450683594,178.7694091796875,154.84521484375,414.9416809082031
2023-08-02,189.75387573242188,319.3288879394531,44.133548736572266,111.69625854492188,48.39045715332031,145.47494506835938,28.786739349365234,325.6813049316406,81.47840118408203,41.60841751098633,154.900390625,29.148088455200195,95.806640625,472.2126159667969,102.04263305664062,94.6327133178711,139.55479431152344,104.81919860839844,52.981754302978516,58.02288818359375,51.24559020996094,144.69920349121094,56.38804244995117,267.9552307128906,302.2265319824219,275.70196533203125,231.3800048828125,178.23350524902344,153.05052185058594,412.1558837890625
2023-08-03,188.3645477294922,318.50982666015625,44.378787994384766,110.57649230957031,48.9150390625,146.36427307128906,28.989782333374023,327.59210205078125,81.31419372558594,41.98033142089844,155.56591796875,28.8594970703125,95.83382415771484,472.2686767578125,101.02802276611328,96.27748107910156,139.5023956298828,104.27510833740234,53.45191955566406,58.72138977050781,51.258453369140625,145.07809448242188,56.0968132019043,269.2504577636719,303.4685363769531,269.83453369140625,231.36000061035156,176.0252227783203,151.50624084472656,405.84710693359375
2023-08-04,179.31927490234375,319.60186767578125,44.543277740478516,110.4703140258789,48.43647384643555,146.0553741455078,28.888256072998047,327.6477966308594,80.99491119384766,41.70138931274414,154.10720825195312,28.87598991394043,95.17214965820312,470.2761535644531,101.1313705444336,96.54711151123047,139.18785095214844,103.1143798828125,53.166133880615234,59.95793151855469,50.96234893798828,143.48870849609375,55.25045394897461,265.5496520996094,300.322021484375,265.03125,231.36000061035156,174.82408142089844,151.03878784179688,405.9429016113281
2023-08-07,176.225341796875,321.8737487792969,45.27803039550781,112.07270812988281,48.786190032958984,146.7481231689453,29.423568725585938,329.81829833984375,81.25946044921875,41.896663665771484,157.80857849121094,29.420198440551758,96.16012573242188,477.7691345214844,101.88292694091797,96.3493881225586,139.69461059570312,103.81262969970703,53.44270324707031,60.316627502441406,51.654335021972656,145.00413513183594,55.68729019165039,269.6020202636719,302.84295654296875,270.0262145996094,238.25,175.1844024658203,152.0487823486328,412.902587890625
2023-08-08,177.16140747070312,317.9150695800781,44.527339935302734,111.23291015625,48.832210540771484,145.92430114746094,28.860570907592773,323.04693603515625,80.70301818847656,41.35736846923828,157.88150024414062,29.38721466064453,96.45020294189453,473.20416259765625,99.18672180175781,96.82572937011719,139.48489379882812,104.81919860839844,53.940521240234375,60.17502975463867,51.70583724975586,145.16127014160156,55.44157028198242,267.9181213378906,301.5916442871094,271.21514892578125,238.0399932861328,173.3826446533203,150.7132110595703,412.0888671875
2023-08-09,175.57501220703125,314.1904296875,42.42379379272461,109.17678833007812,48.76778793334961,143.96774291992188,28.482166290283203,317.8800964355469,79.87291717529297,40.65072250366211,157.78123474121094,29.5521240234375,96.16920471191406,469.6962585449219,98.9236831665039,98.47052001953125,139.66839599609375,105.5899887084961,54.862422943115234,60.23167037963867,51.789520263671875,144.97647094726562,55.5689697265625,266.6692199707031,301.9596862792969,272.78741455078125,237.86000061035156,174.851806640625,149.72821044921875,417.4785461425781
2023-08-10,175.35829162597656,314.87286376953125,42.25830078125,109.07061004638672,49.11751174926758,143.75247192382812,28.555999755859375,315.755859375,79.94589233398438,40.60423278808594,156.9607391357422,29.45318031311035,95.68881225585938,470.977783203125,98.3975830078125,98.97383117675781,140.515869140625,105.03683471679688,54.318511962890625,60.156158447265625,51.76367950439453,144.2556915283203,55.44157028198242,266.0863037109375,303.0545349121094,272.106689453125,238.25999450683594,175.34414672851562,150.57131958007812,416.0234375
2023-08-11,175.41744995117188,313.0008239746094,40.72998046875,109.13816833496094,49.50404739379883,144.5856170654297,28.879030227661133,316.0621032714844,80.0006103515625,40.6600227355957,158.49234008789062,29.717037200927734,97.38378143310547,475.2153625488281,98.93307495117188,100.5107421875,143.41651916503906,106.83234405517578,54.99150085449219,62.147823333740234,52.06730270385742,145.09658813476562,55.669090270996094,267.0299987792969,304.6277160644531,273.4489440917969,235.72000122070312,177.13717651367188,148.7687530517578,416.5021057128906
2023-08-14,177.06517028808594,315.9552307128906,43.61912155151367,111.56111145019531,49.58686828613281,144.8852081298828,28.546770095825195,313.28851318359375,79.6631088256836,40.6693229675293,158.1185760498047,29.741769790649414,98.71619415283203,477.9468994140625,99.67522430419922,100.59162902832031,143.3116912841797,106.72351837158203,54.87165069580078,61.45875930786133,51.67969512939453,143.9599609375,55.40515899658203,267.20574951171875,303.5605163574219,272.7970275878906,236.7100067138672,176.0594940185547,147.8337860107422,418.9624938964844
2023-08-15,175.0819854736328,313.8295593261719,43.80554962158203,113.22144317626953,49.099098205566406,141.19683837890625,27.63304901123047,308.15887451171875,78.5958251953125,39.730224609375,157.66273498535156,29.181074142456055,98.48958587646484,473.9806213378906,98.58547973632812,98.00910186767578,139.12672424316406,105.20255279541016,53.77458190917969,59.98624801635742,51.41483688354492,143.0359344482422,55.03203201293945,266.7339172363281,305.5754089355469,265.9228515625,232.25999450683594,174.4708709716797,145.93861389160156,413.25677490234375
2023-08-16,174.2137451171875,313.0674743652344,43.352943420410156,111.33907318115234,48.740169525146484,140.59768676757812,27.03313636779785,305.2833557128906,78.44075012207031,39.25603485107422,157.1613006591797,29.25528335571289,98.55303192138672,471.0526428222656,98.2002944946289,96.35991668701172,138.59373474121094,104.41019439697266,53.25831985473633,59.042327880859375,51.440677642822266,141.57589721679688,55.0411376953125,264.05084228515625,306.3941650390625,263.18096923828125,229.9499969482422,173.25384521484375,143.81600952148438,405.84710693359375
2023-08-17,171.6780242919922,309.62799072265625,43.21137237548828,110.89502716064453,50.3691520690918,139.13734436035156,27.023906707763672,303.80841064453125,78.25830841064453,39.48847961425781,158.63818359375,30.104578018188477,98.7252426147461,462.0723876953125,98.57609558105469,98.22657775878906,140.91366577148438,106.31368255615234,53.36894989013672,59.61811447143555,50.28757095336914,140.55941772460938,55.15943908691406,260.77569580078125,301.10406494140625,263.813720703125,224.5399932861328,172.78004455566406,143.81600952148438,401.2711486816406
2023-08-18,172.16148376464844,309.2372131347656,43.166507720947266,112.42022705078125,50.65444564819336,139.45562744140625,26.86700439453125,301.40594482421875,77.43730926513672,39.51637649536133,157.2524871826172,30.2282657623291,98.97904968261719,466.2631530761719,97.42994689941406,99.71267700195312,141.9280242919922,106.82371520996094,53.49802017211914,60.47708511352539,51.01108932495117,140.95680236816406,55.468868255615234,260.66461181640625,301.1868896484375,262.50018310546875,226.64999389648438,173.3374786376953,144.23715209960938,380.0760192871094
2023-08-21,173.49349975585938,314.51361083984375,46.82328414916992,112.54572296142578,51.02256774902344,139.93304443359375,26.90392303466797,298.7437438964844,76.85350036621094,39.50707244873047,152.56654357910156,30.5168514251709,99.37786102294922,465.5522155761719,97.58026123046875,98.50749206542969,141.4517059326172,106.75084686279297,52.9540901184082,60.156158447265625,50.875431060791016,140.24525451660156,54.99563217163086,259.0918273925781,298.1416015625,261.4935302734375,227.22000122070312,173.68118286132812,141.9208221435547,374.1119689941406
2023-08-22,174.8649444580078,315.0802917480469,45.528255462646484,112.4974594116211,51.04097366333008,137.03103637695312,26.248628616333008,295.7104797363281,75.69500732421875,38.586570739746094,151.35403442382812,30.376680374145508,97.19345092773438,460.5569152832031,98.78275299072266,97.9547348022461,140.287353515625,105.78543853759766,52.004539489746094,59.38213348388672,50.71393585205078,140.3007049560547,54.658912658691406,259.34161376953125,298.5280456542969,259.0488586425781,230.07000732421875,172.80792236328125,140.5478515625,368.7700500488281
2023-08-23,178.70301818847656,319.5164489746094,46.97184371948242,113.75234985351562,51.51954650878906,137.95777893066406,26.25786018371582,298.994140625,76.06901550292969,38.6888542175293,149.99563598632812,30.2282657623291,100.88249206542969,457.8441467285156,98.76396179199219,97.09388732910156,140.4726104736328,105.47576904296875,53.36894989013672,58.35326385498047,51.06600570678711,141.6128692626953,54.85001754760742,260.7849426269531,300.0092468261719,261.76202392578125,228.5800018310547,173.8019561767578,142.24928283691406,377.4529113769531
2023-08-24,174.02627563476562,312.6473388671875,47.01869201660156,108.99337005615234,50.838504791259766,137.82675170898438,26.414758682250977,296.7956848144531,76.11461639404297,38.52149200439453,150.50616455078125,29.815982818603516,99.20565032958984,456.5906677246094,97.46752166748047,96.36898040771484,139.31704711914062,104.555908203125,52.3548583984375,57.909610748291016,50.6751708984375,140.95680236816406,54.70440673828125,261.2290344238281,296.7891540527344,258.1859130859375,217.30999755859375,172.01824951171875,140.66575622558594,370.13897705078125
2023-08-25,176.2265167236328,315.5884094238281,45.877193450927734,112.03409576416016,51.26185607910156,137.6582489013672,26.304006576538086,296.97198486328125,75.9139404296875,38.335533142089844,152.6641387939453,29.997385025024414,99.8945083618164,457.5447998046875,97.89967346191406,98.09066772460938,140.35792541503906,106.1224136352539,52.050628662109375,58.37213897705078,50.975563049316406,141.88084411621094,54.95923614501953,263.2922058105469,297.03753662109375,261.3113708496094,223.41000366210938,173.0773162841797,142.2408447265625,373.5566711425781
2023-08-28,177.78546142578125,316.29193115234375,46.69169616699219,112.78705596923828,51.72201156616211,138.1356964111328,26.543975830078125,302.3706359863281,76.97208404541016,38.93989562988281,150.8643035888672,29.85720443725586,98.73431396484375,459.56536865234375,96.565673828125,98.9152603149414,141.3194122314453,107.0331802368164,53.313636779785156,58.74971008300781,51.26626205444336,142.10260009765625,55.11394500732422,262.4595031738281,299.84368896484375,263.44940185546875,227.05999755859375,174.54519653320312,142.215576171875,377.845458984375
2023-08-29,181.66299438476562,320.8941345214844,48.63472366333008,116.46488952636719,52.05332946777344,139.259033203125,26.922382354736328,308.4742431640625,78.03939056396484,39.05147171020508,150.88265991210938,29.807741165161133,99.6950912475586,461.0152587890625,97.58026123046875,99.5042495727539,141.09884643554688,107.16069030761719,53.67317581176758,58.90074157714844,51.69584655761719,142.18576049804688,55.05934524536133,262.376220703125,303.0361328125,268.4731140136719,227.25,176.0688018798828,144.66671752929688,386.8538513183594
2023-08-30,185.1458740234375,321.2655029296875,49.11326217651367,116.91859436035156,52.283416748046875,138.69735717773438,26.802400588989258,307.3330993652344,77.77483367919922,38.6237678527832,150.3500518798828,29.601598739624023,99.8945083618164,459.7992248535156,98.08757019042969,100.47382354736328,141.2929229736328,108.1078872680664,54.39225769042969,59.11783981323242,52.06730270385742,142.34288024902344,55.03203201293945,262.97760009765625,306.1285705566406,270.6781311035156,228.85000610351562,175.17694091796875,144.88572692871094,395.6324768066406
2023-08-31,185.36294555664062,320.2590026855469,49.203983306884766,116.21391296386719,52.78038024902344,136.98422241210938,26.681419372558594,306.51934814453125,77.67449188232422,38.391319274902344,148.46759033203125,29.17283058166504,98.7796401977539,445.8143310546875,96.66901397705078,100.7547378540039,142.10443115234375,108.40843963623047,54.355384826660156,59.268863677978516,52.52272033691406,142.62008666992188,54.4495964050293,261.51727294921875,305.8230285644531,269.5277404785156,224.02999877929688,174.60089111328125,142.6873016357422,393.40191650390625
2023-09-01,186.93173217773438,321.1384582519531,48.360565185546875,116.73518371582031,53.23133850097656,137.4429473876953,26.96991539001465,306.2294006347656,78.22181701660156,38.72604751586914,147.3656463623047,29.50264549255371,99.55912780761719,445.4962158203125,96.62203979492188,102.86605834960938,144.92713928222656,111.24092102050781,55.42478942871094,60.94904708862305,52.186805725097656,142.77719116210938,53.97636032104492,261.32196044921875,308.39703369140625,274.4363708496094,223.39999389648438,175.0189971923828,141.508056640625,401.0221862792969
2023-09-05,187.1685028076172,325.91650390625,48.399452209472656,119.67938232421875,52.69755172729492,135.92642211914062,26.662805557250977,302.81549072265625,77.39170837402344,38.6237678527832,147.54928588867188,29.17283058166504,97.44721984863281,449.7712707519531,94.77130889892578,102.8751220703125,146.8324737548828,111.86935424804688,55.73954391479492,62.46876525878906,51.766902923583984,140.86436462402344,53.530418395996094,259.6662902832031,303.48980712890625,270.0071105957031,222.57000732421875,172.51992797851562,138.11355590820312,396.7430114746094
2023-09-06,180.46914672851562,325.26190185546875,46.920860290527344,120.0172348022461,52.60552215576172,135.7017364501953,26.420833587646484,300.3648681640625,76.77141571044922,38.14027404785156,145.09750366210938,28.340028762817383,96.52268981933594,446.151123046875,95.41015625,103.7631607055664,146.98240661621094,112.08793640136719,56.47089767456055,61.89297103881836,52.15450668334961,140.58714294433594,53.494014739990234,256.20599365234375,301.84173583984375,271.22467041015625,217.9499969482422,171.4143829345703,136.71531677246094,396.6090087890625
2023-09-07,175.1905517578125,322.35980224609375,46.10330581665039,120.7508773803711,52.26499938964844,134.54092407226562,26.178869247436523,301.14117431640625,76.47949981689453,37.59169006347656,146.95242309570312,28.265817642211914,97.83697509765625,453.5130310058594,94.57403564453125,103.25570678710938,146.99119567871094,110.84928894042969,56.31351852416992,61.116825103759766,52.80050277709961,141.9270477294922,53.0844841003418,258.8941650390625,304.0823974609375,269.81536865234375,216.0500030517578,171.0520782470703,136.65638732910156,394.1582336425781
2023-09-08,175.80226135253906,326.6199951171875,45.43629455566406,121.9382095336914,52.154563903808594,134.64389038085938,26.392921447753906,304.4709777832031,77.46467590332031,38.12167739868164,147.4391326904297,28.241079330444336,98.84307861328125,451.484619140625,94.63040161132812,104.7599105834961,147.49403381347656,111.76917266845703,55.7025260925293,61.788856506347656,52.89739227294922,141.31715393066406,53.0844841003418,259.7220458984375,304.350830078125,270.6302795410156,211.27000427246094,171.42367553710938,135.64556884765625,382.60333251953125
2023-09-11,176.9665069580078,330.2060546875,45.04347610473633,122.31470489501953,52.3110237121582,135.2336883544922,26.50459861755371,303.6572265625,76.17847442626953,38.428504943847656,149.3675079345703,27.9854679107666,98.4352035522461,450.1793212890625,96.24626922607422,103.44600677490234,144.4508056640625,109.69263458251953,56.25796890258789,60.425865173339844,53.08150863647461,142.9989471435547,53.585018157958984,260.2243347167969,304.0361022949219,270.4096984863281,211.00999450683594,172.99371337890625,135.5192413330078,383.2829895019531
2023-09-12,173.94735717773438,324.17724609375,44.73638916015625,105.80785369873047,51.89686965942383,136.9935760498047,26.96061134338379,309.5031433105469,78.03939056396484,39.553565979003906,150.2123260498047,28.15862464904785,98.81587982177734,450.6676330566406,96.19928741455078,106.4634780883789,147.1411590576172,112.09705352783203,57.489219665527344,62.877349853515625,53.1396484375,140.48550415039062,53.05718231201172,261.1080017089844,302.1009521484375,270.17962646484375,210.64999389648438,175.78079223632812,131.88046264648438,385.0923767089844
2023-09-13,171.88522338867188,328.3691101074219,45.34955978393555,107.96048736572266,51.7956428527832,137.05911254882812,26.876850128173828,313.31927490234375,79.59013366699219,39.2839241027832,150.5888214111328,28.10090446472168,97.7191390991211,450.61126708984375,96.47172546386719,105.51203155517578,146.60311889648438,111.395751953125,56.11910629272461,62.77323532104492,53.152565002441406,141.46499633789062,53.184593200683594,262.093994140625,301.7305603027344,264.53277587890625,208.39999389648438,177.99188232421875,132.9501953125,385.0636291503906
2023-09-14,173.39483642578125,330.9486389160156,45.44526672363281,109.71736907958984,51.87846755981445,139.71774291992188,27.17465591430664,322.2891540527344,81.25035095214844,40.02775573730469,150.35922241210938,28.15862464904785,98.7777328491211,454.1422119140625,96.43414306640625,107.39682006835938,147.51165771484375,113.39031219482422,57.02634048461914,63.70082473754883,53.37543869018555,143.01744079589844,53.62488555908203,264.87518310546875,305.2026672363281,270.8986511230469,209.0500030517578,179.8220672607422,135.38446044921875,394.11029052734375
2023-09-15,172.67454528808594,322.6627197265625,43.76927947998047,109.95869445800781,51.57476043701172,139.30584716796875,26.83962631225586,320.3904113769531,80.6482925415039,39.93478012084961,148.25637817382812,28.092655181884766,98.12067413330078,457.0533447265625,95.5792465209961,105.74761199951172,146.86773681640625,112.5433120727539,56.08207321166992,62.6123161315918,53.17841339111328,141.81614685058594,53.14789581298828,258.8011779785156,297.58258056640625,267.6294250488281,208.11000061035156,179.3389434814453,135.1823272705078,394.52197265625
2023-09-18,175.59507751464844,321.52923583984375,43.835079193115234,108.31765747070312,51.63918685913086,139.59603881835938,26.765172958374023,321.1199645996094,80.92195129394531,40.38108444213867,149.19302368164062,27.738100051879883,98.39443969726562,456.4524230957031,94.88404083251953,106.59941101074219,147.50283813476562,113.37212371826172,56.6652946472168,62.77323532104492,52.78434753417969,142.35208129882812,53.47812271118164,258.3268127441406,293.7494201660156,269.34552001953125,205.1199951171875,180.65818786621094,133.45558166503906,393.30621337890625
2023-09-19,176.6803741455078,321.128662109375,43.39040756225586,108.85823822021484,51.39069747924805,139.4181671142578,26.662805557250977,319.782470703125,80.73950958251953,40.185829162597656,148.94509887695312,28.02669334411621,97.97464752197266,451.38128662109375,94.57403564453125,106.31848907470703,147.4851837158203,112.16991424560547,55.943206787109375,62.29050827026367,52.77143478393555,141.93629455566406,53.368045806884766,258.7081298828125,291.2957763671875,268.1279602050781,204.47999572753906,181.48500061035156,133.09339904785156,381.67474365234375
2023-09-20,173.148193359375,313.4289855957031,42.11322021484375,108.95477294921875,51.077789306640625,138.82843017578125,26.569738388061523,314.9280700683594,79.48977661132812,39.86039733886719,149.59706115722656,27.721607208251953,97.92903137207031,462.15264892578125,94.2076416015625,105.47577667236328,147.0353240966797,110.35748291015625,55.35073471069336,60.813934326171875,52.942623138427734,141.81614685058594,53.60654830932617,257.8431091308594,287.8236389160156,267.1116943359375,202.3699951171875,180.6395721435547,132.78176879882812,385.1593933105469
2023-09-21,171.6089630126953,312.21734619140625,40.89485549926758,105.63408660888672,49.08989334106445,137.74249267578125,26.104415893554688,308.88580322265625,77.42819213867188,39.3490104675293,148.44920349121094,27.08669662475586,97.39974212646484,470.6138916015625,92.93939208984375,103.98969268798828,145.71217346191406,108.44486236572266,54.452754974365234,59.214317321777344,52.29985046386719,140.58714294433594,52.780982971191406,252.2806854248047,284.02752685546875,260.8032531738281,199.9499969482422,177.84320068359375,130.9202423095703,371.0964050292969
2023-09-22,172.4574737548828,309.7550354003906,41.48609924316406,105.24797821044922,49.301570892333984,136.42257690429688,25.722854614257812,306.6877746582031,75.97779083251953,38.335533142089844,147.38401794433594,26.954769134521484,97.04383087158203,475.27166748046875,92.20661926269531,104.15279388427734,146.6736602783203,108.52684783935547,54.65641784667969,59.52666473388672,52.43874740600586,140.06967163085938,52.83601379394531,253.2108917236328,283.0738220214844,261.79083251953125,197.7100067138672,176.31033325195312,129.5303955078125,364.6152648925781
2023-09-25,173.7302703857422,310.2729187011719,42.096275329589844,104.54329681396484,49.21874237060547,137.09654235839844,25.685632705688477,307.5762939453125,75.74061584472656,38.642356872558594,147.16363525390625,27.193893432617188,96.58753967285156,479.19708251953125,91.56781005859375,105.32173919677734,148.81716918945312,110.26640319824219,55.39702606201172,59.78223419189453,52.67129898071289,139.21954345703125,52.28564453125,250.94122314453125,283.7774963378906,262.9508056640625,198.77999877929688,178.24270629882812,129.9768524169922,367.985107421875
2023-09-26,169.665283203125,304.9964904785156,41.78619384765625,101.24192810058594,48.51009750366211,135.6736602783203,25.285459518432617,302.8809814453125,74.95611572265625,37.79624938964844,146.02496337890625,26.715652465820312,96.1768798828125,474.6613464355469,90.40289306640625,105.4848403930664,148.01443481445312,109.41939544677734,54.73973846435547,59.772769927978516,52.48719024658203,137.98130798339844,51.85451889038086,249.02508544921875,280.1202392578125,258.3968505859375,195.63999938964844,174.5544891357422,127.94686126708984,363.42816162109375
2023-09-27,168.15565490722656,305.631591796875,42.34153366088867,100.99093627929688,48.961055755615234,136.46934509277344,25.378524780273438,301.1318359375,74.48178100585938,37.99150466918945,144.27102661132812,26.468278884887695,94.8536376953125,473.04608154296875,89.74528503417969,108.91912841796875,150.87242126464844,112.6688232421875,56.285743713378906,62.09173583984375,52.235252380371094,136.15162658691406,51.322486877441406,245.23004150390625,279.4536437988281,261.4551696777344,195.4600067138672,174.54519653320312,128.37646484375,367.956298828125
2023-09-28,168.41220092773438,306.4621887207031,42.960697174072266,102.46786499023438,49.58686828613281,138.16375732421875,25.648406982421875,304.17169189453125,74.97435760498047,38.03799057006836,144.05982971191406,26.460033416748047,95.18217468261719,479.028076171875,92.17845916748047,108.25765991210938,150.47544860839844,112.33016204833984,56.415348052978516,62.35675811767578,52.500118255615234,135.22760009765625,51.19407272338867,247.0438232421875,280.99981689453125,264.8395080566406,190.42999267578125,173.829833984375,130.9792022705078,369.6087646484375
2023-09-29,168.92527770996094,308.52386474609375,43.369476318359375,102.24584197998047,49.47643280029297,135.7578887939453,25.48089027404785,302.6470947265625,74.50000762939453,37.99150466918945,143.02220153808594,27.350557327270508,93.95018005371094,473.4780578613281,90.98534393310547,106.54501342773438,148.73776245117188,109.65738677978516,53.97136306762695,61.41024398803711,51.65708541870117,134.78404235839844,51.350006103515625,245.04396057128906,279.76837158203125,261.73321533203125,191.67999267578125,171.62806701660156,131.2908172607422,362.5476379394531
2023-10-02,171.431396484375,314.4353332519531,44.64865493774414,103.00843811035156,50.05623245239258,134.58775329589844,24.84806251525879,297.90496826171875,73.35062408447266,36.82925796508789,142.47122192382812,27.9854679107666,93.58515930175781,483.22576904296875,89.93318176269531,104.77803039550781,146.90301513671875,107.18596649169922,53.638092041015625,58.96821975708008,51.71199417114258,134.16488647460938,50.891357421875,239.75128173828125,277.6109924316406,260.5061340332031,187.8300018310547,169.64923095703125,130.62542724609375,359.1466979980469
2023-10-03,170.09938049316406,306.2178649902344,43.38741683959961,100.89439392089844,49.73179244995117,133.59544372558594,24.112850189208984,286.325439453125,71.17044067382812,35.95524215698242,142.64572143554688,27.952484130859375,92.87333679199219,478.4364013671875,89.98954772949219,104.95926666259766,147.2470245361328,107.64363861083984,54.25834655761719,59.11966323852539,51.38576889038086,134.44210815429688,50.34098434448242,236.71896362304688,270.30572509765625,257.8695373535156,188.9199981689453,168.28359985351562,129.50515747070312,358.1283874511719
2023-10-04,171.3425750732422,311.6603698730469,43.90985870361328,103.3656234741211,49.54640579223633,134.19451904296875,24.14077377319336,288.6451416015625,72.1465072631836,36.23419189453125,142.81097412109375,27.465999603271484,93.23837280273438,479.516357421875,89.85802459716797,101.03564453125,143.815673828125,103.73515319824219,51.68476104736328,56.8290901184082,52.002689361572266,134.88565063476562,50.48775863647461,237.94679260253906,270.722412109375,254.09219360351562,186.72999572753906,169.5470428466797,129.47988891601562,362.1824951171875
2023-10-05,172.5758819580078,312.0512390136719,44.554927825927734,104.591552734375,49.194156646728516,134.76040649414062,24.25244903564453,290.4222412109375,72.20123291015625,36.541019439697266,144.29861450195312,27.597923278808594,94.5433578491211,484.78466796875,90.37471771240234,98.76121520996094,144.5742950439453,103.8175277709961,51.286685943603516,56.24224090576172,51.38254165649414,132.88043212890625,48.04776382446289,234.61676025390625,270.08349609375,250.0367431640625,186.2899932861328,167.24305725097656,129.19349670410156,360.9240417480469
2023-10-06,175.1214599609375,319.7704162597656,45.625736236572266,106.14570617675781,49.54640579223633,136.8350830078125,24.261754989624023,292.2742004394531,73.27763366699219,36.90364074707031,144.75772094726562,27.317577362060547,94.79888153076172,492.8420104980469,91.0135269165039,97.11202239990234,143.10121154785156,105.56581115722656,51.56440734863281,58.116355895996094,50.520137786865234,133.1484375,48.74489212036133,230.88677978515625,271.1205749511719,255.0605010986328,187.3800048828125,171.55372619628906,129.9431610107422,363.6619873046875
2023-10-09,176.60142517089844,322.2719421386719,45.1381950378418,106.49321746826172,49.98207092285156,136.5238800048828,24.485109329223633,292.39581298828125,72.89452362060547,36.91293716430664,145.5841827392578,27.375289916992188,95.36467742919922,494.4385681152344,90.90081024169922,100.51007843017578,147.06179809570312,111.50635528564453,53.91582107543945,60.747676849365234,50.336029052734375,132.473876953125,48.50640106201172,232.46807861328125,273.4722900390625,260.1033630371094,188.49000549316406,173.28173828125,130.00209045410156,367.8891296386719
2023-10-10,176.0094757080078,320.8746032714844,45.661617279052734,105.90436553955078,49.935726165771484,137.353759765625,25.136554718017578,294.4161071777344,73.09522247314453,37.02451705932617,145.41888427734375,27.350557327270508,94.552490234375,492.3067321777344,91.65235137939453,100.08418273925781,146.90301513671875,110.19743347167969,54.267601013183594,60.55837631225586,50.904502868652344,133.78604125976562,49.56128692626953,233.95631408691406,277.0462341308594,261.9346008300781,193.52999877929688,173.114501953125,131.02130126953125,375.4785461425781
2023-10-11,177.40065002441406,324.8124084472656,46.666622161865234,106.2240982055664,49.741065979003906,137.8252410888672,25.14586639404297,292.7792663574219,71.97319030761719,36.90364074707031,143.41705322265625,27.301084518432617,94.41560363769531,492.20343017578125,87.03028869628906,96.49584197998047,142.10443115234375,109.87706756591797,54.3972053527832,59.96207046508789,51.10799026489258,132.1411895751953,49.26774597167969,233.39822387695312,275.9630126953125,261.5702819824219,196.07000732421875,174.09925842285156,130.81069946289062,374.0567626953125
2023-10-12,178.29849243164062,323.58123779296875,46.80521774291992,105.71060180664062,49.91719055175781,137.50460815429688,25.0341854095459,289.81427001953125,70.9788818359375,36.950130462646484,143.55477905273438,27.144418716430664,94.53423309326172,493.5274658203125,85.19766998291016,96.47772216796875,142.21913146972656,110.85647583007812,54.03615951538086,59.839019775390625,51.34054946899414,132.43692016601562,48.44219207763672,228.99855041503906,271.3056640625,258.4831848144531,191.3000030517578,170.88485717773438,130.87811279296875,367.2549743652344
2023-10-13,176.4633331298828,320.2297058105469,45.32563018798828,104.87738037109375,49.84303665161133,139.5699005126953,24.90389633178711,289.2998046875,70.96063995361328,38.08448791503906,144.0323028564453,26.47652816772461,94.9175033569336,506.5433654785156,85.84001922607422,99.55860900878906,144.7154541015625,114.28898620605469,54.582359313964844,60.927528381347656,51.62479019165039,133.70286560058594,48.51557540893555,230.9705047607422,270.2872314453125,256.882080078125,184.91000366210938,170.5317840576172,130.62542724609375,365.69866943359375
2023-10-16,176.33502197265625,325.02734375,45.95774459838867,105.32306671142578,50.20454406738281,139.4284210205078,25.117944717407227,294.0606689453125,71.81810760498047,38.72604751586914,144.65673828125,27.433013916015625,95.0361557006836,505.2567138671875,87.07750701904297,99.631103515625,145.8974151611328,114.70088958740234,55.03597640991211,61.87403869628906,52.070526123046875,134.9780731201172,49.01091384887695,232.48667907714844,275.2962646484375,259.61444091796875,184.92999267578125,173.01231384277344,131.9478302001953,375.19036865234375
2023-10-17,174.78598022460938,324.4606018066406,43.807159423828125,105.64278411865234,50.00061798095703,139.12667846679688,25.70424461364746,289.3559265136719,73.27763366699219,39.032875061035156,143.33438110351562,27.004243850708008,95.06351470947266,503.9608154296875,87.03973388671875,100.93596649169922,147.82919311523438,114.83817291259766,55.76732635498047,62.025482177734375,52.13835525512695,135.1536407470703,49.59798049926758,233.6028594970703,274.0093688964844,261.3977355957031,185.60000610351562,173.09591674804688,132.39425659179688,375.74755859375
2023-10-18,173.49349975585938,322.5552673339844,42.070350646972656,104.87738037109375,49.84303665161133,137.5989227294922,25.415746688842773,282.4344177246094,68.30612182617188,38.614463806152344,140.24896240234375,25.89933967590332,93.07410430908203,503.4067077636719,90.27041625976562,102.34954833984375,149.00241088867188,115.87250518798828,56.091331481933594,62.9436149597168,52.17711639404297,138.63739013671875,49.57963562011719,238.1514129638672,268.7317199707031,248.5219268798828,185.69000244140625,170.4481964111328,129.56411743164062,367.2070007324219
2023-10-19,173.11856079101562,323.7375183105469,41.97563934326172,104.96459197998047,49.42589569091797,137.01425170898438,25.090023040771484,279.8436279296875,66.51818084716797,38.28904342651367,139.87249755859375,25.71793556213379,91.65048217773438,499.2466735839844,90.15706634521484,102.4129867553711,149.16114807128906,115.68029022216797,55.51736831665039,62.905765533447266,51.92840576171875,137.85719299316406,49.854820251464844,240.33731079101562,265.51885986328125,242.45318603515625,182.7899932861328,169.3333740234375,128.08164978027344,366.3807373046875
2023-10-20,170.572998046875,319.1940002441406,41.26376724243164,98.67679595947266,49.06438446044922,134.80752563476562,24.485109329223633,280.64794921875,66.70973205566406,37.44292068481445,140.49693298339844,25.272672653198242,93.69465637207031,494.92681884765625,91.42288208007812,100.65505981445312,147.1588134765625,113.55672454833984,53.888038635253906,61.69420623779297,51.2791748046875,137.67120361328125,50.0566291809082,240.0861358642578,265.18548583984375,240.14999389648438,180.0399932861328,168.45077514648438,127.99742126464844,360.4052429199219
2023-10-23,170.69139099121094,321.7832946777344,42.84703063964844,100.43040466308594,48.3876953125,132.96859741210938,23.796438217163086,279.8716125488281,65.40528869628906,36.7083854675293,139.01849365234375,25.429338455200195,94.31520080566406,489.7994079589844,90.47824096679688,99.17803955078125,141.73399353027344,111.0669937133789,54.47126770019531,59.46040344238281,52.005924224853516,137.76419067382812,49.60715103149414,236.96078491210938,263.94482421875,238.33827209472656,181.02999877929688,167.7075653076172,124.79662322998047,358.5991516113281
2023-10-24,171.12550354003906,322.96563720703125,43.53298568725586,99.98472595214844,49.1385383605957,133.12892150878906,23.703371047973633,279.8341979980469,65.277587890625,36.522422790527344,138.8715362548828,25.09127426147461,94.02317810058594,493.02044677734375,89.56194305419922,98.21751403808594,138.1791534423828,109.794677734375,52.76788330078125,59.18592834472656,52.72944641113281,139.39151000976562,51.03813171386719,239.30484008789062,262.31524658203125,240.48728942871094,182.36000061035156,168.58084106445312,125.7737045288086,358.8873291015625
2023-10-25,168.81674194335938,332.87359619140625,41.65459442138672,98.2698745727539,48.573089599609375,132.40280151367188,23.777822494506836,277.57073974609375,65.13163757324219,36.289981842041016,139.1837921142578,25.33863639831543,94.57073211669922,497.91302490234375,88.39057159423828,98.39875030517578,137.49110412597656,110.21574401855469,52.41610336303711,59.8863525390625,52.571170806884766,140.04244995117188,51.478424072265625,240.01174926757812,260.1116027832031,236.04470825195312,177.72999572753906,165.45004272460938,123.7605972290039,357.2926330566406
2023-10-26,164.66290283203125,320.3860778808594,40.20592498779297,97.27198028564453,47.618316650390625,132.74227905273438,24.308286666870117,277.7857971191406,65.7428207397461,36.866451263427734,136.8238067626953,25.69319725036621,96.32289123535156,496.1757507324219,88.77787780761719,97.50165557861328,136.503173828125,108.29353332519531,51.721778869628906,59.8863525390625,52.251399993896484,139.29852294921875,51.16654968261719,237.9653778076172,257.3987731933594,233.62583923339844,179.08999633789062,163.56411743164062,116.41565704345703,355.0157165527344
2023-10-27,165.9751739501953,322.2620849609375,40.3794059753418,97.8436050415039,47.79443359375,127.96106719970703,23.424179077148438,271.1636962890625,64.21944427490234,36.03893280029297,133.70164489746094,24.82741355895996,93.83154296875,492.7011413574219,87.7104263305664,95.6440658569336,127.32948303222656,107.82670593261719,51.68476104736328,58.90195846557617,52.05760192871094,136.84359741210938,50.671207427978516,237.90025329589844,255.9728546142578,229.8964080810547,179.69000244140625,164.43740844726562,113.56864929199219,346.95550537109375
2023-10-30,168.0175323486328,329.5904846191406,41.03843307495117,98.48301696777344,47.80370330810547,129.59251403808594,23.908113479614258,281.37750244140625,65.17971801757812,36.66189193725586,135.01478576660156,25.190217971801758,93.70377349853516,497.7064208984375,87.85211944580078,95.94307708740234,128.86431884765625,108.13790893554688,52.212432861328125,58.37191390991211,52.655155181884766,138.7963409423828,51.50594711303711,241.9837188720703,260.62091064453125,233.3656463623047,182.35000610351562,166.99220275878906,116.8957748413086,353.34405517578125
2023-10-31,168.49114990234375,330.37213134765625,40.6585693359375,100.17851257324219,48.32280731201172,131.1391143798828,24.51302719116211,283.97772216796875,65.39208984375,36.97801971435547,136.21775817871094,25.198461532592773,93.7220230102539,502.9371337890625,89.31632995605469,95.91590118408203,128.54673767089844,108.74205017089844,51.527374267578125,58.50442886352539,52.7811279296875,139.5124053955078,51.81782531738281,243.86265563964844,263.593017578125,217.84071350097656,186.82000732421875,170.2530975341797,118.97628021240234,350.9999694824219
2023-11-01,171.6484375,338.1499938964844,42.19896697998047,102.4552993774414,48.37842559814453,131.02593994140625,24.568862915039062,287.2981872558594,65.51211547851562,36.82925796508789,136.5391082763672,25.157236099243164,93.85891723632812,499.21844482421875,89.7508773803711,95.72560119628906,127.00308990478516,106.7923812866211,51.7125358581543,58.078495025634766,53.25270462036133,139.12184143066406,51.77195739746094,243.67662048339844,265.3892517089844,223.41082763671875,189.3800048828125,170.93128967285156,117.75492858886719,355.90924072265625
2023-11-02,175.20037841796875,340.3484802246094,43.3764533996582,103.54039764404297,48.897525787353516,133.36468505859375,25.70424461364746,293.471435546875,67.82975006103516,38.00186538696289,137.96246337890625,25.148990631103516,93.85891723632812,503.4725036621094,90.64828491210938,98.86994934082031,131.219482421875,111.6894302368164,53.10115432739258,59.8863525390625,53.462646484375,140.82357788085938,52.368194580078125,248.2158203125,272.7037658691406,230.43606567382812,192.00999450683594,173.1980743408203,119.59957885742188,358.877685546875
2023-11-03,174.2926788330078,344.7259826660156,44.87098693847656,104.68362426757812,49.1385383605957,134.85470581054688,26.448755264282227,306.4352111816406,70.4151611328125,39.04313659667969,138.9725799560547,25.775651931762695,94.34258270263672,498.56109619140625,90.53491973876953,97.6647720336914,130.205078125,109.61161041259766,52.64752960205078,59.640254974365234,53.18486404418945,139.5496063232422,52.04715347290039,249.16461181640625,273.70379638671875,232.00686645507812,195.0500030517578,175.576416015625,120.33238983154297,367.17816162109375
2023-11-06,176.83827209472656,348.3705749511719,45.61476135253906,105.71060180664062,49.39809036254883,135.87319946289062,26.364999771118164,302.9651184082031,70.1011962890625,38.780479431152344,139.30316162109375,25.70969009399414,95.21865844726562,500.96514892578125,89.7414321899414,95.93403625488281,129.66700744628906,108.43998718261719,52.286495208740234,58.4476318359375,53.25592803955078,140.35862731933594,52.25812530517578,250.1319580078125,272.7408447265625,229.6265869140625,192.9499969482422,174.19216918945312,119.83543395996094,363.3833923339844
2023-11-07,179.3936767578125,352.2790222167969,45.81816101074219,105.59434509277344,49.24977111816406,135.80714416503906,26.2067928314209,303.00250244140625,69.72264099121094,38.499053955078125,138.5685272216797,25.76740837097168,94.90839385986328,505.06890869140625,89.55250549316406,94.4298324584961,127.38238525390625,105.49259948730469,49.37037658691406,56.98052978515625,53.504642486572266,140.0331268310547,52.45076370239258,249.90875244140625,272.9259948730469,226.38858032226562,191.41000366210938,173.36532592773438,119.48164367675781,354.72747802734375
2023-11-08,180.4494171142578,354.887939453125,46.43531799316406,108.83028411865234,49.12926483154297,136.4767303466797,25.955514907836914,303.5730895996094,70.14738464355469,38.44276809692383,138.06349182128906,25.41284942626953,95.27342987060547,504.03594970703125,89.49581909179688,93.26995086669922,125.6093978881836,104.76032257080078,49.00006866455078,57.879722595214844,53.06858825683594,139.49380493164062,52.368194580078125,248.81112670898438,273.9908447265625,226.292236328125,191.8300018310547,171.51658630371094,119.56588745117188,354.8524169921875
2023-11-09,179.97579956054688,352.4354248046875,46.81019973754883,108.68497467041016,48.20230484008789,136.0712127685547,25.620487213134766,300.0374755859375,68.5038070678711,37.898681640625,135.37290954589844,24.802806854248047,93.43001556396484,506.1676025390625,88.3716812133789,93.297119140625,125.20362854003906,104.4857177734375,48.824180603027344,57.34020233154297,52.94585037231445,139.80996704101562,51.97376251220703,248.2716522216797,266.53729248046875,225.64654541015625,193.3300018310547,171.6474151611328,117.88125610351562,355.09259033203125
2023-11-10,184.15487670898438,361.2099304199219,48.191070556640625,109.54723358154297,48.74921417236328,138.08932495117188,25.76008415222168,304.46160888671875,69.55643463134766,38.358333587646484,135.216796875,24.635669708251953,92.52655029296875,508.24310302734375,88.7684326171875,94.01298522949219,126.09455108642578,105.8221206665039,49.34260177612305,57.71881103515625,53.679054260253906,140.79563903808594,52.02880859375,249.09019470214844,269.981689453125,230.97572326660156,196.64999389648438,174.4789276123047,117.69380950927734,359.29083251953125
2023-11-13,182.5741424560547,358.28826904296875,48.4752197265625,110.59358978271484,48.41550064086914,137.476318359375,25.778696060180664,305.77105712890625,69.28864288330078,38.245765686035156,135.5657501220703,24.217836380004883,93.51213836669922,509.5202331542969,90.48770141601562,95.00068664550781,127.0207290649414,106.12570190429688,49.990631103515625,58.31512451171875,54.16032791137695,141.7720489501953,52.221431732177734,250.40174865722656,266.7225341796875,232.89346313476562,204.5399932861328,174.29200744628906,117.74493408203125,355.22711181640625
2023-11-14,185.1823272705078,361.7961120605469,49.50813674926758,112.48281860351562,49.2868537902832,139.98483276367188,27.193267822265625,316.8174743652344,72.30802154541016,39.47466278076172,135.5933074951172,24.451824188232422,93.23837280273438,507.5386657714844,91.70629119873047,95.36646270751953,127.94690704345703,106.29129791259766,50.31463623046875,58.42870330810547,54.150630950927734,141.4558868408203,52.37736892700195,252.53179931640625,281.1294250488281,238.858642578125,207.47000122070312,177.77767944335938,122.00578308105469,360.2226867675781
2023-11-15,185.7454833984375,361.9430236816406,48.74242401123047,110.50638580322266,49.388816833496094,141.21078491210938,27.56552505493164,315.7698669433594,73.57302856445312,40.18760299682617,136.64015197753906,25.229001998901367,92.49005126953125,505.6135559082031,92.57535552978516,94.79039001464844,128.39678955078125,105.8221206665039,49.69438934326172,58.02170181274414,54.838623046875,140.80496215820312,52.478275299072266,251.50860595703125,285.35150146484375,241.97134399414062,208.7100067138672,177.1328582763672,125.41448211669922,365.9004211425781
2023-11-16,187.42501831054688,368.3071594238281,49.332664489746094,111.09736633300781,44.53150177001953,142.82333374023438,27.49107551574707,314.9000244140625,73.55457305908203,39.89679718017578,137.83389282226562,24.878021240234375,93.07410430908203,506.93768310546875,94.71025848388672,93.69303894042969,126.36455535888672,103.02545928955078,48.24095916748047,57.08464813232422,50.4006233215332,142.11611938476562,52.42323684692383,256.8385314941406,283.731201171875,239.19593811035156,206.60000610351562,178.2168731689453,125.19290161132812,363.6812438964844
2023-11-17,187.40524291992188,362.1192626953125,49.151206970214844,111.7658920288086,44.27195739746094,144.11534118652344,27.900554656982422,317.25714111328125,74.12702941894531,40.30017852783203,137.5492401123047,25.00337028503418,92.85509490966797,503.6227111816406,94.03955841064453,95.97914123535156,128.76222229003906,105.41732788085938,48.92601013183594,57.699886322021484,50.177757263183594,140.4794921875,52.52413558959961,256.494384765625,284.4997253417969,243.87942504882812,208.0399932861328,178.68411254882812,126.10475158691406,369.0514831542969
2023-11-20,189.14404296875,369.5506286621094,50.2588996887207,113.27728271484375,44.74471664428711,144.55856323242188,27.9284725189209,317.5002136230469,73.59149169921875,40.14070129394531,138.76182556152344,25.053508758544922,93.70377349853516,502.5051574707031,95.59823608398438,95.55850219726562,128.69090270996094,106.15328216552734,48.824180603027344,57.870262145996094,50.161617279052734,139.73558044433594,52.652565002441406,259.5452880859375,285.35150146484375,241.3546142578125,217.7100067138672,179.23545837402344,127.45972442626953,365.38165283203125
2023-11-21,188.34376525878906,365.2719421386719,49.79528045654297,112.46344757080078,44.30904006958008,144.25677490234375,27.60274887084961,313.3099060058594,72.45577239990234,39.96246337890625,139.88180541992188,25.320924758911133,93.27487182617188,506.7218322753906,96.26892852783203,95.52191162109375,128.38784790039062,105.95091247558594,48.805667877197266,57.50111770629883,50.34248352050781,139.12184143066406,53.23045349121094,260.884765625,282.7127685546875,240.3523712158203,218.27000427246094,178.71214294433594,127.6301498413086,367.6104736328125
2023-11-22,189.00570678710938,369.9520263671875,48.57093811035156,112.61846160888672,44.56858825683594,144.59628295898438,27.574831008911133,316.7426452636719,72.47423553466797,40.13132095336914,139.6041717529297,25.33763885498047,92.79120635986328,510.63775634765625,97.01519012451172,95.11042022705078,128.6463623046875,105.65652465820312,48.620513916015625,56.989986419677734,49.95811080932617,140.43301391601562,53.588191986083984,262.24273681640625,286.2867126464844,237.07582092285156,219.91000366210938,179.71205139160156,128.46527099609375,356.18780517578125
2023-11-24,187.68185424804688,369.5408020019531,47.63374328613281,112.628173828125,44.82814407348633,144.7943115234375,27.66789436340332,317.2196044921875,72.62196350097656,40.26265335083008,141.15919494628906,25.488059997558594,92.964599609375,513.7742919921875,97.1758041381836,95.62250518798828,129.1544189453125,106.24528503417969,48.6945686340332,56.94267272949219,50.40708541870117,140.7677764892578,53.725791931152344,262.81024169921875,287.6755676269531,238.37680053710938,220.0,180.74002075195312,129.55604553222656,355.6401672363281
2023-11-27,187.50401306152344,370.6961669921875,48.09834671020508,112.84130096435547,44.42954635620117,144.46426391601562,27.509685516357422,315.8727722167969,71.97562408447266,40.35646438598633,140.0299530029297,25.187213897705078,92.56304931640625,510.4780578613281,97.02464294433594,95.064697265625,128.67312622070312,105.61053466796875,48.64828109741211,56.668174743652344,50.636409759521484,140.63758850097656,53.62488555908203,262.1590576171875,287.8791809082031,238.40573120117188,219.3000030517578,180.328857421875,127.47673034667969,347.97381591796875
2023-11-28,188.10667419433594,374.7007141113281,47.67860794067383,112.61846160888672,44.355384826660156,144.7943115234375,27.48176383972168,315.816650390625,70.98764038085938,40.68479537963867,140.3539276123047,24.81116485595703,91.4223403930664,507.6044616699219,96.41062927246094,95.00983428955078,129.6981201171875,105.77611541748047,48.42610549926758,56.848018646240234,51.240421295166016,141.6139678955078,53.73497009277344,262.39166259765625,290.119873046875,238.51171875,222.3699951171875,181.5436553955078,128.4567413330078,345.86993408203125
2023-11-29,187.0890655517578,370.93109130859375,47.99665069580078,112.5893783569336,44.540775299072266,145.5299072265625,28.207664489746094,320.8711853027344,72.52963256835938,41.06940841674805,140.79823303222656,25.1370792388916,92.28929138183594,502.3924255371094,97.89371490478516,93.58331298828125,128.27200317382812,104.84695434570312,48.01877212524414,57.10357666015625,50.41353988647461,140.53529357910156,53.413917541503906,260.801025390625,289.905517578125,240.39089965820312,224.42999267578125,181.53433227539062,129.77761840820312,349.6358642578125
2023-11-30,187.66209411621094,370.9898986816406,46.6307373046875,112.5893783569336,44.8466796875,147.18963623046875,28.60165023803711,322.0783386230469,73.25907135009766,41.829254150390625,143.15858459472656,25.46298599243164,93.52127075195312,519.28662109375,98.5171890258789,93.94908905029297,127.99568939208984,106.31888580322266,48.176151275634766,55.9866828918457,50.28757095336914,142.75772094726562,54.03339767456055,263.72991943359375,292.2078552246094,241.61480712890625,231.6300048828125,183.08558654785156,129.1981201171875,350.0873718261719
2023-12-01,188.9365692138672,366.681884765625,46.62575149536133,113.50981140136719,44.93010330200195,147.90635681152344,29.04254150390625,328.57568359375,74.69027709960938,42.23263931274414,146.60194396972656,24.15933609008789,94.41560363769531,515.58349609375,99.07452392578125,94.17768859863281,129.07418823242188,106.006103515625,48.50016403198242,55.683799743652344,49.85152816772461,141.95802307128906,54.21831512451172,267.5851745605469,297.921630859375,247.43545532226562,233.8699951171875,184.82371520996094,132.0103302001953,354.3144226074219
2023-12-04,187.1483612060547,361.42413330078125,45.37448501586914,112.17279815673828,44.540775299072266,148.99085998535156,28.911212921142578,329.48101806640625,74.98575592041016,42.32644271850586,147.06475830078125,24.46854019165039,95.87572479248047,516.638916015625,99.36737060546875,93.66561126708984,129.12771606445312,105.36215209960938,48.16689682006836,54.76567077636719,49.8386116027832,141.4001007080078,54.153587341308594,267.7442626953125,302.0229797363281,245.49844360351562,234.8699951171875,185.36575317382812,132.8710174560547,354.4297180175781
2023-12-05,191.09033203125,364.7334289550781,46.43142318725586,110.96175384521484,44.42954635620117,148.9720001220703,28.686079025268555,322.2763671875,74.02548217773438,41.73544692993164,146.75929260253906,24.309757232666016,96.9434585571289,518.5046997070312,98.5738525390625,91.84590148925781,127.33610534667969,104.08340454101562,47.07854080200195,54.21669006347656,50.30048751831055,136.47161865234375,54.23680114746094,268.1278991699219,301.53826904296875,245.92247009277344,234.16000366210938,184.048095703125,131.37118530273438,346.9459228515625
2023-12-06,190.00355529785156,361.0911865234375,45.371490478515625,108.53963470458984,44.216339111328125,147.40655517578125,28.63917350769043,322.4837341308594,73.32372283935547,41.744834899902344,144.97279357910156,24.059057235717773,96.39590454101562,517.8167724609375,99.13121032714844,90.62968444824219,127.0419692993164,101.67313385009766,45.70180892944336,53.45947265625,49.75463104248047,136.3693389892578,54.18132400512695,268.4272766113281,303.9710388183594,246.67413330078125,236.88999938964844,184.83306884765625,132.3341522216797,351.1729736328125
2023-12-07,191.9300537109375,363.1963195800781,46.461334228515625,109.35347747802734,44.735435485839844,147.85919189453125,28.761125564575195,324.9827575683594,74.1916732788086,42.589107513427734,143.84353637695312,23.92534828186035,94.79888153076172,516.6294555664062,98.29046630859375,89.99874114990234,126.94393920898438,101.9767074584961,45.07855224609375,53.55442810058594,49.427181243896484,136.22984313964844,54.3107795715332,268.36181640625,304.02703857421875,248.06185913085938,237.3300018310547,184.83306884765625,133.36529541015625,347.0227355957031
2023-12-08,193.3527069091797,366.4076843261719,47.368709564208984,110.07040405273438,44.8466796875,149.4906768798828,29.04254150390625,330.83892822265625,75.97374725341797,43.245765686035156,142.93641662597656,24.05069923400879,94.68025207519531,518.0430297851562,98.72501373291016,91.03204345703125,128.62850952148438,103.09905242919922,45.39482879638672,53.62089538574219,48.90847396850586,134.97447204589844,54.19057083129883,267.18280029296875,304.3066101074219,250.07595825195312,244.6999969482422,181.86135864257812,133.19482421875,349.3764343261719
2023-12-11,190.8531951904297,363.5389404296875,46.49224090576172,111.54306030273438,45.78291320800781,150.03765869140625,28.939355850219727,331.7159423828125,76.47236633300781,43.15196228027344,143.52882385253906,23.933704376220703,95.24604797363281,512.3042602539062,100.34036254882812,91.09605407714844,128.66421508789062,103.18186950683594,45.72040939331055,54.18112564086914,49.03166580200195,135.59754943847656,54.5881462097168,270.5701904296875,308.83673095703125,251.4444122314453,248.0800018310547,187.26275634765625,132.751708984375,346.8402099609375
2023-12-12,192.36477661132812,366.5545654296875,47.5192756652832,97.66920471191406,45.72730255126953,151.3767852783203,28.836166381835938,332.5174865722656,77.19258880615234,43.59286117553711,143.5380859375,23.88356590270996,95.2369155883789,514.2265625,100.77489471435547,89.66039276123047,127.01522827148438,102.1698989868164,45.61808395385742,52.747310638427734,49.0705680847168,135.70912170410156,54.93949508666992,272.6943359375,310.5797424316406,251.93588256835938,248.6300048828125,188.3093719482422,132.40231323242188,345.2647399902344
2023-12-13,195.5756378173828,366.54486083984375,47.94902038574219,99.7812728881836,46.06100082397461,151.885986328125,30.05565643310547,342.06085205078125,79.0669937133789,44.8029899597168,144.2045440673828,22.279069900512695,97.74652099609375,517.32666015625,101.31333923339844,90.45594024658203,128.89596557617188,102.89667510986328,45.75762176513672,54.33305358886719,49.94266128540039,138.16404724121094,55.411041259765625,276.9145812988281,320.0872802734375,258.2383728027344,250.91000366210938,189.77651977539062,134.00439453125,362.192138671875
2023-12-14,195.72384643554688,358.2812194824219,48.210262298583984,97.18476104736328,45.829261779785156,154.6490936279297,31.837982177734375,361.6190185546875,84.0623550415039,47.38271713256836,145.20423889160156,21.836164474487305,97.32368469238281,503.4090881347656,102.58861541748047,92.88835144042969,133.6378631591797,105.7485122680664,48.76224136352539,55.795352935791016,49.33317184448242,134.5188446044922,54.5881462097168,271.3843078613281,327.92633056640625,274.8136901855469,256.239990234375,190.0849151611328,138.35902404785156,373.1536865234375
2023-12-15,195.1903076171875,362.98089599609375,48.74869918823242,100.10100555419922,46.22785568237305,155.81845092773438,31.5190372467041,358.8276672363281,84.56095886230469,47.19510269165039,143.62142944335938,22.253999710083008,96.61590576171875,500.4691162109375,101.35111999511719,92.26653289794922,133.1208953857422,105.37133026123047,48.54828643798828,55.605445861816406,49.51795959472656,133.867919921875,54.18132400512695,268.8109436035156,329.9676513671875,275.36297607421875,264.2699890136719,190.07554626464844,138.85330200195312,370.8960876464844
2023-12-18,193.5305633544922,364.8606872558594,49.93227767944336,101.72864532470703,46.57084274291992,156.76150512695312,31.359567642211914,354.9518737792969,83.8038101196289,46.58535385131836,143.88058471679688,22.61333656311035,97.47076416015625,496.1628112792969,102.07850646972656,92.95234680175781,133.41500854492188,105.70252227783203,48.63200759887695,55.99476623535156,50.24092102050781,135.9229736328125,54.56966018676758,271.58087158203125,326.9941711425781,275.3340759277344,260.4100036621094,191.66419982910156,137.68582153320312,367.7161865234375
2023-12-19,194.56790161132812,365.45794677734375,49.46064376831055,102.9397201538086,46.515220642089844,158.8550567626953,31.434612274169922,360.65716552734375,84.87489318847656,46.98872756958008,144.82472229003906,23.53258514404297,97.88439178466797,493.7976989746094,102.4185791015625,94.17768859863281,135.16200256347656,107.16524505615234,49.28315734863281,57.25765609741211,50.42247009277344,135.9229736328125,54.393985748291016,272.0487060546875,328.1686706542969,282.32080078125,263.510009765625,191.19696044921875,137.7283935546875,378.45672607421875
2023-12-20,192.48333740234375,362.8731384277344,47.97195816040039,100.90513610839844,46.162967681884766,157.0632781982422,30.937440872192383,356.0080871582031,84.15469360351562,46.2851676940918,141.8719482421875,23.089677810668945,96.8457260131836,486.1557922363281,101.45503234863281,92.60487365722656,133.92308044433594,107.3492431640625,48.883155822753906,57.134212493896484,49.832435607910156,133.8214569091797,53.26597213745117,270.4204406738281,324.99017333984375,279.1888732910156,260.25,189.6082763671875,133.75726318359375,372.039306640625
2023-12-21,192.33511352539062,365.73211669921875,48.84842300415039,102.56185913085938,46.070274353027344,157.95916748046875,31.14381217956543,358.88427734375,85.53048706054688,46.38835906982422,143.32518005371094,23.65793228149414,97.79248046875,489.8778076171875,102.47525787353516,93.02550506591797,134.3330841064453,107.47803497314453,48.91107177734375,57.39059066772461,50.1858024597168,134.14688110351562,53.61732864379883,272.6662902832031,325.27911376953125,279.5357666015625,262.0199890136719,191.61746215820312,133.92771911621094,377.8802795410156
2023-12-22,191.2681427001953,366.7503356933594,48.688865661621094,102.89127349853516,46.431793212890625,157.86485290527344,31.359567642211914,358.9596862792969,85.32736206054688,46.135074615478516,143.8991241455078,23.733144760131836,98.9966049194336,490.282958984375,102.99481201171875,93.19011688232422,134.6361541748047,108.24159240722656,49.37618637084961,57.74192810058594,50.78557205200195,135.0954132080078,53.92243957519531,272.95635986328125,324.9249572753906,279.815185546875,260.44000244140625,192.16883850097656,134.85658264160156,381.2235107421875
2023-12-26,190.72476196289062,366.8287048339844,49.13657760620117,102.88158416748047,46.6079216003418,158.79849243164062,31.762937545776367,359.8649597167969,85.72439575195312,46.566585540771484,144.5285186767578,23.741500854492188,98.93226623535156,490.0191955566406,103.18374633789062,93.40042877197266,135.848388671875,109.49271392822266,49.93431091308594,58.340145111083984,50.707763671875,135.70912170410156,54.144344329833984,274.0417785644531,325.5960388183594,284.8938293457031,262.7900085449219,194.41163635253906,134.66909790039062,385.4986572265625
2023-12-27,190.82354736328125,366.2510986328125,49.27418518066406,102.63936614990234,46.756229400634766,159.7509307861328,31.744176864624023,362.5715026855469,86.4815444946289,46.275787353515625,144.72291564941406,23.908632278442383,99.25398254394531,492.61993408203125,103.7127456665039,92.96150207519531,135.4027099609375,109.00514221191406,49.329673767089844,57.960323333740234,51.1843376159668,135.82070922851562,54.28303527832031,275.6231689453125,324.8689880371094,287.2934265136719,262.1000061035156,195.32742309570312,133.65499877929688,385.85406494140625
2023-12-28,191.24839782714844,367.4357604980469,49.378875732421875,102.9397201538086,46.793304443359375,160.5996856689453,31.78170394897461,364.3915100097656,86.46308898925781,46.41649627685547,144.93582153320312,24.059057235717773,99.98015594482422,494.6081237792969,104.28897094726562,91.6172866821289,133.49522399902344,107.17443084716797,48.59479522705078,56.944305419921875,51.083839416503906,135.51382446289062,54.32002258300781,276.830322265625,323.7784423828125,286.0984802246094,260.3500061035156,195.4676055908203,134.05557250976562,384.97662353515625
2023-12-29,190.21102905273438,368.17987060546875,49.378875732421875,102.14527130126953,46.83039093017578,160.4110870361328,31.584705352783203,363.7879943847656,86.10296630859375,46.17259979248047,145.08389282226562,24.059057235717773,100.2099380493164,496.0874938964844,103.97723388671875,91.42525482177734,132.9514923095703,106.77886199951172,48.408748626708984,56.69742965698242,51.109771728515625,136.26707458496094,54.48644256591797,277.4572448730469,323.0234069824219,284.9324035644531,260.6600036621094,195.9722137451172,133.98736572265625,385.5648193359375
2024-01-02,183.40402221679688,363.1179504394531,48.028785705566406,100.81793975830078,46.82112121582031,162.27828979492188,31.800464630126953,366.173828125,86.70315551757812,46.275787353515625,148.0736846923828,24.844589233398438,104.08891296386719,508.2148132324219,103.7694091796875,93.60160827636719,133.2367401123047,108.17718505859375,48.352943420410156,57.0202751159668,51.64146041870117,138.31285095214844,55.30933380126953,277.95318603515625,321.6532287597656,282.0798645019531,251.75999450683594,195.30873107910156,134.9332733154297,386.5675964355469
2024-01-03,182.03074645996094,362.8535461425781,47.431522369384766,99.26779174804688,47.18545150756836,161.5709991455078,31.45337677001953,360.0347900390625,84.86567687988281,45.66603088378906,148.9993133544922,24.844589233398438,105.49527740478516,510.7495422363281,103.45771026611328,94.38800811767578,135.7770538330078,110.32987976074219,48.97618865966797,57.55201721191406,51.64469528198242,137.4759521484375,55.438777923583984,275.4735107421875,315.2962341308594,273.975341796875,243.91000366210938,191.1315460205078,134.2515411376953,379.2780456542969
2024-01-04,179.71893310546875,360.2491760253906,47.85927963256836,99.39373779296875,46.78376007080078,162.64321899414062,31.706653594970703,361.12872314453125,85.0872802734375,46.228878021240234,148.68463134765625,24.309757232666016,107.55426025390625,513.9439086914062,104.83686065673828,93.56502532958984,134.28855895996094,107.15605163574219,48.08317184448242,56.137184143066406,51.14543151855469,138.22911071777344,55.25385665893555,272.9937438964844,315.60382080078125,275.70989990234375,244.94000244140625,191.47731018066406,133.7828369140625,378.3524475097656
2024-01-05,178.99774169921875,360.06317138671875,48.95510482788086,99.52938079833984,46.7930908203125,163.45921325683594,32.29763412475586,364.41973876953125,86.09373474121094,46.829246520996094,149.14743041992188,24.627315521240234,107.74728393554688,506.3679504394531,104.66683197021484,93.84849548339844,134.0567626953125,107.2020263671875,48.241310119628906,55.96627426147461,50.805030822753906,137.08538818359375,55.17063903808594,270.4204406738281,319.65850830078125,278.43719482421875,249.0,190.1970672607422,135.25711059570312,381.7946472167969
2024-01-08,183.3249969482422,366.8580322265625,52.10198974609375,101.39926147460938,47.13874053955078,163.2220458984375,32.04435348510742,366.70184326171875,86.34303283691406,46.829246520996094,149.51768493652344,24.71923828125,107.89435577392578,505.55755615234375,106.17826843261719,92.28480529785156,133.2545623779297,105.33454895019531,46.80876922607422,55.330078125,51.30430221557617,138.266357421875,55.57746505737305,273.1434631347656,324.30975341796875,281.6365966796875,229.0,189.38404846191406,136.27969360351562,383.74249267578125
2024-01-09,182.91004943847656,367.9351501464844,52.98642349243164,100.40133666992188,46.624942779541016,161.9315948486328,31.547176361083984,361.8736572265625,85.00418090820312,46.23826217651367,149.6102752685547,24.568817138671875,108.8595199584961,507.3007507324219,106.48999786376953,91.14177703857422,129.86749267578125,103.73381805419922,45.17158126831055,54.56094741821289,51.647945404052734,138.83360290527344,55.47576141357422,272.1796569824219,322.6878356933594,281.6751403808594,225.75999450683594,188.42152404785156,136.29676818847656,379.1527404785156
2024-01-10,183.94741821289062,374.7691650390625,54.19292449951172,101.07243347167969,46.93321990966797,162.27316284179688,31.5190372467041,360.1950378417969,84.4686279296875,46.041263580322266,149.83238220214844,24.226192474365234,109.25475311279297,506.61285400390625,108.06755828857422,90.24563598632812,128.7978973388672,102.2802963256836,45.06925964355469,53.93424987792969,52.28984832763672,139.4287109375,55.66068649291992,275.1927490234375,332.5775451660156,282.6966552734375,227.83999633789062,189.1410675048828,137.38754272460938,379.62518310546875
2024-01-11,183.3546142578125,376.5903625488281,54.6635627746582,101.89913177490234,47.12004852294922,161.58999633789062,31.096912384033203,358.1109924316406,83.57298278808594,46.00373840332031,149.16595458984375,23.733144760131836,108.8595199584961,508.5351867675781,107.73534393310547,90.22732543945312,129.49313354492188,102.11471557617188,45.39482879638672,54.24759292602539,52.231502532958984,139.958740234375,55.300086975097656,275.2489013671875,332.3258972167969,281.4534912109375,222.66000366210938,188.45892333984375,135.70877075195312,376.26007080078125
2024-01-12,183.68064880371094,380.35009765625,54.55188751220703,103.67898559570312,47.026634216308594,160.4039306640625,30.768583297729492,356.2249755859375,82.8250503540039,44.465274810791016,150.31373596191406,23.98384666442871,109.0433349609375,491.41375732421875,108.1340103149414,91.3978271484375,131.26687622070312,102.7586669921875,46.464595794677734,55.130680084228516,52.299583435058594,140.04244995117188,55.83635711669922,274.6125793457031,331.5615234375,279.8634033203125,217.6999969482422,187.92623901367188,134.90771484375,372.6827697753906
2024-01-16,181.41824340820312,382.1124572753906,56.21904373168945,103.64981842041016,47.26018524169922,159.39813232421875,30.130701065063477,358.7711181640625,79.38092803955078,43.92119216918945,148.58279418945312,23.666290283203125,108.9146499633789,489.19000244140625,107.98213958740234,89.3311996459961,128.07589721679688,99.94361877441406,44.92972183227539,53.763328552246094,52.46492385864258,139.28919982910156,55.466514587402344,272.3855285644531,334.0968933105469,276.7989196777344,200.52000427246094,184.81439208984375,132.36822509765625,371.564208984375
2024-01-17,180.47962951660156,381.3291015625,55.89100646972656,103.51365661621094,46.98927307128906,158.54415893554688,29.830520629882812,355.68743896484375,77.94050598144531,43.78047561645508,148.49948120117188,23.52422523498535,108.583740234375,494.64581298828125,108.14350128173828,88.68195343017578,127.56785583496094,98.95927429199219,44.548336029052734,53.383506774902344,52.21853256225586,139.4287109375,55.466514587402344,272.4510498046875,331.55224609375,268.5112609863281,203.05999755859375,184.9825897216797,131.71205139160156,365.0653991699219
2024-01-18,186.35800170898438,385.63720703125,56.94195556640625,105.72144317626953,47.40964889526367,158.85726928710938,29.764854431152344,355.432861328125,77.46958923339844,43.56470489501953,149.22149658203125,23.474082946777344,108.96060180664062,486.5421447753906,108.22893524169922,88.51734161376953,126.40909576416016,98.3705062866211,45.17158126831055,53.62089538574219,52.92204284667969,138.62489318847656,55.623695373535156,275.44537353515625,333.6029052734375,271.6624450683594,211.61000061035156,187.019775390625,133.39085388183594,367.7459716796875
2024-01-19,189.25270080566406,390.3368835449219,59.319068908691406,106.66487121582031,47.895423889160156,161.5994873046875,30.224504470825195,360.4214172363281,78.79920959472656,45.14069747924805,149.6565399169922,23.632863998413086,109.2823257446289,474.4996337890625,108.86491394042969,88.65451049804688,126.78347778320312,99.23526000976562,46.17621994018555,53.57341766357422,52.643226623535156,138.09149169921875,55.31858444213867,281.21893310546875,337.8067626953125,276.1933898925781,215.02000427246094,187.62721252441406,133.6976318359375,369.0283203125
2024-01-22,191.55459594726562,388.22198486328125,59.481597900390625,107.08309173583984,48.17567825317383,161.40969848632812,30.534069061279297,363.96710205078125,79.15933227539062,45.52531433105469,150.3877716064453,23.65793228149414,109.7786865234375,483.38543701171875,108.39030456542969,88.53564453125,127.00633239746094,99.41004943847656,47.14365005493164,53.87727737426758,52.646480560302734,138.3628692626953,55.078189849853516,279.2351379394531,332.47503662109375,279.47540283203125,214.92999267578125,187.8701629638672,135.15484619140625,370.8314514160156
2024-01-23,192.82911682128906,390.56207275390625,59.69996643066406,108.76568603515625,48.353172302246094,160.3470001220703,30.740440368652344,359.07281494140625,80.09190368652344,46.07878875732422,147.92559814453125,23.758214950561523,110.15556335449219,485.7695007324219,108.20995330810547,89.53237915039062,126.64976501464844,99.34564971923828,46.901790618896484,53.86778259277344,52.779396057128906,144.0897674560547,55.33707046508789,280.7698059082031,326.96624755859375,279.63031005859375,211.5,189.64569091796875,136.3990020751953,373.5987243652344
2024-01-24,192.1573028564453,394.1455383300781,61.18466567993164,111.177734375,47.93279266357422,161.77976989746094,30.937440872192383,357.7809143066406,80.85830688476562,46.425880432128906,147.1387939453125,23.674646377563477,109.27313995361328,483.6115417480469,105.14398193359375,91.07776641845703,129.17225646972656,100.89117431640625,48.064571380615234,54.418514251708984,52.03373718261719,142.3492431640625,54.467952728271484,281.13482666015625,323.6945495605469,281.4213562011719,214.1300048828125,186.77679443359375,133.43345642089844,374.5148620605469
2024-01-25,191.83128356933594,396.4072570800781,61.43891525268555,111.84882354736328,48.88566207885742,164.094970703125,31.322040557861328,360.8929138183594,81.27381896972656,46.79173278808594,147.69418334960938,23.30141830444336,110.42212677001953,464.92596435546875,106.7386703491211,93.39128112792969,132.42562866210938,103.08067321777344,48.808746337890625,55.083194732666016,52.79236602783203,145.6244354248047,54.6990966796875,278.1122741699219,327.14337158203125,291.19000244140625,201.8800048828125,189.2905731201172,136.1007537841797,378.9502258300781
2024-01-26,190.10232543945312,395.4869384765625,60.854610443115234,111.49868774414062,48.708160400390625,163.46873474121094,31.359567642211914,356.2626647949219,81.00605773925781,47.204490661621094,147.63864135742188,23.30141830444336,111.05635833740234,474.160400390625,106.3210220336914,94.18685150146484,132.9336700439453,103.24626159667969,49.22734451293945,55.453521728515625,53.25596618652344,146.11105346679688,54.89326095581055,273.4803771972656,331.17938232421875,289.89263916015625,205.47000122070312,188.58038330078125,135.75137329101562,379.5384521484375
2024-01-29,189.42066955566406,401.1559143066406,62.28447341918945,110.6330795288086,48.848289489746094,163.8957061767578,31.52841567993164,358.8748779296875,80.90447998046875,47.23263168334961,147.50906372070312,23.309900283813477,111.47919464111328,475.42315673828125,107.68787384033203,94.30570983886719,132.88021850585938,102.66667175292969,49.48781204223633,55.2826042175293,53.505592346191406,146.1297607421875,55.22611618041992,273.5271301269531,331.55224609375,293.591064453125,205.19000244140625,189.74847412109375,134.66058349609375,383.45318603515625
2024-01-30,185.7751007080078,400.0495300292969,62.59257888793945,111.03184509277344,48.80158615112305,167.25466918945312,32.63534164428711,364.8252868652344,81.69701385498047,48.02062225341797,146.9629364013672,22.91970443725586,111.8284912109375,474.54681396484375,107.71636199951172,95.87855529785156,133.8072052001953,104.92056274414062,45.90644836425781,55.92829895019531,53.68391036987305,147.37432861328125,55.38330841064453,275.716796875,332.8572082519531,295.0528869628906,200.44000244140625,192.41180419921875,123.61640930175781,382.72998046875
2024-01-31,182.17893981933594,389.2696228027344,61.349185943603516,108.63924407958984,46.87717056274414,165.4423370361328,31.90363883972168,362.1282653808594,81.34268951416016,47.07315444946289,147.08323669433594,22.970600128173828,111.01959228515625,482.20758056640625,107.40311431884766,94.0130844116211,131.40951538085938,102.91508483886719,45.30181121826172,54.66539001464844,53.57367706298828,147.0467987060547,55.00421905517578,273.91082763671875,328.99822998046875,290.74462890625,211.0399932861328,189.01023864746094,120.92352294921875,379.4998474121094
2024-02-01,184.60931396484375,395.3400573730469,62.844852447509766,112.36431121826172,46.87717056274414,164.84457397460938,31.47213363647461,361.9773254394531,80.95108032226562,46.03401184082031,146.58340454101562,23.14872932434082,116.16705322265625,477.873046875,108.67506408691406,93.6290283203125,131.81951904296875,102.46428680419922,45.580875396728516,54.428009033203125,54.56572723388672,148.95578002929688,56.38186264038086,278.9263610839844,335.6256408691406,297.88958740234375,209.80999755859375,184.38450622558594,121.358154296875,379.59625244140625
2024-02-02,183.61148071289062,402.6245422363281,65.96880340576172,112.61717987060547,46.87717056274414,165.7934112548828,31.397092819213867,365.7588806152344,81.37066650390625,46.440223693847656,144.9635467529297,22.84336280822754,116.19464111328125,480.78472900390625,106.41593170166016,93.24496459960938,135.69683837890625,101.77432250976562,45.580875396728516,54.16214370727539,54.97420883178711,147.935791015625,55.97504425048828,277.9624938964844,332.9784240722656,305.0539245605469,209.3800048828125,183.26312255859375,120.88091278076172,378.5549011230469
2024-02-05,185.41943359375,397.1709289550781,69.13162994384766,113.20073699951172,46.25126266479492,165.57516479492188,30.94681739807129,361.19464111328125,80.0839614868164,46.005680084228516,144.2137908935547,22.53799057006836,115.98321533203125,473.9342346191406,105.97930908203125,92.86091613769531,135.7770538330078,101.16716003417969,45.16227340698242,54.10516357421875,54.679195404052734,148.048095703125,55.51274108886719,267.59454345703125,331.0303039550781,311.16290283203125,206.6300048828125,180.36619567871094,118.52040100097656,372.2199401855469
2024-02-06,187.01991271972656,397.0142822265625,68.02584075927734,112.1406021118164,46.69033432006836,166.14450073242188,30.993722915649414,363.0523681640625,80.27975463867188,45.61836242675781,146.30575561523438,23.326862335205078,116.62665557861328,481.19927978515625,108.20995330810547,93.50101470947266,135.7948760986328,102.59308624267578,44.91436767578125,54.66539001464844,55.05201721191406,148.74990844726562,55.42028045654297,266.3593444824219,332.0649108886719,312.4408264160156,208.5800018310547,180.95494079589844,124.34928131103516,374.98724365234375
2024-02-07,187.12860107421875,405.3953552246094,69.89641571044922,114.0566177368164,46.4941520690918,166.4575958251953,31.12505531311035,364.62725830078125,80.1865234375,45.79784393310547,146.231689453125,23.377756118774414,117.16897583007812,489.4161071777344,107.55498504638672,93.47357177734375,135.59877014160156,103.32903289794922,44.39047622680664,54.71287155151367,54.91261291503906,148.89962768554688,55.466514587402344,268.86712646484375,338.0677490234375,313.28314208984375,211.9199981689453,181.38478088378906,125.4741439819336,372.1427917480469
2024-02-08,186.05172729492188,405.4540710449219,69.43972778320312,113.48279571533203,46.66230773925781,165.85983276367188,31.068769454956055,363.0995178222656,79.86019134521484,45.67504119873047,144.7691650390625,23.386241912841797,116.37846374511719,490.0756530761719,106.71969604492188,95.07383728027344,137.31906127929688,104.78256225585938,44.70854949951172,55.12117385864258,54.90938186645508,148.45046997070312,55.31858444213867,273.1715393066406,339.02783203125,311.7438049316406,209.22000122070312,180.78672790527344,126.0536117553711,372.0270690917969
2024-02-09,186.81344604492188,411.7594299316406,71.9245376586914,113.44388580322266,46.83046340942383,166.05909729003906,31.02186393737793,362.3639831542969,80.0839614868164,45.401084899902344,145.1024169921875,23.377756118774414,115.31221008300781,488.3135681152344,106.13118743896484,93.06209564208984,134.62722778320312,102.26190185546875,44.044334411621094,54.57044219970703,54.88018798828125,147.30882263183594,55.06894302368164,270.8696594238281,338.4964904785156,307.05792236328125,209.1999969482422,182.0763397216797,124.63899993896484,367.6495361328125
2024-02-12,185.1317596435547,406.5801086425781,72.0391845703125,112.66580200195312,46.69968032836914,166.7991943359375,31.537803649902344,370.2666015625,80.99771881103516,46.213504791259766,146.1113739013672,23.462583541870117,115.21109771728516,487.76715087890625,106.81462097167969,94.34230041503906,135.55422973632812,102.20670318603516,45.03597640991211,55.1021842956543,55.210880279541016,147.0187530517578,55.19838333129883,270.8415222167969,340.640380859375,311.3855895996094,209.3300018310547,184.42190551757812,125.65306091308594,375.4597473144531
2024-02-13,183.04449462890625,397.8269348144531,71.91954040527344,110.56500244140625,46.372711181640625,165.34744262695312,30.721681594848633,357.1679382324219,78.29374694824219,45.571128845214844,144.83396911621094,22.877288818359375,115.2938232421875,487.022705078125,105.68505096435547,93.53010559082031,134.23504638671875,100.98316955566406,44.51209259033203,54.7033805847168,54.834808349609375,146.23269653320312,54.87477493286133,268.6612548828125,333.3139953613281,302.87554931640625,204.4600067138672,181.30067443847656,123.48004913330078,365.7018127441406
2024-02-14,182.1641082763672,401.6720886230469,73.68643188476562,111.12910461425781,46.9705924987793,167.02691650390625,31.078149795532227,356.4984436035156,78.32171630859375,45.84507369995117,144.15826416015625,22.996047973632812,115.65230560302734,487.1075134277344,106.36847686767578,93.06864166259766,134.60044860839844,101.30514526367188,44.67112731933594,54.409019470214844,54.65973663330078,145.63380432128906,54.81929397583008,269.6531677246094,333.9105224609375,306.6222839355469,203.3800048828125,182.1043701171875,122.90056610107422,371.0146789550781
2024-02-15,181.87721252441406,398.7979736328125,72.44800567626953,109.68965911865234,45.83089065551758,170.6705322265625,31.959930419921875,363.4579162597656,79.87882995605469,49.160892486572266,146.1761474609375,23.33534812927246,116.31413269042969,490.82012939453125,107.86823272705078,95.73593139648438,139.17788696289062,102.8431625366211,45.447608947753906,57.077247619628906,54.8834342956543,146.92515563964844,54.9210090637207,273.10601806640625,336.5669860839844,312.77972412109375,205.3300018310547,184.9825897216797,125.25259399414062,351.614501953125
2024-02-16,180.3439483642578,396.34576416015625,72.40315246582031,108.25994110107422,45.25168991088867,169.87347412109375,31.97869110107422,362.5337829589844,80.65272521972656,49.0380859375,146.00827026367188,23.428653717041016,117.4631118774414,491.45147705078125,108.21943664550781,95.73593139648438,139.33108520507812,102.44476318359375,45.438255310058594,57.46656036376953,55.23033142089844,147.39303588867188,54.91176223754883,273.2557678222656,337.7508544921875,311.6566467285156,203.88999938964844,184.25369262695312,127.88946533203125,347.7767639160156
2024-02-20,179.60202026367188,395.1000061035156,69.25128173828125,105.4782943725586,45.10222244262695,170.5376739501953,31.85674285888672,362.6091613769531,79.5804443359375,48.905826568603516,147.2300567626953,23.4032039642334,117.07705688476562,490.9896545410156,110.71586608886719,94.8314437866211,138.7633819580078,101.4904556274414,45.3914794921875,56.55499267578125,57.01341247558594,148.32882690429688,56.12298583984375,273.8452453613281,337.9559020996094,303.74688720703125,203.3699951171875,185.90773010253906,128.08767700195312,344.5949401855469
2024-02-21,180.35386657714844,394.50164794921875,67.27700805664062,105.19624328613281,45.289066314697266,171.64785766601562,31.612850189208984,366.1455383300781,79.68302154541016,49.746585845947266,147.99485778808594,23.471067428588867,117.76642608642578,491.84716796875,111.88340759277344,96.76960754394531,140.0609130859375,104.57575988769531,46.036991119384766,57.41907501220703,56.313148498535156,150.09742736816406,56.62226486206055,275.0242919921875,339.4099426269531,307.03863525390625,201.57000732421875,186.45907592773438,127.76882934570312,344.5081481933594
2024-02-22,182.38174438476562,403.79083251953125,78.31102752685547,107.96815490722656,45.373138427734375,173.70684814453125,31.52841567993164,368.2201232910156,80.04666900634766,50.417301177978516,149.64564514160156,23.369272232055664,118.81432342529297,496.1158142089844,112.9749755859375,96.68655395507812,140.0518798828125,103.97351837158203,46.083763122558594,57.47605514526367,56.86753845214844,150.24713134765625,56.53904724121094,276.90521240234375,346.13055419921875,311.8309326171875,201.5,187.65525817871094,129.02694702148438,344.0163879394531
2024-02-23,180.55169677734375,402.505859375,78.5892105102539,108.88240051269531,45.6440544128418,174.57981872558594,31.81922149658203,368.76708984375,80.6993408203125,50.88019561767578,150.94203186035156,23.547407150268555,118.98896789550781,496.8131408691406,113.39263153076172,95.83744812011719,139.35809326171875,103.31568908691406,45.67213439941406,56.991790771484375,56.91615295410156,150.68692016601562,56.58527755737305,278.61761474609375,346.7083740234375,313.5639343261719,200.8300018310547,187.4870147705078,128.07907104492188,351.614501953125
2024-02-26,179.2063751220703,399.75933837890625,78.86341857910156,107.92925262451172,45.21432876586914,173.9820098876953,31.52841567993164,367.9844055175781,79.87882995605469,51.1352653503418,149.96273803710938,23.055423736572266,118.42825317382812,495.00390625,112.66175079345703,96.21585083007812,139.1688690185547,104.15882110595703,45.42890930175781,57.41907501220703,57.966552734375,149.92897033691406,56.13222885131836,278.0280456542969,346.37286376953125,315.01617431640625,200.5399932861328,186.14132690429688,127.10528564453125,350.21630859375
2024-02-27,180.66049194335938,399.700439453125,78.47354888916016,108.32801818847656,45.130252838134766,174.06744384765625,32.156925201416016,368.54071044921875,79.71099090576172,51.777645111083984,150.1399688720703,22.80943489074707,118.60289764404297,483.7905578613281,113.33568572998047,96.01278686523438,137.10543823242188,103.40834045410156,45.335350036621094,57.54252243041992,57.95682907104492,149.0680694580078,55.790122985839844,274.884033203125,350.06396484375,317.1944885253906,201.39999389648438,185.19752502441406,127.76882934570312,347.757568359375
2024-02-28,179.4635467529297,399.9359436035156,77.43855285644531,108.61979675292969,44.8967170715332,174.9498748779297,32.18506622314453,373.40325927734375,80.23313903808594,51.69261932373047,150.6715850830078,22.936668395996094,117.8307876586914,469.5243225097656,113.9526596069336,96.28046417236328,137.2676239013672,103.80674743652344,45.054691314697266,57.21967697143555,57.98600387573242,149.7698974609375,55.84560775756836,276.22216796875,351.9748229980469,319.0629577636719,207.0,184.62745666503906,127.3379898071289,351.7591247558594
2024-02-29,178.80078125,405.7428894042969,78.88336944580078,108.61979675292969,45.18630599975586,176.5439453125,32.61016845703125,369.4809875488281,80.22382354736328,52.51448440551758,150.51304626464844,22.52950668334961,116.87483215332031,465.114501953125,112.6142807006836,96.46504211425781,136.97027587890625,104.27001190185547,45.21372985839844,57.55201721191406,57.003684997558594,148.73118591308594,55.49425506591797,275.05511474609375,354.77117919921875,323.3228759765625,203.72000122070312,186.73223876953125,127.76020050048828,351.9904479980469
2024-03-01,177.72254943847656,407.5673522949219,82.04120635986328,110.66224670410156,45.21432876586914,175.81332397460938,32.44956970214844,368.5787658691406,80.63407897949219,52.01380157470703,151.20318603515625,22.554956436157227,116.70018005371094,461.2793273925781,112.59530639648438,97.68331909179688,137.69110107421875,105.8450698852539,46.16796112060547,58.26417922973633,57.14957809448242,148.64698791503906,55.041202545166016,273.59649658203125,358.3504943847656,325.9755859375,200.0,186.67587280273438,127.587890625,354.6903076171875
2024-03-04,173.2117156982422,406.99847412109375,84.99066162109375,110.93458557128906,45.896278381347656,177.13223266601562,33.20531463623047,372.5199890136719,83.95341491699219,52.722312927246094,149.0767059326172,21.961179733276367,114.02534484863281,454.0614013671875,113.94318389892578,96.31736755371094,134.1499481201172,103.4361343383789,46.23345184326172,57.61848449707031,57.674774169921875,149.3113555908203,55.300086975097656,273.79412841796875,354.5474548339844,327.86346435546875,200.5399932861328,187.2114715576172,129.7852783203125,351.383056640625
2024-03-05,168.28541564941406,394.9626770019531,85.71957397460938,107.90007781982422,45.72813034057617,178.9065704345703,33.43203353881836,371.2474060058594,83.10493469238281,53.468605041503906,149.1979522705078,22.122346878051758,112.90394592285156,445.8445739746094,112.46241760253906,97.49871826171875,134.78968811035156,103.0469970703125,46.45797348022461,57.523529052734375,58.394500732421875,149.08677673339844,55.031959533691406,275.2998046875,352.7578125,322.90655517578125,201.13999938964844,185.43556213378906,128.9666290283203,353.61041259765625
2024-03-06,167.2961883544922,394.41339111328125,88.44780731201172,109.1936264038086,45.93364334106445,179.8364715576172,33.46036911010742,369.974853515625,79.86949920654297,53.95039749145508,148.6103973388672,23.063905715942383,113.74960327148438,445.3263244628906,113.27873229980469,98.54164123535156,133.65435791015625,103.76041412353516,46.804115295410156,58.00779724121094,58.90997314453125,149.3207244873047,55.059696197509766,275.6668395996094,353.92059326171875,324.939697265625,201.0,188.39535522460938,131.45703125,353.5140075683594
2024-03-07,167.177490234375,401.3287658691406,92.405517578125,111.40143585205078,45.681427001953125,178.26138305664062,33.658756256103516,368.8921813964844,80.31705474853516,53.84647750854492,148.1720428466797,22.724607467651367,113.97019958496094,451.14971923828125,114.77847290039062,99.09540557861328,134.59146118164062,104.45529174804688,47.50575637817383,58.17933654785156,58.705726623535156,150.3032684326172,54.95798110961914,273.95404052734375,353.08599853515625,329.3834533691406,203.02999877929688,190.37802124023438,132.1981201171875,361.89312744140625
2024-03-08,168.88882446289062,398.46453857421875,87.27912902832031,109.33951568603516,46.2419319152832,178.5934600830078,33.630409240722656,367.52459716796875,81.15621185302734,53.912601470947266,148.77828979492188,23.089351654052734,113.51979064941406,450.8375244140625,114.81645202636719,100.02755737304688,135.05101013183594,104.6961898803711,47.1502685546875,57.94109344482422,58.47230529785156,150.05062866210938,55.031959533691406,275.3092346191406,350.0854187011719,328.3862609863281,198.49000549316406,188.63031005859375,132.67208862304688,360.7167663574219
2024-03-11,170.88705444335938,396.7969970703125,85.53012084960938,111.00265502929688,46.9145393371582,178.6598663330078,33.90437316894531,366.736328125,81.06298828125,53.93149948120117,150.3731231689453,24.064842224121094,112.8487777709961,462.73822021484375,114.0855484008789,100.61824035644531,136.96128845214844,106.78086853027344,48.207393646240234,58.62724304199219,58.99750900268555,151.17355346679688,55.69766616821289,277.44549560546875,348.3694152832031,324.3006896972656,192.49000549316406,188.19805908203125,133.35284423828125,361.6327209472656
2024-03-12,171.36187744140625,407.3515319824219,91.65166473388672,124.04520416259766,46.7744140625,180.13059997558594,33.97050476074219,368.6546936035156,81.1655502319336,54.4227294921875,151.78143310546875,23.759471893310547,112.74767303466797,462.9274597167969,114.6266098022461,99.97219848632812,136.8621368408203,106.56775665283203,48.24481964111328,58.265113830566406,59.72694778442383,151.52915954589844,55.93806457519531,276.965576171875,351.20123291015625,326.49835205078125,184.24000549316406,187.1081085205078,135.61920166015625,359.318603515625
2024-03-13,169.28451538085938,407.1750183105469,90.62957763671875,122.08055114746094,46.811771392822266,181.5918426513672,34.083866119384766,372.5769958496094,83.31005859375,54.62111282348633,150.25186157226562,23.937604904174805,112.28809356689453,461.65032958984375,114.05707550048828,101.08893585205078,138.6642608642578,108.91183471679688,49.18034362792969,59.141845703125,59.60050582885742,151.87539672851562,56.51131057739258,266.1902770996094,355.3739318847656,330.6420593261719,182.35000610351562,187.671875,133.36143493652344,365.2967529296875
2024-03-14,171.1343536376953,417.1018371582031,87.69395446777344,122.09028625488281,46.512840270996094,178.3562469482422,33.7154426574707,369.0631103515625,83.07697296142578,54.19600296020508,148.4891357421875,23.86126136779785,111.47407531738281,462.5963134765625,112.81361389160156,102.87943267822266,140.29518127441406,110.97796630859375,49.797786712646484,59.63739776611328,59.54975891113281,151.12677001953125,56.385494232177734,265.1269226074219,351.8857727050781,331.029296875,181.14999389648438,184.49594116210938,132.6117706298828,366.62744140625
2024-03-15,170.75845336914062,408.4698181152344,87.5872573852539,122.10000610351562,45.70944595336914,180.5670928955078,33.450927734375,367.7335510253906,82.40563201904297,54.32826232910156,147.52850341796875,23.70009422302246,112.40833282470703,464.3181457519531,109.624267578125,102.69483947753906,140.16001892089844,111.21886444091797,49.46099853515625,59.704105377197266,59.21796417236328,151.0144805908203,55.80765914916992,262.68951416015625,349.972900390625,335.91845703125,182.52999877929688,185.75502014160156,132.1636505126953,369.6744384765625
2024-03-18,171.84658813476562,409.35260009765625,88.20348358154297,124.29808807373047,46.027061462402344,182.806396484375,34.01773452758789,365.0364074707031,82.0140151977539,54.57387924194336,146.2041015625,23.513479232788086,112.33433532714844,460.7516174316406,106.72917938232422,103.64547729492188,140.03387451171875,111.42269134521484,49.984886169433594,60.228240966796875,59.39362335205078,150.8553924560547,56.0406608581543,262.1625061035156,348.7351379394531,340.6914367675781,179.83999633789062,184.88116455078125,130.7159423828125,371.52569580078125
2024-03-19,174.18113708496094,413.364501953125,89.14381408691406,125.65000915527344,45.90562057495117,183.87857055664062,34.03662872314453,369.1106262207031,82.44292449951172,53.85592269897461,145.69117736816406,23.437137603759766,113.03734588623047,466.6830749511719,107.41262817382812,104.37458038330078,141.12417602539062,113.05335998535156,50.96718215942383,61.04780197143555,59.403377532958984,151.43557739257812,56.13385009765625,266.19970703125,355.7677917480469,342.6277160644531,181.13999938964844,187.02352905273438,132.0171661376953,377.5038757324219
2024-03-20,176.74322509765625,417.1115417480469,90.11505889892578,125.69862365722656,46.28863525390625,186.28868103027344,34.71678924560547,376.5277404785156,85.17487335205078,54.129878997802734,145.27145385742188,23.49651527404785,114.56363677978516,467.5439758300781,105.83692932128906,104.28229522705078,139.25894165039062,112.9514389038086,50.89234924316406,60.79050064086914,59.77422332763672,151.58526611328125,56.61848831176758,267.68658447265625,360.45623779296875,345.09649658203125,187.77999877929688,189.03436279296875,133.36143493652344,379.9530334472656
2024-03-21,169.5219268798828,421.1725769042969,91.17501831054688,125.47492980957031,46.596920013427734,188.87904357910156,35.434749603271484,392.90057373046875,87.08628845214844,54.649452209472656,145.26214599609375,23.462583541870117,114.35087585449219,465.1410827636719,105.84642028808594,104.74375915527344,139.53829956054688,114.43387603759766,50.92976760864258,60.923919677734375,59.96940231323242,151.46363830566406,56.357540130615234,266.82080078125,370.5738830566406,352.94818115234375,187.6999969482422,189.22227478027344,133.84402465820312,383.4146423339844
2024-03-22,170.422119140625,420.5545959472656,94.02091217041016,124.2883529663086,46.503501892089844,186.56387329101562,35.00019454956055,386.3571472167969,85.73429870605469,53.96928787231445,144.77713012695312,23.20810890197754,114.56363677978516,463.6085510253906,104.95415496826172,104.74375915527344,139.35809326171875,113.98912811279297,50.5087776184082,60.8095588684082,59.403377532958984,151.2764892578125,56.37617111206055,265.973876953125,365.96051025390625,346.7036437988281,188.85000610351562,188.61151123046875,134.66268920898438,384.5909729003906
2024-03-25,169.00753784179688,414.78680419921875,94.73188781738281,122.62521362304688,46.41007995605469,184.85595703125,34.820709228515625,384.57171630859375,84.97907257080078,53.59141159057617,144.76785278320312,23.267486572265625,115.91415405273438,459.6448059082031,104.422607421875,105.81436920166016,140.989013671875,116.95399475097656,50.80815124511719,61.51476287841797,59.1106071472168,149.9009246826172,56.29229736328125,262.2001953125,359.6123046875,344.6124572753906,191.41000366210938,186.49732971191406,134.9211883544922,383.7906188964844
2024-03-26,167.8798370361328,413.59991455078125,92.29782104492188,123.00452423095703,46.28863525390625,185.71937561035156,35.03798294067383,385.7493896484375,85.10960388183594,53.5441780090332,145.28077697753906,23.4032039642334,116.10839080810547,465.72760009765625,105.83692932128906,105.02064514160156,139.90774536132812,116.73161315917969,50.583621978759766,60.34259796142578,59.05204772949219,150.23779296875,56.42277526855469,262.2001953125,356.2554016113281,345.0384216308594,187.5,188.8651885986328,123.90827178955078,384.2630920410156
2024-03-27,171.44102478027344,413.3841552734375,89.99339294433594,121.83740997314453,46.4941520690918,189.3155059814453,35.7181510925293,394.36309814453125,87.17952728271484,54.4227294921875,147.3233184814453,23.564376831054688,121.87127685546875,466.4749450683594,107.71636199951172,106.10971069335938,140.88088989257812,117.51914978027344,51.360107421875,61.181217193603516,59.256996154785156,152.1654510498047,56.87944793701172,265.3998107910156,361.8440246582031,353.0353088378906,191.9499969482422,192.745849609375,126.95878601074219,395.96380615234375
2024-03-28,169.6307373046875,412.68768310546875,90.09909057617188,122.16809844970703,46.624942779541016,190.05563354492188,35.82206726074219,396.6803894042969,87.794921875,54.75335693359375,147.537841796875,23.53892707824707,122.05628967285156,467.98858642578125,107.88721466064453,107.28182220458984,142.13336181640625,117.92684173583984,51.27591323852539,61.93406677246094,58.72024917602539,151.82859802246094,57.01924514770508,265.3339538574219,359.6966857910156,354.75860595703125,192.99000549316406,192.85862731933594,128.07907104492188,397.51220703125
2024-04-01,168.19639587402344,416.4642333984375,90.10607147216797,122.04165649414062,46.746376037597656,188.76519775390625,35.44419860839844,392.7106018066406,87.2074966430664,54.4227294921875,147.1554412841797,23.513479232788086,121.16826629638672,463.2585754394531,106.3969497680664,107.97402954101562,143.3407745361328,119.22393798828125,51.65947723388672,63.25871658325195,58.55433654785156,150.26583862304688,56.553245544433594,263.7059020996094,345.0969543457031,352.154296875,189.5,189.81422424316406,127.20867919921875,391.1248474121094
2024-04-02,167.01918029785156,413.3939208984375,89.1976547241211,120.93289947509766,46.111148834228516,188.68927001953125,35.23636245727539,389.5196838378906,86.44292449951172,54.1771125793457,147.10879516601562,23.369272232055664,120.57625579833984,433.40264892578125,106.33051300048828,110.0875473022461,143.97152709960938,121.06769561767578,51.15428924560547,64.09734344482422,57.734580993652344,150.2565155029297,56.059295654296875,261.3720397949219,340.38037109375,353.2095947265625,188.0399932861328,188.1416778564453,128.52716064453125,390.9892883300781
2024-04-03,167.8204803466797,412.4228210449219,88.71105194091797,122.78081512451172,45.9039421081543,188.15792846679688,35.36861801147461,393.1759948730469,86.71333312988281,53.96928787231445,143.87246704101562,23.089351654052734,120.16000366210938,434.9162292480469,105.62809753417969,110.10600280761719,144.56622314453125,121.95718383789062,51.322689056396484,64.52616882324219,57.99807357788086,146.1204071044922,55.76106262207031,259.3017272949219,337.4735107421875,363.8205261230469,184.9199981689453,186.0181121826172,131.21575927734375,392.95391845703125
2024-04-04,166.99945068359375,409.9019470214844,85.66075134277344,120.78701782226562,45.310604095458984,186.72633361816406,34.87738800048828,385.8158264160156,86.04200744628906,53.5441780090332,142.23097229003906,22.605852127075195,118.08795166015625,430.79168701171875,104.51752471923828,110.49363708496094,144.79148864746094,122.06834411621094,50.770721435546875,64.44993591308594,58.06639099121094,145.46536254882812,55.26709747314453,254.17288208007812,335.391845703125,358.0116271972656,183.2899932861328,184.2140350341797,129.25962829589844,393.99908447265625
2024-04-05,167.751220703125,417.3960876464844,87.75775909423828,121.47754669189453,45.724998474121094,188.44424438476562,35.056880950927734,387.54425048828125,86.21916961669922,54.22434616088867,142.12838745117188,22.614334106445312,118.39320373535156,431.1322021484375,105.55216979980469,112.01648712158203,145.6114501953125,123.7082748413086,51.48172378540039,65.99375915527344,58.407955169677734,146.0736083984375,55.46281814575195,250.97328186035156,335.5699768066406,367.2186279296875,183.13999938964844,185.24761962890625,130.43157958984375,399.2542419433594
2024-04-08,166.63345336914062,416.4837646484375,86.88525390625,120.94261169433594,45.43304443359375,189.42724609375,35.425296783447266,389.8900451660156,86.90912628173828,54.5927734375,141.3822784423828,22.546476364135742,117.0704345703125,431.3782043457031,104.90669250488281,111.25967407226562,145.31410217285156,122.68911743164062,50.55554962158203,65.49821472167969,58.339637756347656,146.01742553710938,55.2391471862793,251.79197692871094,339.48956298828125,361.5743713378906,181.55999755859375,185.82081604003906,129.3544158935547,397.5219421386719
2024-04-09,167.8402557373047,418.1415710449219,85.1113052368164,120.24010467529297,47.10003662109375,188.15792846679688,35.642578125,390.0514831542969,87.72032928466797,54.39439010620117,142.0351104736328,22.716121673583984,117.20918273925781,434.8973388671875,106.72917938232422,111.84111785888672,145.97186279296875,122.5315933227539,50.67717361450195,65.32666778564453,58.34939956665039,146.59764099121094,55.65854263305664,253.5612030029297,338.8988037109375,360.05438232421875,178.1199951171875,186.4315643310547,129.75082397460938,398.2284240722656
2024-04-10,165.97064208984375,415.17919921875,86.79151916503906,118.79600524902344,46.34659194946289,186.55453491210938,34.62233352661133,380.6020202636719,85.45458221435547,53.789794921875,140.08587646484375,22.325927734375,117.24617767333984,425.74945068359375,105.52368927001953,112.78251647949219,146.57559204101562,123.05973815917969,50.70524215698242,65.6983413696289,59.15939712524414,147.14039611816406,54.91294479370117,252.8365478515625,328.7155456542969,360.2189636230469,174.6300048828125,183.83819580078125,126.89846801757812,398.7026672363281
2024-04-11,173.15231323242188,419.760009765625,90.35834503173828,120.24984741210938,46.64797592163086,186.51637268066406,34.33892822265625,377.4869689941406,80.96971893310547,53.55362319946289,138.7707977294922,22.3428955078125,116.69116973876953,417.86920166015625,105.78946685791016,112.40410614013672,145.8727569580078,123.15237426757812,50.51813888549805,66.00328063964844,58.642173767089844,145.83029174804688,55.03411102294922,252.78952026367188,325.724365234375,360.1318664550781,173.36000061035156,184.98452758789062,128.40650939941406,399.5445861816406
2024-04-12,174.6460723876953,413.84521484375,87.93524932861328,118.1715316772461,45.668495178222656,174.452880859375,33.809906005859375,369.8988342285156,80.36369323730469,53.34579849243164,137.5863494873047,21.93573760986328,116.3119125366211,415.4853515625,104.08195495605469,111.09355163574219,143.23265075683594,121.55876922607422,48.6470947265625,65.76504516601562,58.69096374511719,145.3530731201172,54.31646728515625,251.63198852539062,321.50469970703125,353.9841003417969,169.5500030517578,184.31739807128906,124.8734359741211,384.47601318359375
2024-04-15,170.8276824951172,405.7428894042969,85.7564697265625,116.97138977050781,45.43304443359375,174.54830932617188,33.96105194091797,380.7159423828125,81.1095962524414,53.818145751953125,137.65159606933594,21.978145599365234,116.72816467285156,421.568115234375,103.87208557128906,110.45672607421875,141.99819946289062,120.67858123779297,48.33837127685547,65.12654876708984,58.48603057861328,145.46536254882812,54.185997009277344,250.5403594970703,316.8725280761719,352.31890869140625,167.82000732421875,182.32537841796875,124.82170867919922,381.1177978515625
2024-04-16,167.55340576171875,406.6648864746094,87.16645812988281,117.69342041015625,45.131649017333984,172.5536346435547,32.761322021484375,376.89813232421875,83.1142578125,53.289119720458984,134.72303771972656,21.791532516479492,115.68289184570312,443.5722351074219,104.17733764648438,109.54301452636719,140.8177947998047,120.01148986816406,48.09513473510742,63.67801284790039,58.398197174072266,145.9332733154297,54.11143112182617,249.78749084472656,313.9656982421875,348.417236328125,170.5500030517578,179.205810546875,123.1327133178711,380.3531799316406
2024-04-17,166.18826293945312,403.97723388671875,83.79606628417969,115.79073333740234,45.009220123291016,171.86648559570312,33.280887603759766,383.593505859375,83.99071502685547,54.01652145385742,135.02149963378906,21.562503814697266,115.96965026855469,453.1268615722656,101.01986694335938,109.4876480102539,140.92593383789062,118.89967346191406,47.5338249206543,62.877525329589844,58.21277618408203,146.87838745117188,54.530826568603516,254.04112243652344,312.0903015136719,346.906982421875,170.2100067138672,178.86753845214844,122.58118438720703,384.0986022949219
2024-04-18,165.23861694335938,396.5517578125,84.43025207519531,113.18550109863281,45.310604095458984,172.98309326171875,33.791015625,382.8337707519531,84.15855407714844,55.49020767211914,135.9261932373047,21.537057876586914,115.84014892578125,466.5506286621094,100.41889953613281,109.38612365722656,141.9801788330078,118.41787719726562,47.65544128417969,62.9347038269043,57.83216857910156,148.1375732421875,54.903621673583984,255.01043701171875,312.1466064453125,346.52935791015625,170.22999572753906,179.54409790039062,123.00347137451172,387.6988525390625
2024-04-19,163.22064208984375,391.5000915527344,75.98334503173828,112.0926742553711,45.50838088989258,177.3256072998047,34.924625396728516,383.67901611328125,84.5315170288086,57.01113510131836,137.95005798339844,22.05449104309082,116.34892272949219,474.0713806152344,102.33629608154297,110.64131164550781,144.16976928710938,119.87252807617188,46.63572311401367,63.49696731567383,58.095664978027344,148.93812561035156,56.077938079833984,255.9608917236328,314.462646484375,344.6151123046875,169.82000732421875,182.53211975097656,123.0293197631836,387.4278259277344
2024-04-22,164.0515594482422,393.3049011230469,79.29190826416016,111.75118255615234,45.33885192871094,180.7709503173828,35.642578125,396.3575134277344,85.86483001708984,57.719642639160156,139.07858276367188,22.27503204345703,117.42193603515625,464.7059326171875,102.1359634399414,111.2688980102539,145.8997802734375,119.82618713378906,46.31764602661133,63.84954071044922,58.69096374511719,151.19845581054688,56.432090759277344,259.3393249511719,315.16595458984375,347.4815979003906,170.47999572753906,183.7724151611328,125.26119232177734,386.7406005859375
2024-04-23,165.10012817382812,399.78875732421875,82.18864440917969,112.2975845336914,45.50838088989258,183.37640380859375,36.247169494628906,402.67303466796875,87.42196655273438,57.56849670410156,139.48895263671875,22.325927734375,117.36643981933594,459.9286193847656,102.63199615478516,111.70268249511719,146.73779296875,120.2987060546875,46.35506820678711,64.22122192382812,57.66627502441406,152.1026153564453,56.515968322753906,260.5627136230469,317.8758239746094,352.9618835449219,169.17999267578125,184.31739807128906,128.2858428955078,384.41796875
2024-04-24,167.19728088378906,401.25030517578125,79.4504623413086,112.54151153564453,45.5366325378418,184.27357482910156,36.19993209838867,401.7613525390625,87.50587463378906,57.2473030090332,138.52830505371094,22.283519744873047,117.47743225097656,460.9881286621094,101.96424865722656,111.72115325927734,147.38653564453125,119.77984619140625,45.94344711303711,64.16404724121094,58.42747116088867,153.1385955810547,57.36408233642578,260.4403381347656,312.2591857910156,353.22418212890625,164.3300018310547,183.03012084960938,126.34696960449219,381.911376953125
2024-04-25,168.05789184570312,391.4216003417969,82.3970718383789,112.10244750976562,45.30118942260742,184.55032348632812,35.812618255615234,398.9217224121094,86.3030776977539,56.614376068115234,136.9334716796875,21.426782608032227,120.91850280761719,467.1939392089844,101.93563842773438,111.97956085205078,148.9273681640625,120.54886627197266,46.25215530395508,64.68817138671875,58.759281158447266,153.0915069580078,57.54116439819336,259.3581848144531,311.2933349609375,328.427001953125,166.80999755859375,181.366943359375,127.0105209350586,381.3694152832031
2024-04-26,167.4742431640625,398.5625915527344,87.48555755615234,114.36615753173828,45.07514572143555,184.66488647460938,35.73704528808594,406.06341552734375,86.55482482910156,56.59547424316406,136.2992706298828,21.54553985595703,121.36250305175781,468.6034851074219,102.57476043701172,108.8692626953125,149.4770050048828,120.66930389404297,46.02763366699219,64.59288024902344,58.710487365722656,151.90481567382812,57.54116439819336,256.9960632324219,314.20953369140625,333.6546630859375,167.22000122070312,181.77099609375,127.1828384399414,380.66290283203125
2024-04-29,171.6289520263672,394.5703125,87.50747680664062,113.66361999511719,44.99980163574219,184.46441650390625,35.4725341796875,409.14044189453125,86.67715454101562,56.49156951904297,136.9334716796875,21.74911880493164,120.36349487304688,462.6247253417969,102.32672882080078,110.41980743408203,149.8734893798828,120.6507797241211,46.036991119384766,65.02172088623047,58.7885627746582,152.2532958984375,57.820762634277344,257.4289855957031,315.8129577636719,339.8927917480469,173.49000549316406,182.0717010498047,128.01011657714844,388.04718017578125
2024-04-30,168.4931640625,381.8970031738281,86.15632629394531,110.99010467529297,44.2463493347168,182.9946746826172,34.96240997314453,405.24664306640625,85.4820556640625,56.03812026977539,134.85362243652344,21.732154846191406,119.5309829711914,457.5825500488281,101.08665466308594,109.15538024902344,145.31410217285156,116.3888168334961,44.41853713989258,63.02999496459961,57.91999816894531,153.7036895751953,57.569122314453125,256.9490051269531,313.3937072753906,325.0941467285156,167.83999633789062,181.094482421875,127.08808898925781,378.80474853515625
2024-05-01,167.4742431640625,387.3998718261719,82.80488586425781,111.84874725341797,44.114498138427734,183.1092071533203,34.905731201171875,405.474609375,86.14078521728516,56.22705841064453,140.9998779296875,23.055423736572266,119.1424789428711,457.9704284667969,101.39189910888672,107.0880126953125,143.83636474609375,115.20286560058594,44.119171142578125,61.419464111328125,57.43204879760742,153.8920440673828,57.718238830566406,258.257080078125,311.2839050292969,321.69329833984375,171.4600067138672,183.50930786132812,125.74376678466797,375.02069091796875
2024-05-02,171.16403198242188,390.2445373535156,85.57301330566406,112.17073822021484,44.06740951538086,182.9183349609375,34.839603424072266,410.8119812011719,87.18531799316406,56.51991653442383,139.82472229003906,23.49651527404785,118.64295196533203,466.3519592285156,101.03894805908203,107.28182220458984,144.8275146484375,113.26646423339844,44.51209259033203,61.619590759277344,58.27132034301758,154.30645751953125,57.77415466308594,257.17486572265625,314.6220703125,325.93951416015625,178.85000610351562,181.94955444335938,126.86402893066406,383.2082214355469
2024-05-03,181.4024200439453,398.8961486816406,88.53655242919922,112.99037170410156,44.378204345703125,181.82077026367188,35.189125061035156,416.1397705078125,88.1169204711914,56.623817443847656,139.21849060058594,23.589818954467773,117.9491958618164,465.86004638671875,101.01986694335938,107.06031036376953,144.39501953125,113.2479248046875,44.58692932128906,61.36228561401367,58.37866973876953,154.89036560058594,57.941917419433594,254.3893585205078,321.4859619140625,327.2124328613281,179.7899932861328,183.98854064941406,126.1832504272461,388.04718017578125
2024-05-06,179.75042724609375,405.6448059082031,91.87802124023438,115.46873474121094,44.36879348754883,183.2427978515625,35.60478973388672,421.3536071777344,89.19908142089844,56.859989166259766,138.57493591308594,23.88671112060547,118.00470733642578,467.6858825683594,100.77185821533203,107.75251770019531,146.24220275878906,114.47091674804688,44.86758804321289,61.96265411376953,58.42747116088867,154.8715362548828,58.10967254638672,253.4293670654297,320.9608459472656,332.410888671875,178.35000610351562,183.2274627685547,126.39005279541016,388.89886474609375
2024-05-07,180.43296813964844,401.52496337890625,90.29653930664062,115.06868743896484,44.52889633178711,183.00421142578125,35.746482849121094,421.47705078125,90.1401138305664,56.92611312866211,138.70550537109375,23.555889129638672,120.60401153564453,473.91058349609375,101.27743530273438,107.21723175048828,146.57559204101562,114.46165466308594,45.06405258178711,62.010311126708984,59.15939712524414,156.11471557617188,58.3613166809082,251.7355194091797,319.4605712890625,335.2287292480469,176.7100067138672,184.9657745361328,126.75196838378906,392.5087585449219
2024-05-08,180.7693328857422,402.70208740234375,90.15493774414062,114.54178619384766,45.206993103027344,186.72633361816406,35.623680114746094,424.46868896484375,89.99895477294922,57.84244918823242,138.92001342773438,23.98001480102539,119.83623504638672,476.0390625,100.10411834716797,107.19877624511719,146.4584197998047,114.01692199707031,44.774044036865234,60.6856689453125,58.84711456298828,155.46485900878906,58.57566833496094,252.66720581054688,317.7164001464844,334.7428894042969,180.35000610351562,186.09329223632812,127.3379898071289,392.3636169433594
2024-05-09,182.57960510253906,404.4481201171875,88.49465942382812,113.80998229980469,45.009220123291016,188.4919891357422,36.16215133666992,432.6455383300781,92.32325744628906,58.22249221801758,139.75942993164062,24.26416015625,120.46524047851562,479.6527404785156,99.84656524658203,109.31229400634766,149.0805206298828,114.32269287109375,45.35405731201172,61.21933364868164,59.187904357910156,156.37840270996094,58.6036376953125,252.1590118408203,325.7899475097656,341.8167419433594,181.25,188.5175323486328,127.587890625,395.8282470703125
2024-05-10,181.32159423828125,406.8218688964844,89.6224594116211,113.8392562866211,45.26351547241211,189.70404052734375,36.32273483276367,431.8573303222656,92.48323822021484,58.80205535888672,139.8153839111328,24.11778450012207,120.3079833984375,485.1206970214844,99.91332244873047,108.8692626953125,149.4139404296875,113.66999816894531,45.37276840209961,60.58084487915039,59.22707748413086,157.14129638671875,58.95778274536133,258.7935791015625,324.8428649902344,344.7414245605469,178.50999450683594,190.6693115234375,128.40689086914062,394.7539978027344
2024-05-13,184.5210723876953,405.8212890625,90.14197540283203,113.54652404785156,45.84742736816406,189.6658935546875,36.09602355957031,430.7461242675781,92.74671173095703,58.203495025634766,141.03717041015625,24.4880313873291,119.59571075439453,484.10845947265625,99.94194030761719,108.82313537597656,148.25157165527344,113.37162780761719,45.606651306152344,59.951873779296875,59.158531188964844,156.21832275390625,59.25602722167969,255.3303985595703,319.7137145996094,346.57794189453125,178.44000244140625,191.49615478515625,131.22128295898438,394.8507995605469
2024-05-14,185.6602020263672,408.60711669921875,91.09625244140625,117.93736267089844,46.10172653198242,192.31906127929688,36.360530853271484,435.4091796875,93.51835632324219,58.80205535888672,141.18641662597656,24.43636703491211,119.01296997070312,486.1329345703125,99.21697235107422,109.48373413085938,147.4225616455078,112.85879516601562,45.48503112792969,60.094825744628906,58.61992263793945,156.11471557617188,58.80867004394531,254.70928955078125,319.28240966796875,348.03546142578125,180.75999450683594,190.9417724609375,128.903564453125,399.486572265625
2024-05-15,187.92860412597656,415.7511901855469,94.36094665527344,118.67890930175781,46.779823303222656,192.89170837402344,36.75728988647461,442.6458740234375,94.59112548828125,59.22960662841797,142.38955688476562,24.815227508544922,121.85276794433594,489.60479736328125,99.7702407836914,110.3304214477539,146.91799926757812,112.54177856445312,45.19502258300781,60.39977264404297,58.590545654296875,156.82107543945312,58.836631774902344,257.7301330566406,326.9433288574219,349.8427734375,176.99000549316406,192.68011474609375,128.903564453125,400.68658447265625
2024-05-16,188.04745483398438,413.69732666015625,94.09071350097656,119.1960678100586,45.5272216796875,193.2352752685547,37.050140380859375,441.1549072265625,93.70655822753906,58.01346969604492,143.89114379882812,24.90133285522461,121.06652069091797,493.1239318847656,100.03734588623047,109.6698226928711,146.6176300048828,111.73058319091797,45.29793167114258,59.904232025146484,62.6839485168457,158.09251403808594,59.01370620727539,257.391357421875,321.3734436035156,340.78680419921875,182.9600067138672,195.17384338378906,130.40223693847656,381.72747802734375
2024-05-17,188.07717895507812,412.9308776855469,92.21604919433594,120.5035400390625,45.36710739135742,195.44943237304688,37.116268157958984,444.19390869140625,94.30880737304688,58.032470703125,144.2268829345703,24.66023826599121,121.3532485961914,496.30255126953125,99.29328155517578,111.31668090820312,148.05569458007812,113.48351287841797,45.45697021484375,60.42835998535156,63.310691833496094,157.8853302001953,58.74342727661133,256.3279113769531,322.7611999511719,346.1795654296875,184.9499969482422,194.55987548828125,130.03628540039062,384.2340393066406
2024-05-20,189.23614501953125,417.97210693359375,94.51051330566406,121.49879455566406,44.38762664794922,186.65953063964844,36.672271728515625,439.6543273925781,94.41231536865234,57.67143630981445,142.22427368164062,24.565526962280273,121.16826629638672,489.30206298828125,98.4538345336914,110.41415405273438,146.66314697265625,112.71894073486328,45.12018585205078,60.58084487915039,62.850425720214844,157.57452392578125,58.31471633911133,252.08372497558594,316.7694091796875,352.4760437011719,186.61000061035156,193.28463745117188,128.5985870361328,378.87249755859375
2024-05-21,190.5337677001953,421.6080017089844,95.11479187011719,121.60613250732422,44.20867919921875,190.4198455810547,37.45635223388672,446.7486267089844,95.54154205322266,58.39351272583008,142.19606018066406,24.591354370117188,120.95550537109375,495.28082275390625,98.2153549194336,109.6512222290039,145.5982666015625,112.27139282226562,45.17631149291992,60.37118911743164,63.800331115722656,158.5540313720703,58.63158416748047,250.2015838623047,315.2034912109375,348.9002685546875,184.77999877929688,192.23614501953125,126.70783996582031,374.28515625
2024-05-22,189.09744262695312,423.06231689453125,94.68002319335938,121.57684326171875,44.670166015625,189.26499938964844,37.560264587402344,439.12249755859375,94.79814147949219,57.889957427978516,144.32090759277344,25.486841201782227,121.27003479003906,493.1996154785156,99.98963928222656,107.44609832763672,143.41387939453125,110.2014389038086,43.48301315307617,59.7136344909668,63.898258209228516,158.04544067382812,58.71546936035156,250.10740661621094,309.9898986816406,345.85894775390625,186.27999877929688,191.56546020507812,125.27014923095703,373.57867431640625
2024-05-23,185.11541748046875,419.603271484375,103.5038833618164,121.07923126220703,43.88846206665039,187.93838500976562,37.00290298461914,435.10528564453125,93.08549499511719,56.70232391357422,140.7481231689453,24.703292846679688,121.26075744628906,488.9236145019531,99.42683410644531,105.61314392089844,142.84046936035156,109.69792938232422,43.333335876464844,59.046546936035156,63.49675369262695,155.86045837402344,57.86735534667969,242.7294921875,306.5204772949219,340.767333984375,172.2100067138672,188.34434509277344,121.2010726928711,367.02667236328125
2024-05-24,188.18612670898438,422.70855712890625,106.16627502441406,119.9278564453125,43.71894073486328,191.5555419921875,37.50358200073242,437.9828796386719,93.1325454711914,57.20588302612305,138.18136596679688,24.86688804626465,119.78073120117188,480.73126220703125,99.15973663330078,105.52940368652344,143.57769775390625,109.32498931884766,43.25849533081055,59.03702163696289,64.02557373046875,155.709716796875,57.783477783203125,242.8988800048828,304.8420715332031,339.0182800292969,174.52000427246094,188.62774658203125,120.81767272949219,362.8844909667969
2024-05-28,188.196044921875,422.86578369140625,113.5771484375,121.46951293945312,43.58707809448242,190.4007110595703,37.14460372924805,436.6817932128906,92.85023498535156,56.51230239868164,135.74627685546875,24.367483139038086,116.63565826416016,476.4837341308594,97.25189971923828,106.86922454833984,144.75180053710938,110.91938781738281,43.5297966003418,59.2847900390625,63.69261932373047,153.61895751953125,57.615726470947266,238.59820556640625,308.21771240234375,336.6571350097656,175.0800018310547,188.14599609375,119.87666320800781,357.37774658203125
2024-05-29,188.49322509765625,421.7357482910156,114.49851989746094,120.73771667480469,43.39872360229492,189.07412719726562,36.57780456542969,434.1745300292969,91.53280639648438,55.818729400634766,135.8026885986328,23.954187393188477,116.45990753173828,458.5474548339844,96.08812713623047,105.72479248046875,142.8040771484375,107.46015930175781,42.69717788696289,58.24604034423828,63.57508850097656,152.24388122558594,57.50387954711914,234.67393493652344,305.6015930175781,328.53387451171875,171.64999389648438,186.15286254882812,117.11457061767578,353.2259216308594
2024-05-30,189.48377990722656,407.48687744140625,110.18582153320312,114.24905395507812,43.436397552490234,190.23849487304688,36.49277877807617,430.1712951660156,91.49517822265625,56.255775451660156,136.5924530029297,24.281383514404297,115.19264221191406,455.6432189941406,97.05157470703125,106.05974578857422,144.04188537597656,105.90303039550781,42.65040588378906,58.33180618286133,63.545719146728516,153.11976623535156,57.75551986694336,237.21484375,310.8135986328125,329.6416320800781,172.75,189.78018188476562,119.24929809570312,356.4874267578125
2024-05-31,190.43470764160156,407.9389343261719,109.32129669189453,114.34663391113281,43.79428482055664,193.3879852294922,37.77754211425781,436.18096923828125,92.0691909790039,56.93035125732422,137.89932250976562,24.677459716796875,116.12691497802734,468.62237548828125,97.48084259033203,109.10226440429688,147.7189178466797,108.60702514648438,42.93105697631836,59.5611572265625,64.39769744873047,154.9656982421875,58.650230407714844,243.6329345703125,316.1860656738281,328.9322509765625,177.61000061035156,190.98924255371094,121.05291748046875,362.69097900390625
2024-06-03,192.19790649414062,406.3567810058594,114.67301940917969,116.38592529296875,43.9355583190918,192.6149444580078,37.67362594604492,434.7095947265625,91.66455841064453,56.379295349121094,138.9053497314453,25.237138748168945,118.79096984863281,470.58062744140625,98.12950897216797,106.48774719238281,143.31373596191406,106.17342376708984,41.22841262817383,57.72190856933594,64.45645904541016,155.06930541992188,58.650230407714844,246.02928161621094,309.7088317871094,321.9751281738281,184.57000732421875,191.24429321289062,120.60859680175781,356.2648010253906
2024-06-04,192.51487731933594,408.8625793457031,116.10592651367188,117.15675354003906,44.66074752807617,190.0762481689453,37.48469543457031,435.0153503417969,90.88350677490234,55.77122116088867,138.96176147460938,25.392126083374023,119.05923461914062,478.19598388671875,98.66370391845703,104.83158111572266,142.10324096679688,104.68157958984375,40.61096954345703,57.07387924194336,65.22028350830078,157.29197692871094,59.59153747558594,248.8424072265625,309.94488525390625,318.29241943359375,188.6199951171875,195.75006103515625,118.17758178710938,357.47454833984375
2024-06-05,194.02052307128906,416.66510009765625,122.09186553955078,119.65464782714844,43.34221649169922,188.26290893554688,37.749202728271484,441.11114501953125,90.95878601074219,55.752220153808594,137.24118041992188,25.44378662109375,119.74373626708984,475.9538879394531,98.47293090820312,105.2502670288086,141.0565643310547,104.64427947998047,40.67216491699219,57.0262336730957,65.70014190673828,156.38787841796875,59.572906494140625,246.25657653808594,311.8333435058594,320.1191711425781,189.85000610351562,197.67703247070312,119.8679428100586,359.0423583984375
2024-06-06,192.64364624023438,417.166259765625,120.6539535522461,120.5035400390625,43.540000915527344,187.92886352539062,37.50358200073242,437.6906433105469,91.13758087158203,54.8496208190918,137.66427612304688,24.798006057739258,120.73351287841797,474.81878662109375,99.4649887084961,106.0411376953125,141.92120361328125,104.6163101196289,41.10525131225586,57.25495147705078,65.75889587402344,158.6669921875,59.78726577758789,246.94805908203125,312.6264343261719,318.99200439453125,191.4199981689453,196.90245056152344,119.85921478271484,359.3133850097656
2024-06-07,195.03089904785156,416.5079040527344,120.54428100585938,122.86481475830078,43.172691345214844,190.83018493652344,37.80772018432617,434.6427001953125,91.41047668457031,55.448184967041016,138.2847900390625,24.608577728271484,120.87226104736328,464.195068359375,102.6224594116211,104.9060287475586,142.05772399902344,104.42981719970703,41.94317626953125,56.68315887451172,64.51520538330078,157.33908081054688,59.56358337402344,242.67626953125,308.7835388183594,319.6235656738281,190.24000549316406,197.2141876220703,119.9289321899414,356.7099914550781
2024-06-10,191.29649353027344,420.45819091796875,121.44371795654297,121.47928619384766,43.182098388671875,190.50572204589844,37.70317840576172,433.3433532714844,90.70472717285156,55.039642333984375,138.3318328857422,24.169443130493164,121.63077545166016,468.2723693847656,102.53661346435547,105.21307373046875,142.658447265625,105.64195251464844,42.34800720214844,57.8501091003418,65.57283020019531,157.61221313476562,59.265342712402344,240.40304565429688,314.0050354003906,320.27459716796875,190.1199951171875,199.06561279296875,119.96376037597656,356.4389343261719
2024-06-11,205.1940155029297,425.18487548828125,120.57613372802734,120.87432098388672,43.10676193237305,185.49517822265625,36.93333053588867,424.4767761230469,89.80133819580078,54.27955627441406,137.98394775390625,24.13500213623047,121.95452117919922,469.4265441894531,100.93402862548828,104.36637115478516,142.43089294433594,105.94963836669922,42.32917785644531,57.974449157714844,65.34760284423828,157.73463439941406,59.228065490722656,240.8482208251953,316.9886779785156,318.039794921875,185.5,197.87539672851562,119.67626190185547,353.37109375
2024-06-12,211.05812072753906,433.4197082519531,124.8542709350586,136.97396850585938,42.965492248535156,182.79428100585938,37.456058502197266,428.7093811035156,90.00836181640625,54.441070556640625,136.71469116210938,23.816415786743164,120.4375,466.44659423828125,99.5699234008789,103.212646484375,140.36485290527344,104.60698699951172,42.09381103515625,57.677940368652344,64.9363021850586,155.56845092773438,58.6036376953125,241.03762817382812,324.93890380859375,319.4195861816406,182.6699981689453,196.94967651367188,118.87461853027344,358.1713562011719
2024-06-13,212.21707153320312,433.93072509765625,129.25210571289062,136.4568328857422,42.871307373046875,184.82711791992188,37.313507080078125,426.464111328125,89.59431457519531,54.412567138671875,136.75225830078125,23.80780601501465,119.66973876953125,470.4482116699219,98.68277740478516,102.38455200195312,139.1088104248047,103.39485168457031,41.2464714050293,57.19968032836914,65.3182144165039,156.72691345214844,58.70615005493164,240.29884338378906,328.4702453613281,317.1166687011719,180.6999969482422,197.07249450683594,117.53279113769531,365.7782897949219
2024-06-14,210.4835968017578,434.903564453125,131.5158233642578,134.778564453125,43.02199935913086,184.94163513183594,37.294490814208984,426.5691833496094,89.8672103881836,54.53608322143555,136.83689880371094,23.704483032226562,119.771484375,470.27789306640625,98.90217590332031,101.51924896240234,138.8630828857422,101.99623107910156,40.48386764526367,57.23794174194336,65.631591796875,157.08477783203125,58.748409271240234,240.18519592285156,327.4882507324219,312.36517333984375,177.27000427246094,196.97804260253906,118.19499206542969,365.8266296386719
2024-06-17,214.6241455078125,440.6031188964844,130.61831665039062,137.88140869140625,43.031410217285156,186.08689880371094,37.55109786987305,430.1235046386719,91.3163833618164,55.33417892456055,137.22239685058594,23.23090934753418,118.6455078125,464.77734375,98.68277740478516,100.8214340209961,139.4273681640625,102.13610076904297,41.077003479003906,57.5822868347168,66.02330017089844,157.75347900390625,58.81416320800781,240.11891174316406,329.9997863769531,313.26885986328125,178.38999938964844,200.20855712890625,118.3692626953125,367.0073547363281
2024-06-18,212.26658630371094,438.6082458496094,135.20562744140625,141.13064575195312,43.295127868652344,188.0147705078125,38.00730895996094,437.05047607421875,91.81511688232422,56.103763580322266,136.9403076171875,23.601160049438477,119.10148620605469,457.006103515625,99.19789123535156,101.77046203613281,139.55479431152344,102.014892578125,41.83960723876953,58.596195220947266,66.1995849609375,158.75181579589844,58.823551177978516,237.54257202148438,334.1259765625,315.9312744140625,174.99000549316406,201.07760620117188,116.93157958984375,370.4333190917969
2024-06-20,207.70010375976562,437.9793701171875,130.4188690185547,139.44259643554688,44.00148391723633,189.6085968017578,38.00730895996094,437.6428527832031,91.69277954101562,56.01824951171875,138.9429473876953,23.88530158996582,120.66480255126953,460.3027038574219,101.65900421142578,103.9662857055664,142.5674285888672,103.80510711669922,42.7999267578125,59.72488021850586,66.60108947753906,157.91357421875,58.400901794433594,240.39356994628906,333.7200012207031,319.80828857421875,176.3000030517578,202.27723693847656,119.25800323486328,369.242919921875
2024-06-21,205.5308074951172,441.9886779785156,126.22049713134766,138.0668182373047,44.53831481933594,187.34669494628906,37.532100677490234,430.1235046386719,90.48828125,55.20115280151367,139.85494995117188,23.88530158996582,121.64189147949219,458.4692077636719,100.84817504882812,103.05445861816406,141.32958984375,103.81442260742188,42.98822021484375,58.270973205566406,66.50316619873047,158.46922302246094,58.95504379272461,245.6883087158203,335.9482727050781,318.55474853515625,176.55999755859375,203.1746368408203,119.02275085449219,362.96197509765625
2024-06-24,206.1746826171875,439.91522216796875,117.78384399414062,136.49588012695312,44.52889633178711,189.8090057373047,38.03582000732422,441.50286865234375,91.37284088134766,56.065757751464844,140.20281982421875,24.41914939880371,123.72635650634766,465.4898376464844,100.4475326538086,106.11558532714844,144.99752807617188,107.38556671142578,44.70172119140625,60.499664306640625,67.47265625,158.648193359375,60.082115173339844,246.62600708007812,331.3028564453125,320.65362548828125,179.10000610351562,203.93031311035156,120.76541137695312,365.9911193847656
2024-06-25,207.0958709716797,443.1383972167969,125.74180603027344,135.7933349609375,44.623085021972656,189.0359649658203,37.427555084228516,437.002685546875,92.03155517578125,54.346065521240234,138.3882293701172,24.100563049316406,123.68910217285156,460.28369140625,100.62876892089844,106.41331481933594,144.22390747070312,107.21772766113281,44.73938751220703,60.35618209838867,66.02330017089844,157.14129638671875,59.96000671386719,243.78448486328125,319.4436340332031,318.1272277832031,175.10000610351562,202.57009887695312,117.07099914550781,357.5713195800781
2024-06-26,211.2364044189453,444.3274841308594,126.05097198486328,134.87611389160156,44.133331298828125,188.42514038085938,37.06639099121094,435.55035400390625,91.17521667480469,54.1655387878418,138.0403594970703,23.609771728515625,122.36772155761719,459.84674072265625,100.04688262939453,106.45053100585938,141.93942260742188,105.9310073852539,43.524864196777344,60.13618469238281,66.87528228759766,157.7063751220703,60.157249450683594,244.2106475830078,322.74835205078125,317.4761962890625,178.5,201.60659790039062,120.37332153320312,364.13299560546875
2024-06-27,212.07839965820312,445.0054626464844,123.64762115478516,136.77882385253906,44.689002990722656,190.08580017089844,37.303993225097656,426.09149169921875,90.12128448486328,54.555084228515625,137.0813446044922,23.93696403503418,120.80439758300781,462.1268005371094,99.82748413085938,106.90644836425781,142.27618408203125,106.26667785644531,44.25922775268555,59.964012145996094,66.4737777709961,156.92465209960938,60.025760650634766,244.53273010253906,322.43670654296875,318.185546875,182.50999450683594,202.50396728515625,118.3518295288086,364.6556396484375
2024-06-28,208.63124084472656,439.2077331542969,123.19886779785156,137.7740936279297,44.745513916015625,193.03485107421875,37.798213958740234,432.1681213378906,91.45753479003906,56.426788330078125,137.41981506347656,24.09195327758789,115.20247650146484,483.80615234375,99.12158203125,107.11115264892578,142.36717224121094,106.6489486694336,44.419281005859375,60.28922653198242,66.30728912353516,155.32359313964844,59.78156280517578,241.37864685058594,325.0332946777344,323.665771484375,182.00999450683594,201.71051025390625,119.24059295654297,363.0136413574219
2024-07-01,214.703369140625,448.81829833984375,123.9567642211914,139.6182403564453,44.75492858886719,196.07936096191406,38.02631378173828,443.0029296875,93.31133270263672,57.56692123413086,137.68309020996094,24.29860496520996,119.01773834228516,469.9263610839844,98.44430541992188,106.96226501464844,142.45822143554688,106.63030242919922,43.85438537597656,60.145751953125,66.08206176757812,153.25161743164062,59.434043884277344,236.78485107421875,317.43243408203125,319.7596435546875,186.6999969482422,199.26394653320312,118.45641326904297,350.7327575683594
2024-07-02,218.1901397705078,451.3240661621094,122.33125305175781,139.80360412597656,44.52889633178711,199.30519104003906,38.90071105957031,444.8660583496094,93.77241516113281,57.9279670715332,137.29759216308594,23.962793350219727,118.85023498535156,473.33697509765625,98.44430541992188,106.23651885986328,142.66754150390625,106.40652465820312,43.957942962646484,59.64836502075195,66.65982818603516,154.36294555664062,59.311946868896484,234.70103454589844,316.28045654296875,318.47705078125,185.4199981689453,201.4176788330078,117.55020904541016,354.5802307128906
2024-07-03,219.4580535888672,452.788330078125,127.92578887939453,140.876953125,44.34994888305664,199.17160034179688,38.872196197509766,447.0731201171875,94.28997039794922,57.6334228515625,136.9779052734375,23.850862503051758,117.11009979248047,465.4043273925781,97.61438751220703,106.77617645263672,142.63116455078125,107.01258850097656,44.54167556762695,59.6100959777832,66.8263168334961,154.2970428466797,59.48101043701172,236.79429626464844,315.0247497558594,321.24627685546875,184.30999755859375,200.6903076171875,118.10787200927734,352.4816589355469
2024-07-05,224.2028045654297,459.4607238769531,125.48253631591797,141.31602478027344,44.31195831298828,196.532470703125,38.4064826965332,444.0443115234375,93.7159652709961,56.64531707763672,137.72067260742188,24.152223587036133,117.6684341430664,463.6183166503906,99.22650146484375,105.4828872680664,140.44674682617188,104.9426498413086,43.44013214111328,59.1031494140625,68.58902740478516,155.5967254638672,59.88487243652344,237.8267364501953,315.9122619628906,319.0503234863281,184.8300018310547,200.4824981689453,118.80492401123047,349.800048828125
2024-07-08,225.66883850097656,458.16357421875,127.8459701538086,141.51116943359375,43.751529693603516,196.89712524414062,38.60607147216797,444.1112365722656,94.65699005126953,56.065757751464844,136.7804718017578,24.048898696899414,117.04497528076172,464.88177490234375,97.4140625,104.37567901611328,140.46495056152344,104.64427947998047,43.53428268432617,58.29967498779297,68.23648071289062,156.83050537109375,59.133487701416016,234.7578582763672,320.6521911621094,319.7402038574219,185.83999633789062,199.9063262939453,118.0904312133789,344.9129638671875
2024-07-09,226.52072143554688,451.5796203613281,131.0172119140625,137.26670837402344,43.50456237792969,199.2579803466797,39.36640548706055,451.7643127441406,96.557861328125,56.8923454284668,138.256591796875,23.868078231811523,117.28690338134766,467.51336669921875,96.95619201660156,103.2219467163086,139.23623657226562,103.67457580566406,42.55514144897461,58.36662292480469,68.4519271850586,156.02053833007812,58.87990188598633,232.83511352539062,318.28216552734375,316.8251647949219,183.24000549316406,198.933349609375,117.00128173828125,338.92803955078125
2024-07-10,230.78013610839844,458.1733093261719,134.53746032714844,138.62298583984375,43.95100402832031,199.4210968017578,39.6705436706543,457.55438232421875,97.35770416259766,56.74032974243164,140.4942626953125,24.410537719726562,118.45941162109375,475.8924865722656,98.30120849609375,104.13375854492188,141.193115234375,104.92399597167969,42.63045120239258,58.73966598510742,68.95137786865234,157.09420776367188,59.01140213012695,237.2584228515625,324.9766540527344,319.1766357421875,183.72999572753906,202.6078643798828,118.19499206542969,341.5415954589844
2024-07-11,225.4212188720703,446.8234558105469,127.04821014404297,139.68951416015625,44.416446685791016,199.085205078125,39.73707580566406,457.87921142578125,98.46810150146484,57.15837478637695,140.7481231689453,24.677459716796875,120.01343536376953,479.1510314941406,99.37913513183594,105.37122344970703,141.31137084960938,106.28530883789062,43.487205505371094,58.8066291809082,68.35400390625,155.9075164794922,59.26498794555664,241.3407440185547,334.0505065917969,321.7515563964844,183.91000366210938,202.9479217529297,120.45172882080078,351.32537841796875
2024-07-12,228.36314392089844,445.6933288574219,128.8831329345703,141.65631103515625,45.00537109375,196.67640686035156,39.527976989746094,458.500244140625,97.95054626464844,53.718997955322266,140.91738891601562,24.90133285522461,118.88745880126953,485.9627380371094,99.41728973388672,105.38984680175781,141.61172485351562,105.49276733398438,43.7037467956543,58.53880310058594,67.80559539794922,156.91525268554688,59.82851791381836,240.48831176757812,339.69683837890625,326.085205078125,182.30999755859375,203.19351196289062,124.0328598022461,354.9494323730469
2024-07-15,232.18670654296875,446.09625244140625,128.08534240722656,139.99288940429688,45.02437210083008,201.58038330078125,39.81310272216797,470.300048828125,99.05155181884766,54.8496208190918,140.31564331054688,25.056320190429688,119.22245025634766,489.6108093261719,98.7364273071289,107.19488525390625,143.84165954589844,106.82611846923828,45.15363693237305,59.304012298583984,68.16793823242188,155.00338745117188,59.5561408996582,238.2434539794922,338.4599304199219,335.9769287109375,179.11000061035156,203.7697296142578,125.60124969482422,361.10931396484375
2024-07-16,232.6027374267578,441.733154296875,126.01107025146484,139.54275512695312,45.043365478515625,205.0064239501953,41.94205093383789,480.60931396484375,99.95491790771484,57.2343864440918,141.97982788085938,25.400737762451172,116.72858428955078,521.4363403320312,98.50626373291016,107.9671401977539,143.5959014892578,107.40422821044922,45.869171142578125,59.418792724609375,68.54004669189453,157.2354736328125,60.36387252807617,243.68028259277344,348.5251159667969,350.36749267578125,186.0500030517578,206.36740112304688,128.37203979492188,366.78338623046875
2024-07-17,226.71885681152344,435.8371276855469,117.66417694091797,136.26478576660156,46.088233947753906,208.12538146972656,41.79948425292969,479.8067321777344,100.6512680053711,57.87095642089844,147.2167205810547,25.85708999633789,117.14733123779297,544.62646484375,100.38585662841797,109.45582580566406,146.7450408935547,108.23405456542969,46.03863525390625,60.40401077270508,69.55852508544922,159.58056640625,61.24675369262695,247.2132110595703,351.1405944824219,347.66619873046875,184.83999633789062,208.01100158691406,128.41563415527344,374.18682861328125
2024-07-18,222.06320190429688,432.7416687011719,120.75560760498047,135.061279296875,45.63228225708008,201.51318359375,40.87757873535156,464.5482482910156,98.62808990478516,56.28427505493164,146.12608337402344,25.581554412841797,115.6212158203125,536.1332397460938,95.9649658203125,110.53512573242188,147.41859436035156,108.72823333740234,45.869171142578125,60.95879364013672,69.3528823852539,158.63877868652344,61.227962493896484,245.81141662597656,345.6547546386719,345.9463806152344,180.22999572753906,205.6116943359375,126.13273620605469,369.8244323730469
2024-07-19,222.19200134277344,429.5381774902344,117.60436248779297,135.57986450195312,44.94837951660156,201.3212432861328,40.773033142089844,463.3252868652344,96.06851196289062,56.274776458740234,145.43972778320312,25.805423736572266,117.0356674194336,537.0736694335938,97.84457397460938,107.99504089355469,144.8519287109375,106.62098693847656,46.763572692871094,60.38488006591797,69.2843246459961,159.1381072998047,61.32188415527344,243.68975830078125,343.0865173339844,337.78424072265625,179.6699981689453,202.72120666503906,126.49871826171875,367.3177185058594
2024-07-22,221.8452911376953,435.26715087890625,123.19886779785156,137.15524291992188,44.47344207763672,201.80111694335938,40.20277786254883,465.3412780761719,96.39788055419922,56.18927001953125,145.0166473388672,25.486841201782227,116.9612045288086,530.6136474609375,99.46524047851562,107.25068664550781,142.885986328125,104.72819519042969,46.54703140258789,58.548362731933594,68.9219741821289,159.41285705566406,60.83348846435547,245.83038330078125,342.9826354980469,339.3940734863281,178.89999389648438,204.95046997070312,126.49871826171875,368.47393798828125
2024-07-23,222.8853759765625,437.1440734863281,122.25148010253906,140.03199768066406,44.036495208740234,201.8490753173828,40.30732727050781,470.22357177734375,97.39535522460938,56.69282913208008,143.23968505859375,25.400737762451172,115.74219512939453,526.9750366210938,99.65704345703125,105.52011108398438,140.2465362548828,103.33889770507812,46.17985534667969,57.78315734863281,69.1864013671875,157.86846923828125,61.01193618774414,240.63037109375,339.55517578125,335.7842102050781,186.47999572753906,205.33775329589844,111.25056457519531,360.9635314941406
2024-07-24,216.47645568847656,421.4703674316406,113.93452453613281,135.78533935546875,44.50193405151367,200.1792449951172,40.098236083984375,465.0164794921875,95.95559692382812,56.47429656982422,146.9346466064453,25.814035415649414,117.17523956298828,531.7725219726562,102.86002349853516,107.00878143310547,141.1384735107422,103.59066009521484,45.21953582763672,57.45793533325195,69.13742065429688,159.1759796142578,61.81028366088867,239.9862823486328,330.7646179199219,327.852294921875,180.07000732421875,201.81439208984375,111.99116516113281,358.89410400390625
2024-07-25,215.43637084960938,411.15228271484375,111.96996307373047,134.8557891845703,44.87238693237305,200.2560272216797,39.6135139465332,469.8032531738281,97.45181274414062,56.7213249206543,150.09373474121094,25.986244201660156,117.11009979248047,531.7059326171875,101.61334991455078,109.26042175292969,143.38658142089844,103.52538299560547,45.407840728759766,57.89793014526367,68.5694351196289,158.13377380371094,62.05447769165039,238.1772003173828,333.578369140625,335.9110412597656,184.35000610351562,191.23483276367188,110.72776794433594,370.8446044921875
2024-07-26,215.90194702148438,417.90325927734375,112.747802734375,136.0201873779297,45.480308532714844,203.68206787109375,39.604007720947266,476.7970886230469,98.0446548461914,57.37690353393555,151.03392028808594,26.86817169189453,116.56107330322266,541.2442016601562,100.92288970947266,109.16739654541016,143.65960693359375,103.36686706542969,45.97272872924805,57.90750503540039,68.33441162109375,160.22769165039062,62.97492218017578,238.68865966796875,339.4513244628906,341.94049072265625,186.88999938964844,191.50875854492188,112.2525634765625,375.56646728515625
2024-07-29,216.17929077148438,419.3379821777344,111.28185272216797,135.33522033691406,45.584800720214844,202.34811401367188,39.052772521972656,470.7681884765625,96.4355239868164,56.6168098449707,149.0783233642578,26.82451057434082,118.90606689453125,538.4227905273438,100.47216796875,108.02296447753906,142.53103637695312,101.74447631835938,45.05949020385742,57.563148498535156,68.17772674560547,161.004638671875,62.768287658691406,247.611083984375,341.49078369140625,336.13543701171875,185.42999267578125,190.24301147460938,112.06088256835938,366.0643615722656
2024-07-30,216.73402404785156,415.593994140625,103.44355773925781,132.75198364257812,45.72727966308594,206.51309204101562,39.23334503173828,483.1413269042969,97.64002227783203,57.0158576965332,151.6826934814453,27.409549713134766,107.24624633789062,547.52392578125,100.99960327148438,109.94895935058594,145.23419189453125,102.4811019897461,44.82411193847656,57.64924240112305,67.75662994384766,153.20689392089844,63.56662368774414,252.36587524414062,343.3981018066406,333.3939514160156,186.86000061035156,191.414306640625,112.42684173583984,361.2064514160156
2024-07-31,219.9830322265625,411.1031188964844,116.69685363769531,136.45074462890625,46.021751403808594,204.219482421875,38.311439514160156,486.3515930175781,97.99607849121094,56.379295349121094,148.4107666015625,26.667335510253906,105.27346801757812,547.3623657226562,101.59416961669922,110.33972930908203,146.0533447265625,103.68388366699219,45.464332580566406,58.17531967163086,67.218017578125,152.31629943847656,62.683753967285156,251.38084411621094,347.61871337890625,337.7648010253906,190.60000610351562,193.4074249267578,113.59442138671875,361.4104919433594
2024-08-01,216.29818725585938,409.8846130371094,108.90841674804688,134.55242919921875,45.01486587524414,199.57464599609375,37.54159927368164,477.83856201171875,96.61931610107422,54.042030334472656,151.14675903320312,26.763383865356445,105.9155502319336,544.1417846679688,105.6314697265625,108.81382751464844,138.9085693359375,101.06382751464844,43.92970275878906,56.797943115234375,68.3442153930664,156.9873504638672,63.82960891723633,254.55389404296875,338.57318115234375,323.44244384765625,178.30999755859375,193.24685668945312,113.77738189697266,347.74029541015625
2024-08-02,217.78399658203125,401.4139404296875,106.97378540039062,130.41343688964844,44.32145309448242,191.11029052734375,35.716793060302734,449.6719055175781,91.00788879394531,50.6026496887207,154.32461547851562,26.571287155151367,107.19970703125,560.34912109375,106.7438735961914,108.74870300292969,135.2042236328125,98.62091827392578,42.30093765258789,55.16229248046875,67.04176330566406,161.14675903320312,65.11634826660156,262.074462890625,335.59893798828125,313.05194091796875,169.9499969482422,192.40615844726562,111.58164978027344,343.6984558105469
2024-08-05,207.29397583007812,388.30499267578125,100.17261505126953,125.11000061035156,42.497684478759766,187.041259765625,34.832908630371094,438.5696105957031,87.41883850097656,49.5195198059082,151.60745239257812,25.968778610229492,104.51040649414062,541.4722900390625,104.173828125,106.78547668457031,131.6636962890625,97.50202941894531,41.20882034301758,53.73709487915039,66.18978118896484,159.23284912109375,63.961090087890625,254.26971435546875,330.48138427734375,309.0810852050781,167.02999877929688,188.6466522216797,109.80415344238281,335.0416259765625
2024-08-06,205.27325439453125,392.6877136230469,103.9621353149414,125.45246124267578,42.896636962890625,192.2619171142578,35.089515686035156,449.2706298828125,88.27339172363281,49.7475471496582,149.46380615234375,25.602039337158203,103.43097686767578,539.9426879882812,105.00814056396484,106.21793365478516,130.3621826171875,98.64889526367188,40.86046600341797,53.689266204833984,66.33668518066406,159.2612762451172,63.91415023803711,255.79466247558594,334.16375732421875,318.4862365722656,165.0399932861328,187.78704833984375,108.47974395751953,336.22698974609375
2024-08-07,207.8388214111328,391.5282287597656,98.63687133789062,123.19215393066406,42.858638763427734,192.31948852539062,35.4506721496582,451.9363708496094,87.45682525634766,49.68104553222656,149.39796447753906,25.191638946533203,104.67790985107422,537.7861938476562,105.43008422851562,107.6321792602539,129.6158447265625,99.7025146484375,40.35205841064453,53.670135498046875,65.52387237548828,161.08990478515625,64.29920959472656,255.14117431640625,323.2959289550781,317.86175537109375,163.24000549316406,186.95579528808594,107.45159149169922,336.1492919921875
2024-08-08,211.29586791992188,395.71435546875,104.68013763427734,126.18634033203125,43.533050537109375,195.8319091796875,36.31556701660156,464.1278381347656,89.84951782226562,50.12759780883789,150.63905334472656,25.11305046081543,106.00859069824219,537.9381713867188,105.25747680664062,109.68842315673828,131.50900268554688,100.95193481445312,41.13349533081055,55.984901428222656,66.25833129882812,161.895263671875,64.55282592773438,256.8649597167969,328.90460205078125,327.9693603515625,168.8699951171875,188.75054931640625,109.9697036743164,339.2194519042969
2024-08-09,214.1981964111328,398.9866943359375,104.46075439453125,129.21969604492188,43.19110107421875,197.50173950195312,36.3820915222168,468.4178466796875,89.93497467041016,50.510536193847656,151.01513671875,24.9296817779541,106.59486389160156,530.83203125,104.25053405761719,110.5816421508789,131.96408081054688,101.26895904541016,41.001686096191406,55.8701171875,66.54232025146484,161.5825653076172,64.5058364868164,253.7582244873047,329.18780517578125,330.01824951171875,167.91000366210938,187.24862670898438,109.62989044189453,336.19781494140625
2024-08-12,215.72540283203125,399.7630615234375,108.71894836425781,129.72848510742188,42.61166763305664,197.87603759765625,36.27754592895508,463.8699035644531,90.04890441894531,49.84038162231445,150.31939697265625,24.842361450195312,105.59915924072266,537.0357055664062,103.37786865234375,110.72120666503906,131.9913787841797,103.33509826660156,41.331207275390625,56.41533279418945,67.27678680419922,158.04847717285156,64.02684783935547,255.22634887695312,326.5157165527344,327.8425598144531,164.1300048828125,185.88839721679688,108.79342651367188,335.2068176269531
2024-08-13,219.4344024658203,406.8383483886719,115.81929016113281,131.37232971191406,43.096107482910156,199.55545043945312,36.553165435791016,470.0229797363281,91.82443237304688,50.615840911865234,148.9185028076172,25.191638946533203,106.44596862792969,545.5383911132812,103.79981994628906,109.66051483154297,131.1995391845703,101.7479248046875,41.20882034301758,54.96142578125,66.71858215332031,158.50326538085938,64.29920959472656,256.0314636230469,330.53802490234375,330.5450439453125,168.75999450683594,185.83172607421875,110.21366882324219,340.6282653808594
2024-08-14,219.8806610107422,409.6389465332031,117.75394439697266,132.68353271484375,43.16259765625,201.76271057128906,36.885807037353516,476.4817810058594,94.4165267944336,51.372161865234375,149.00311279296875,25.21783447265625,105.69220733642578,550.6968994140625,105.38214111328125,110.67467498779297,131.6728057861328,102.67768096923828,41.218223571777344,54.46404266357422,67.23761749267578,159.93399047851562,64.41193389892578,256.8271179199219,335.816162109375,329.364501953125,168.5,186.65354919433594,110.15269470214844,341.2987060546875
2024-08-15,222.85577392578125,414.4823913574219,122.5207290649414,133.9849090576172,46.09772872924805,203.01988220214844,37.09489822387695,476.7875671386719,95.555908203125,52.24336624145508,149.57664489746094,25.06939125061035,105.44096374511719,550.6399536132812,106.38906860351562,111.35936737060547,133.61146545410156,104.46208953857422,42.40449905395508,55.29621124267578,71.66398620605469,159.10018920898438,64.4776840209961,260.35064697265625,339.98004150390625,337.2184753417969,176.41000366210938,187.46588134765625,112.00860595703125,362.65411376953125
2024-08-16,224.1747589111328,411.9622497558594,124.23600006103516,134.51329040527344,46.98112106323242,205.34230041503906,37.38953399658203,481.7940673828125,96.31549072265625,52.97096633911133,149.85867309570312,24.711380004882812,105.77596282958984,548.806396484375,106.44660186767578,110.83413696289062,134.03921508789062,104.41513061523438,42.15970993041992,55.10490798950195,72.1333999633789,159.07174682617188,64.97547912597656,263.7793884277344,341.8591003417969,335.11102294921875,179.99000549316406,188.52963256835938,112.96705627441406,367.18170166015625
2024-08-19,224.0160675048828,414.9746398925781,129.64102172851562,134.95362854003906,47.47506332397461,206.7626495361328,37.70317840576172,482.1953430175781,96.60983276367188,54.043209075927734,150.08433532714844,25.147977828979492,106.473876953125,549.8515014648438,107.3096923828125,111.17179107666016,135.13442993164062,104.94104766845703,42.70577621459961,54.89447021484375,72.39856719970703,159.57394409179688,64.7876205444336,272.3607482910156,342.8127136230469,336.2525329589844,179.63999938964844,189.04249572753906,113.7876968383789,362.3140869140625
2024-08-20,224.63092041015625,418.1938171386719,126.89861297607422,136.17674255371094,47.7220344543457,205.87013244628906,36.771759033203125,475.1823425292969,95.6888427734375,53.75600051879883,150.5826416015625,25.23529624938965,107.14387512207031,551.6279296875,106.22603607177734,107.46700286865234,133.16490173339844,103.1660385131836,41.4536018371582,53.72752380371094,73.20387268066406,161.4594268798828,65.1633071899414,270.542236328125,346.7783508300781,334.9354248046875,172.10000610351562,190.020751953125,113.72594451904297,362.003173828125
2024-08-21,224.5218505859375,417.5440673828125,128.14515686035156,137.18458557128906,47.921504974365234,205.94691467285156,36.82878112792969,474.34161376953125,95.6033706665039,53.09541702270508,151.7766876220703,25.348812103271484,107.9720687866211,549.1769409179688,106.82061004638672,106.78230285644531,133.74472045898438,102.95004272460938,41.61365509033203,53.584049224853516,73.89132690429688,161.2225341796875,65.34175872802734,274.40667724609375,349.7903747558594,334.61346435546875,173.42999267578125,191.30294799804688,112.86116790771484,366.33636474609375
2024-08-22,222.66732788085938,409.0876159667969,123.39830017089844,135.1101837158203,47.70302963256836,207.8950653076172,37.294490814208984,475.5740966796875,95.47994232177734,53.574100494384766,152.64169311523438,25.13051414489746,108.45596313476562,549.79443359375,107.5014877319336,107.6076889038086,134.1220703125,103.27873992919922,41.538333892822266,53.66056442260742,74.22522735595703,161.21307373046875,65.11634826660156,273.93310546875,344.9749450683594,334.018310546875,172.75999450683594,190.08724975585938,111.92581176757812,365.8895263671875
2024-08-23,224.9581756591797,410.3083801269531,129.01275634765625,136.19631958007812,48.19696807861328,209.50732421875,37.798213958740234,486.72418212890625,96.74275207519531,54.282554626464844,154.3152618408203,25.23529624938965,108.50249481201172,555.2951049804688,108.0672836303711,109.0989761352539,135.8614959716797,104.62173461914062,42.479820251464844,54.75099182128906,74.34307861328125,160.28453063964844,65.54840087890625,274.2267150878906,354.6341552734375,339.9208984375,174.9600067138672,192.30970764160156,112.92292785644531,370.34906005859375
2024-08-26,225.29534912109375,407.0596923828125,126.11080169677734,135.91256713867188,48.24446487426758,210.33265686035156,37.940773010253906,485.24322509765625,97.16053009033203,54.30169677734375,154.7665252685547,25.252761840820312,108.19539642333984,557.7840576171875,108.07686614990234,111.43440246582031,136.67141723632812,106.65030670166016,42.93172836303711,54.87535095214844,74.66717529296875,161.40255737304688,66.53458404541016,273.4311218261719,353.2366943359375,342.6039123535156,173.47999572753906,193.61090087890625,114.06124877929688,372.2048034667969
2024-08-27,226.13832092285156,407.4042663574219,127.94574737548828,135.5015869140625,48.16847229003906,211.3019256591797,37.70317840576172,484.6604309082031,96.92315673828125,53.86130905151367,154.36866760253906,25.165443420410156,108.40943145751953,557.9930419921875,108.4604721069336,110.37455749511719,135.244873046875,105.58905792236328,42.40449905395508,54.36838912963867,74.76536560058594,160.3603515625,67.15447235107422,274.3404235839844,352.3586120605469,342.5648498535156,173.0500030517578,195.75738525390625,112.86116790771484,365.2968444824219
2024-08-28,224.61106872558594,404.2146301269531,125.26314544677734,134.91448974609375,47.3515739440918,212.36715698242188,37.96928787231445,480.90545654296875,97.0370864868164,54.63677215576172,155.28758239746094,25.10431671142578,109.24694061279297,559.1235961914062,108.26866149902344,109.28656005859375,134.3705596923828,105.32610321044922,41.180572509765625,54.31100082397461,74.71627044677734,160.1802978515625,67.38927459716797,271.88720703125,351.89593505859375,339.7160339355469,170.7100067138672,194.70314025878906,112.23464965820312,367.21087646484375
2024-08-29,227.88369750976562,406.6954345703125,117.26527404785156,136.42135620117188,47.8645133972168,213.2500457763672,38.17837905883789,487.3739013671875,97.41688537597656,54.90483474731445,155.58123779296875,25.078121185302734,109.30276489257812,562.0021362304688,108.1343994140625,110.79661560058594,135.6774444580078,107.41102600097656,41.594825744628906,54.7223014831543,75.0501708984375,161.099365234375,67.67103576660156,272.6543884277344,348.6851806640625,343.07220458984375,172.25999450683594,197.08706665039062,112.0493392944336,370.9709167480469
2024-08-30,227.10025024414062,410.6529541015625,119.04037475585938,138.2511444091797,48.00699234008789,215.73562622070312,38.72962951660156,490.4013671875,98.37586212158203,55.97708511352539,157.1254119873047,25.33134651184082,110.22401428222656,560.70068359375,108.62348937988281,110.61841583251953,136.1652069091797,106.8663101196289,41.41594314575195,54.5023078918457,75.84564971923828,162.53005981445312,68.06550598144531,273.41217041015625,350.0530700683594,347.4235534667969,173.74000549316406,197.46697998046875,113.43474578857422,374.779541015625
2024-09-03,220.92196655273438,403.0726623535156,107.70177459716797,136.49964904785156,47.551055908203125,211.41708374023438,38.68210983276367,468.4979248046875,94.2551040649414,55.88134765625,158.35696411132812,24.711380004882812,108.48388671875,568.7567749023438,109.95646667480469,108.30175018310547,133.1372833251953,103.1660385131836,39.81541442871094,52.99100875854492,75.7867202758789,165.3535614013672,68.57269287109375,272.0116882324219,346.48126220703125,331.9499816894531,161.02000427246094,194.5701904296875,112.5082015991211,374.73089599609375
2024-09-04,219.01788330078125,402.5410461425781,105.91671752929688,137.7227783203125,47.20908737182617,210.48619079589844,38.49201965332031,471.5541687011719,95.09066772460938,55.64200973510742,158.5464324951172,24.789968490600586,107.75804138183594,573.98193359375,109.7071304321289,106.9792709350586,130.75360107421875,101.95453643798828,39.15679931640625,52.254493713378906,75.85546875,166.66104125976562,68.15003204345703,274.4029846191406,346.414794921875,328.5450134277344,163.22000122070312,195.21600341796875,113.76123046875,380.8130187988281
2024-09-05,220.5352020263672,402.0390625,106.91395568847656,139.54275512695312,46.66766357421875,208.85475158691406,38.14986801147461,468.90155029296875,94.53046417236328,54.43572998046875,156.3012237548828,24.894752502441406,110.35428619384766,565.7261962890625,108.4604721069336,106.14452362060547,129.7043914794922,100.91207885742188,39.062034606933594,51.4031867980957,75.58049011230469,166.25364685058594,66.84452056884766,274.3457946777344,343.7359619140625,325.43267822265625,162.14999389648438,192.7845916748047,112.41995239257812,372.7877502441406
2024-09-06,218.98812866210938,395.4530334472656,102.54605865478516,138.7599639892578,46.06924057006836,203.89321899414062,37.078460693359375,460.9532165527344,91.71049499511719,51.697669982910156,155.7233428955078,24.938413619995117,109.65636444091797,567.046630859375,109.18928527832031,105.64743041992188,127.5231704711914,99.56908416748047,38.493446350097656,49.76755142211914,75.2662353515625,166.36734008789062,66.81635284423828,275.8129577636719,342.0260925292969,321.33502197265625,157.6199951171875,188.17820739746094,112.54349517822266,370.7182312011719
2024-09-09,219.07740783691406,399.4104919433594,106.17599487304688,136.8812713623047,46.259212493896484,208.0677947998047,37.75765609741211,469.5647277832031,93.22016906738281,52.26251220703125,157.83590698242188,25.680627822875977,107.39512634277344,564.4056396484375,111.65385437011719,107.87030792236328,129.12457275390625,99.17463684082031,38.294437408447266,49.91102981567383,75.95368194580078,166.8126678466797,67.48319244384766,277.5087585449219,347.2221984863281,325.9010314941406,162.91000366210938,191.05599975585938,113.72594451904297,376.2271423339844
2024-09-10,218.28399658203125,407.7586364746094,107.80148315429688,152.53712463378906,46.34469985961914,197.27142333984375,37.57590103149414,448.9587097167969,91.7389907836914,51.64979934692383,158.56536865234375,25.968778610229492,107.32068634033203,569.08935546875,112.30596923828125,103.94041442871094,127.21946716308594,97.6719970703125,37.517372131347656,49.363502502441406,77.39733123779297,168.45176696777344,67.20143127441406,277.4896240234375,352.304443359375,326.0180969238281,160.07000732421875,190.8565673828125,114.56423950195312,376.2951965332031
2024-09-11,220.81285095214844,416.4611511230469,116.58716583251953,153.79937744140625,46.64866638183594,198.87408447265625,37.308048248291016,452.8415832519531,92.12828063964844,51.439178466796875,156.1401824951172,25.89892578125,106.7437515258789,560.273193359375,111.81689453125,102.90870666503906,126.89735412597656,96.32901763916016,37.49842071533203,48.66228485107422,77.42678833007812,164.7850799560547,66.75999450683594,276.4989318847656,351.94342041015625,326.8376159667969,161.3300018310547,193.7913360595703,113.390625,377.5484924316406
2024-09-12,220.92196655273438,420.359619140625,118.82117462158203,157.9090576171875,47.12360382080078,198.2694854736328,37.09758758544922,455.619140625,91.75797271728516,49.371273040771484,155.96966552734375,25.462326049804688,107.24624633789062,559.0096435546875,112.0374526977539,104.324951171875,128.1214141845703,96.6389389038086,37.71637725830078,48.979278564453125,78.23209381103516,164.3586883544922,66.90087890625,278.51861572265625,355.6862487792969,331.3060302734375,162.77000427246094,194.3897247314453,113.32002258300781,376.003662109375
2024-09-13,220.65419006347656,423.8937683105469,118.7812728881836,158.5450897216797,47.304080963134766,196.0814208984375,36.973236083984375,460.3573913574219,93.28663635253906,50.52968215942383,156.80331420898438,25.558380126953125,107.81388092041016,564.6148071289062,111.62508392333984,104.24993133544922,129.40988159179688,97.20242309570312,37.868003845214844,49.03691101074219,79.15524291992188,164.93663024902344,67.52973937988281,282.50079345703125,360.9678955078125,336.8964538574219,156.77000427246094,193.8958282470703,112.27877044677734,383.4654541015625
2024-09-16,214.52545166015625,424.632080078125,116.46749114990234,166.6665802001953,48.472434997558594,199.47866821289062,37.403709411621094,466.28741455078125,95.03369140625,51.49662780761719,158.19589233398438,26.256933212280273,110.50244903564453,561.6782836914062,112.80462646484375,105.71308898925781,130.77200317382812,99.12769317626953,38.28496170043945,49.26744842529297,79.11595916748047,167.93067932128906,68.18224334716797,282.65325927734375,362.88671875,339.4819030761719,155.5500030517578,194.39920043945312,113.75241088867188,383.4460144042969
2024-09-17,214.99156188964844,428.3828430175781,115.28067016601562,163.86805725097656,48.07349395751953,200.81260681152344,37.83418273925781,466.5084228515625,94.79631805419922,52.18592071533203,158.27169799804688,26.0473690032959,110.81156921386719,551.0194091796875,113.28412628173828,107.0918197631836,131.98684692382812,101.70096588134766,39.32737350463867,50.007076263427734,77.19109344482422,166.64212036132812,67.8985595703125,279.8523254394531,364.05517578125,345.0722351074219,156.38999938964844,193.9813232421875,115.28781127929688,386.5745544433594
2024-09-18,218.8592071533203,424.11029052734375,113.06661987304688,160.99131774902344,48.035491943359375,199.16197204589844,37.90114974975586,465.72991943359375,94.28359985351562,51.94657897949219,157.400146484375,25.977508544921875,111.13945007324219,553.583984375,110.16743469238281,107.46700286865234,132.4930419921875,102.0108871459961,39.251564025878906,49.70930862426758,77.6133804321289,164.7850799560547,67.85125732421875,278.2137145996094,364.7866516113281,346.4674377441406,155.11000061035156,191.5118865966797,115.28781127929688,389.6739196777344
2024-09-19,226.97132873535156,431.8677978515625,117.55458068847656,163.98548889160156,48.86188507080078,201.9930419921875,39.096920013427734,484.2311096191406,95.64137268066406,53.42091751098633,156.1401824951172,25.89892578125,109.8185806274414,550.1709594726562,109.4673843383789,108.798828125,133.44102478027344,103.82345581054688,40.51193618774414,49.978271484375,76.6411361694336,162.53005981445312,66.78266906738281,279.9476318359375,370.79974365234375,364.21417236328125,154.58999633789062,193.4684295654297,116.59378814697266,398.087890625
2024-09-20,226.30691528320312,428.5009460449219,115.6895751953125,164.3866729736328,49.365325927734375,202.57843017578125,38.522953033447266,479.0411682128906,97.29345703125,53.89002990722656,155.5149383544922,25.689359664916992,109.76238250732422,548.1973876953125,109.03585052490234,108.1141586303711,134.07603454589844,103.1848373413086,40.189735412597656,49.60364532470703,77.64285278320312,165.06932067871094,67.74725341796875,282.78662109375,370.34381103515625,359.8336181640625,153.2899932861328,193.13601684570312,113.47886657714844,394.35699462890625
2024-09-23,224.5912322998047,426.76837158203125,115.9488754272461,162.3807830810547,49.57429885864258,202.91433715820312,38.14030456542969,478.06085205078125,97.29345703125,52.76034164428711,154.62442016601562,25.593307495117188,108.31973266601562,546.6815185546875,110.10031127929688,110.07441711425781,135.78787231445312,103.01577758789062,40.65407943725586,50.17998504638672,78.89009094238281,164.64292907714844,67.83235168457031,284.9111022949219,372.338623046875,362.12640380859375,156.3000030517578,193.534912109375,113.60240936279297,397.33001708984375
2024-09-24,225.48379516601562,422.4958801269531,120.54654693603516,162.23397827148438,49.887760162353516,203.05828857421875,37.738529205322266,478.6470947265625,97.39791870117188,51.85084533691406,154.2075958251953,25.759212493896484,107.69210052490234,548.3784790039062,108.69059753417969,109.78365325927734,135.7050323486328,102.28324890136719,40.729896545410156,50.333675384521484,79.22399139404297,164.14076232910156,67.4540786743164,286.06390380859375,380.6031799316406,376.5267028808594,155.80999755859375,194.9595947265625,114.29069519042969,399.2148742675781
2024-09-25,224.4920654296875,425.3901062011719,123.17947387695312,162.7036895751953,50.01124572753906,201.71473693847656,37.54719924926758,472.0347595214844,97.17001342773438,51.32429504394531,152.1424102783203,25.261493682861328,107.47664642333984,549.4462890625,107.99056243896484,107.64520263671875,132.50225830078125,99.2967300415039,39.62114334106445,49.10414123535156,79.94090270996094,163.2122344970703,67.56756591796875,286.25439453125,377.0598449707031,369.0338134765625,152.22000122070312,196.39373779296875,116.04667663574219,395.36737060546875
2024-09-26,225.63253784179688,424.6025390625,123.70805358886719,164.4845428466797,50.20121765136719,201.3212432861328,37.80548858642578,477.5899353027344,99.31585693359375,53.98576354980469,152.89080810546875,25.29642105102539,105.94031524658203,548.0162353515625,108.10563659667969,105.7975082397461,130.6799774169922,96.0848159790039,39.014652252197266,47.94186019897461,78.4874267578125,164.11236572265625,67.52027893066406,289.283935546875,376.8414001464844,381.43414306640625,154.5800018310547,196.63116455078125,117.6527099609375,399.7784118652344
2024-09-27,225.90028381347656,421.3636779785156,121.07511901855469,165.11077880859375,50.36269760131836,202.01223754882812,37.690696716308594,479.1180725097656,98.8506088256836,53.51666259765625,152.9002685546875,25.40120506286621,106.50239562988281,554.72802734375,107.81794738769531,108.63002014160156,133.9011688232422,98.34819030761719,40.076019287109375,49.017704010009766,78.34994506835938,164.4344940185547,67.88909912109375,289.322021484375,379.5297546386719,381.5512390136719,156.32000732421875,197.20101928710938,118.47333526611328,406.12286376953125
2024-09-30,231.06707763671875,423.60821533203125,121.11502838134766,166.73504638671875,50.552669525146484,202.3577117919922,37.95854949951172,475.85028076171875,98.97403717041016,54.081504821777344,153.52554321289062,25.27022361755371,106.38060760498047,557.4260864257812,109.3331298828125,109.94312286376953,135.53939819335938,98.87410736083984,39.75381851196289,49.50758361816406,79.30255889892578,164.1028594970703,67.95527648925781,290.103271484375,384.9158935546875,381.5902404785156,152.0399932861328,196.32723999023438,120.30876159667969,406.90283203125
2024-10-01,224.33340454101562,414.1477355957031,116.6868896484375,163.56475830078125,50.09673309326172,198.6917266845703,37.51850509643555,471.10247802734375,99.14494323730469,53.028404235839844,153.45921325683594,25.034461975097656,107.48600006103516,556.1104736328125,108.90158081054688,112.48487854003906,137.77581787109375,102.71525573730469,40.88151550292969,51.15015411376953,79.813232421875,163.95127868652344,67.81343078613281,288.64569091796875,388.5730895996094,382.8293151855469,154.22000122070312,195.71939086914062,117.59973907470703,406.0350646972656
2024-10-02,224.898681640625,410.6430969238281,118.53194427490234,164.1029052734375,50.36473083496094,198.9316864013672,37.52806854248047,472.8516845703125,99.23989868164062,52.942237854003906,152.682373046875,24.982074737548828,104.99418640136719,564.7005615234375,108.97830963134766,113.9761734008789,138.92625427246094,103.64501190185547,41.6396369934082,51.33266067504883,78.98829650878906,162.89010620117188,67.15147399902344,289.3888244628906,390.6725158691406,384.4488525390625,152.88999938964844,193.639404296875,117.37030792236328,406.0838623046875
2024-10-03,223.79786682128906,410.062255859375,122.521240234375,163.2711944580078,50.1828727722168,196.95472717285156,37.54719924926758,467.1907958984375,99.28736877441406,52.63587951660156,152.0476837158203,24.74631118774414,103.21428680419922,565.1199340820312,107.62615203857422,114.97037506103516,139.20236206054688,105.57967376708984,42.53990173339844,52.62942886352539,78.98829650878906,161.18463134765625,66.68809509277344,289.09344482421875,390.9764709472656,381.5610046386719,150.52000427246094,192.68963623046875,115.34957885742188,398.5274963378906
2024-10-04,224.91851806640625,409.5897216796875,124.58570861816406,167.18515014648438,50.48915481567383,203.9453582763672,38.36989212036133,475.89837646484375,102.43016052246094,54.531463623046875,151.84872436523438,24.955875396728516,102.83020782470703,563.6422729492188,108.01933288574219,117.0806884765625,138.73300170898438,107.5706787109375,43.08006286621094,53.56117630004883,79.48916625976562,160.00978088378906,66.35711669921875,289.3888244628906,387.91766357421875,387.4148254394531,155.0,193.54443359375,115.81725311279297,397.7961730957031
2024-10-07,219.85093688964844,403.1711120605469,127.37821197509766,166.31430053710938,50.25944519042969,203.66534423828125,38.226402282714844,475.37939453125,102.20227813720703,54.722938537597656,151.1287384033203,25.49725914001465,101.72482299804688,556.3583984375,108.70979309082031,117.58716583251953,139.08273315429688,107.73973083496094,43.2032585144043,53.70526123046875,77.68212890625,158.3422088623047,65.2601318359375,286.6164245605469,387.6326904296875,388.5465393066406,155.91000366210938,193.1170196533203,115.77313232421875,395.89495849609375
2024-10-08,223.89706420898438,408.2607116699219,132.53436279296875,170.61965942382812,50.47002410888672,203.49156188964844,38.19770050048828,477.2535095214844,102.05985260009766,54.85696792602539,151.2803497314453,25.479793548583984,101.65924072265625,554.470703125,109.92768859863281,114.46387481689453,136.90150451660156,104.0582504272461,41.82917022705078,52.17796325683594,78.28119659423828,159.32760620117188,65.4209213256836,287.6167297363281,393.44635009765625,378.5072937011719,154.64999389648438,196.6026611328125,115.56137084960938,390.27886962890625
2024-10-09,227.6357879638672,410.9679260253906,132.2949981689453,174.4553680419922,51.26444625854492,206.06959533691406,38.44641876220703,485.528564453125,103.53155517578125,55.086734771728516,152.1897735595703,26.361719131469727,103.2986068725586,563.6613159179688,111.19354248046875,114.51078033447266,137.72982788085938,104.21790313720703,41.89550018310547,51.77452850341797,78.95883178710938,160.37930297851562,65.78971862792969,289.4554748535156,395.2417297363281,386.5367126464844,149.3699951171875,202.9661407470703,117.36148834228516,395.3489074707031
2024-10-10,227.13992309570312,409.37310791015625,134.44921875,172.02325439453125,51.245304107666016,205.5095672607422,38.235965728759766,484.1253356933594,102.62005615234375,55.287776947021484,152.05714416503906,25.619504928588867,102.48360443115234,569.8392944335938,110.87709045410156,115.49560546875,138.62254333496094,105.05374908447266,42.265079498291016,52.4181022644043,78.18299102783203,160.0760955810547,65.48710632324219,289.6554870605469,389.4375915527344,386.97576904296875,146.6199951171875,202.87118530273438,117.22030639648438,395.6219787597656
2024-10-11,225.6623077392578,409.845703125,134.4392547607422,172.37631225585938,51.92487716674805,214.6341094970703,40.130069732666016,496.2159729003906,104.87981414794922,58.3896369934082,152.95712280273438,25.462326049804688,102.7927474975586,570.1729125976562,111.35657501220703,115.9364242553711,139.35882568359375,103.76709747314453,42.43566131591797,52.600608825683594,78.6642074584961,162.1036834716797,65.78971862792969,290.60821533203125,391.280517578125,392.22467041015625,151.02000427246094,205.14112854003906,118.77336883544922,400.8089904785156
2024-10-14,229.3811798095703,412.6217956542969,137.7005157470703,172.71949768066406,51.94401550292969,213.8520050048828,40.09180450439453,502.41510009765625,106.6078872680664,59.5097541809082,153.08975219726562,25.392471313476562,102.75525665283203,577.1803588867188,112.44021606445312,116.37725067138672,139.69015502929688,102.80916595458984,42.35984802246094,51.78412628173828,78.8508071899414,163.4490966796875,66.51788330078125,295.1811218261719,394.624267578125,384.351318359375,148.99000549316406,206.67027282714844,118.74688720703125,397.5329895019531
2024-10-15,231.9100341796875,412.22802734375,131.24783325195312,170.7287139892578,51.76216125488281,214.73065185546875,40.311824798583984,502.0595397949219,106.55091857910156,60.3426628112793,155.45811462402344,25.70682144165039,104.47895050048828,530.3594360351562,111.81394958496094,112.87879943847656,135.96275329589844,98.80838012695312,40.70146942138672,49.526798248291016,80.1864242553711,164.45346069335938,66.51788330078125,298.5155029296875,394.7762756347656,378.5365295410156,152.35000610351562,206.35682678222656,118.06743621826172,391.94610595703125
2024-10-16,229.85719299316406,409.6487731933594,135.3568115234375,171.39559936523438,53.96358108520508,215.93760681152344,40.94318771362305,509.24853515625,113.47264099121094,61.16600036621094,155.6286163330078,25.907657623291016,103.43911743164062,544.7080078125,113.51934051513672,113.16956329345703,136.8831024169922,98.76142120361328,41.39324951171875,49.238624572753906,79.7641372680664,163.32594299316406,66.7353744506836,298.1153869628906,397.6545715332031,384.0293884277344,154.89999389648438,207.9619598388672,119.86753845214844,399.1417541503906
2024-10-17,230.22412109375,410.23944091796875,136.56356811523438,172.2880096435547,53.98272705078125,216.6907501220703,40.751869201660156,508.4219665527344,113.40616607666016,61.635101318359375,155.80860900878906,25.558380126953125,102.81147766113281,539.6455078125,113.58677673339844,112.87879943847656,139.15634155273438,99.6911849975586,41.68701934814453,49.68048858642578,79.4400405883789,163.231201171875,66.10179138183594,299.81121826171875,394.7952880859375,384.8782043457031,155.30999755859375,208.52230834960938,119.48812866210938,395.0174560546875
2024-10-18,233.0504913330078,411.6571044921875,137.63070678710938,171.31715393066406,54.327293395996094,217.60800170898438,40.48401641845703,507.94146728515625,114.94432067871094,61.61595916748047,156.42437744140625,25.514719009399414,101.82786560058594,543.05859375,115.03203582763672,112.5599136352539,138.7421875,99.2403793334961,39.72538375854492,49.62284851074219,79.8525161743164,163.2378692626953,66.6124496459961,301.5832214355469,394.2253112792969,384.2635192871094,155.0,210.8682403564453,119.94696807861328,398.5177917480469
2024-10-21,234.51820373535156,412.26739501953125,143.325439453125,170.40509033203125,54.16458511352539,215.3196563720703,39.94830322265625,497.65765380859375,112.30477142333984,61.29045486450195,154.2549591064453,25.261493682861328,99.61705780029297,544.8318481445312,112.7196273803711,112.62556457519531,138.86183166503906,98.60175323486328,40.20869445800781,49.77654266357422,79.36148071289062,161.57955932617188,65.67623138427734,299.9921875,386.0558166503906,382.3345947265625,159.82000732421875,210.37437438964844,115.88787078857422,396.7919921875
2024-10-22,233.90333557128906,420.8616638183594,143.20571899414062,171.9251708984375,54.17415237426758,216.40106201171875,40.464881896972656,498.1382141113281,112.34275817871094,62.04677200317383,154.8423309326172,25.182907104492188,99.89810180664062,543.2969360351562,111.88139343261719,113.20707702636719,138.8986358642578,98.61115264892578,39.73487091064453,50.04550552368164,80.54979705810547,161.73207092285156,65.67623138427734,299.80169677734375,381.7336120605469,380.3567199707031,159.8800048828125,211.18165588378906,115.88787078857422,396.48968505859375
2024-10-23,228.84567260742188,417.9969177246094,139.18653869628906,169.75784301757812,53.86787414550781,215.71554565429688,40.50314712524414,497.0810546875,112.30477142333984,61.80743408203125,157.1254119873047,25.20037269592285,99.65453338623047,538.3203125,112.73889923095703,112.80375671386719,138.49368286132812,98.15096282958984,39.92439270019531,49.2962646484375,81.77738189697266,161.61770629882812,64.31448364257812,284.4443054199219,379.63421630859375,377.6837158203125,157.05999755859375,209.2726287841797,115.95845031738281,398.4300231933594
2024-10-24,228.6572265625,418.1249084472656,140.03428649902344,171.01312255859375,53.561588287353516,217.23146057128906,40.79970169067383,504.0970458984375,113.14981079101562,62.64033508300781,155.0507354736328,25.00826644897461,99.18614196777344,534.6687622070312,112.28605651855469,112.16596984863281,138.46607971191406,98.01948547363281,39.0904655456543,49.325077056884766,81.551513671875,161.6558074951172,63.64307403564453,287.3118591308594,382.5220031738281,378.9859619140625,155.1999969482422,198.5972137451172,122.08242797851562,400.79931640625
2024-10-25,229.4902801513672,421.4916687011719,141.16123962402344,170.16973876953125,53.35101318359375,214.65341186523438,40.072669982910156,492.6599426269531,110.97549438476562,61.77871322631836,152.4076690673828,24.842361450195312,97.40628814697266,538.2439575195312,110.05075073242188,112.07218170166016,138.7974090576172,98.19792175292969,39.5548095703125,49.546016693115234,81.03101348876953,160.32154846191406,63.28371810913086,278.76629638671875,378.9407958984375,377.918701171875,155.00999450683594,197.55245971679688,121.27058410644531,397.7377624511719
2024-10-28,231.46376037597656,419.9559326171875,140.14395141601562,169.0909423828125,52.910728454589844,217.73353576660156,40.77099609375,503.21282958984375,113.11181640625,62.81266403198242,153.08975219726562,25.20037269592285,97.64046478271484,538.8922729492188,109.9062271118164,111.51880645751953,138.5489044189453,96.97702026367188,39.22313690185547,48.63347625732422,81.2667007446289,161.35084533691406,63.04729080200195,282.74847412109375,382.7215270996094,382.46185302734375,150.69000244140625,195.74786376953125,119.42634582519531,402.04730224609375
2024-10-29,231.73153686523438,425.23260498046875,140.8720245361328,170.0814666748047,53.293582916259766,215.22308349609375,40.684906005859375,503.8856201171875,113.27325439453125,62.51588439941406,151.65928649902344,24.851089477539062,97.17208099365234,535.9273681640625,109.26068115234375,109.99937438964844,136.68984985351562,96.09422302246094,38.313392639160156,48.105167388916016,80.23551940917969,159.3208465576172,61.99760818481445,281.043212890625,375.29296875,379.4266052246094,152.97999572753906,195.63392639160156,118.5174560546875,395.89495849609375
2024-10-30,228.19113159179688,425.8035888671875,138.96710205078125,171.18963623046875,53.20744323730469,216.6810760498047,40.474449157714844,504.0009460449219,111.96295928955078,62.6212043762207,152.15188598632812,24.903484344482422,98.20252990722656,536.7185668945312,110.27234649658203,109.44599914550781,136.25726318359375,96.71406555175781,38.04804611206055,48.19160461425781,79.93109130859375,158.35829162597656,62.33805465698242,277.7278137207031,372.87060546875,371.32904052734375,154.2899932861328,193.94332885742188,118.06743621826172,394.5786437988281
2024-10-31,224.03590393066406,400.0307312011719,132.40472412109375,164.5994110107422,52.422584533691406,214.27685546875,40.005706787109375,497.6479797363281,111.25,62.15208435058594,151.44137573242188,24.711380004882812,95.85121154785156,538.1868286132812,109.23177337646484,109.5304183959961,136.9659423828125,102.87490844726562,37.97224807739258,48.13397979736328,80.48104858398438,157.42428588867188,61.761199951171875,278.2899169921875,374.0390319824219,368.3525390625,149.30999755859375,195.34898376464844,118.29685974121094,394.5786437988281
2024-11-01,221.060791015625,403.9881896972656,135.0376434326172,166.7373046875,53.121299743652344,215.26173400878906,39.94830322265625,499.1473083496094,111.82420349121094,61.92231750488281,151.69717407226562,24.528011322021484,95.43903350830078,541.1041870117188,114.27086639404297,107.81403350830078,140.87741088867188,101.27835083007812,37.678466796875,47.61526870727539,80.71673583984375,157.3480682373047,61.477508544921875,281.2432556152344,372.9371337890625,371.7109069824219,154.58999633789062,198.6826629638672,118.28803253173828,390.4154052734375
2024-11-04,220.16824340820312,402.10791015625,135.68592834472656,166.31561279296875,53.43715286254883,212.2105712890625,39.53697204589844,491.57391357421875,111.14473724365234,60.98409652709961,149.90670776367188,24.239858627319336,95.42967224121094,531.7705078125,113.35554504394531,111.24681854248047,141.70571899414062,102.23628997802734,38.20915603637695,48.56623077392578,80.97207641601562,157.3289794921875,61.57206726074219,278.9949645996094,375.7679443359375,368.6658020019531,155.07000732421875,197.11557006835938,117.36148834228516,391.6438903808594
2024-11-05,221.5963134765625,405.0612487792969,139.5355987548828,168.46331787109375,53.75300979614258,213.8616485595703,40.063106536865234,506.4613342285156,112.7428970336914,61.33832550048828,150.01092529296875,24.440690994262695,95.22357177734375,540.5988159179688,113.4326171875,111.57508087158203,141.19032287597656,102.56497955322266,38.42710876464844,48.41254425048828,82.18003845214844,157.97705078125,61.81793975830078,283.2535095214844,380.0616760253906,375.3729553222656,151.0,198.29327392578125,118.10272216796875,390.3666076660156
2024-11-06,220.8723602294922,413.6456298828125,145.22032165527344,177.74069213867188,55.38971710205078,238.55101013183594,43.43996047973633,572.7965087890625,125.83452606201172,69.38018798828125,149.56565856933594,23.890581130981445,94.36174774169922,568.8763427734375,112.53657531738281,113.48844909667969,145.1570281982422,106.7160415649414,41.47854232788086,49.363502502441406,81.94435119628906,153.4882049560547,60.238677978515625,280.0905456542969,368.9283447265625,408.1839294433594,147.16000366210938,205.53053283691406,118.1733169555664,395.57318115234375
2024-11-07,225.59288024902344,418.81402587890625,148.48159790039062,182.7716064453125,55.59072494506836,228.23883056640625,42.82772445678711,559.523681640625,122.91571807861328,66.84317779541016,148.47622680664062,23.97789764404297,94.77391815185547,577.22802734375,111.0913314819336,113.62913513183594,144.28268432617188,105.5608901977539,40.976287841796875,49.19059753417969,82.34699249267578,155.73739624023438,60.20085525512695,280.7192687988281,379.4442138671875,399.69476318359375,150.97999572753906,206.57525634765625,118.37628173828125,400.8870544433594
2024-11-08,225.3248291015625,415.9689025878906,147.2349395751953,185.59600830078125,55.57157897949219,228.8181610107422,43.1721076965332,566.3378295898438,123.95883178710938,67.4401626586914,147.28256225585938,23.694135665893555,96.41327667236328,587.1051635742188,112.334228515625,113.59160614013672,144.429931640625,105.53250122070312,40.91942596435547,48.537418365478516,83.3094253540039,159.83551025390625,60.44672775268555,284.8254089355469,385.58087158203125,385.16436767578125,151.67999267578125,208.46531677246094,116.86734008789062,384.21429443359375
2024-11-11,222.614501953125,411.5093994140625,144.8712615966797,185.47833251953125,56.11715316772461,231.04859924316406,44.080894470214844,578.9091186523438,127.7772216796875,69.86661529541016,146.8751983642578,23.268495559692383,94.36174774169922,596.1050415039062,112.53657531738281,112.99134826660156,144.03421020507812,105.9675521850586,41.97132110595703,48.806373596191406,82.70053100585938,158.23435974121094,59.91715621948242,287.2642822265625,387.8511962890625,388.26824951171875,148.9600067138672,213.92652893066406,116.13494873046875,392.589599609375
2024-11-12,222.614501953125,416.45135498046875,147.89315795898438,185.919677734375,56.19371795654297,231.309326171875,43.87043762207031,569.5383911132812,126.6192626953125,69.9051284790039,144.60159301757812,23.22415542602539,92.34766387939453,586.0181274414062,112.18970489501953,112.87879943847656,142.92056274414062,104.63409423828125,42.00921630859375,48.30687713623047,83.466552734375,158.05328369140625,59.76585388183594,284.5205078125,382.9019775390625,384.8118591308594,145.1699981689453,222.16102600097656,114.83778381347656,383.9120178222656
2024-11-13,223.49807739257812,418.5876159667969,145.87857055664062,185.96868896484375,56.64357376098633,232.85418701171875,43.880001068115234,571.1049194335938,127.04989624023438,70.06880950927734,145.1699981689453,23.694135665893555,92.27272033691406,577.6283569335938,111.5152587890625,113.92926788330078,146.07736206054688,105.75003814697266,41.30796432495117,49.10414123535156,83.96742248535156,158.75856018066406,59.576717376708984,283.2820129394531,389.6560974121094,378.9957580566406,139.97000122070312,221.3632354736328,117.96153259277344,379.719482421875
2024-11-14,226.57574462890625,420.2513122558594,146.3672332763672,183.43850708007812,55.43757629394531,233.5397491455078,43.90871047973633,565.7132568359375,126.73407745361328,70.09770965576172,143.87217712402344,23.073408126831055,92.14156341552734,565.50146484375,110.83118438720703,114.00492095947266,148.9120330810547,106.79031372070312,41.175289154052734,48.67189025878906,82.95587158203125,159.2350616455078,59.15116500854492,284.4347839355469,385.4098205566406,379.2796630859375,138.13999938964844,219.08377075195312,117.04383850097656,384.77978515625
2024-11-15,223.37893676757812,408.54620361328125,141.6000518798828,180.19239807128906,54.997291564941406,236.86126708984375,44.721824645996094,570.451416015625,128.2939910888672,71.58052825927734,145.88998413085938,21.991561889648438,90.22116088867188,564.624267578125,111.66941833496094,112.82288360595703,148.5623016357422,106.22289276123047,40.91942596435547,47.9995002746582,82.73982238769531,161.57955932617188,58.38518524169922,278.78533935546875,387.7466735839844,376.058349609375,140.19000244140625,218.55882263183594,118.30570983886719,388.98211669921875
2024-11-18,226.37718200683594,409.2944030761719,139.77496337890625,182.1439666748047,54.85372543334961,236.5908966064453,44.69313430786133,565.1173095703125,128.02601623535156,71.33981323242188,146.61941528320312,22.044767379760742,90.45536804199219,562.1644897460938,113.07613372802734,113.76851654052734,149.46414184570312,107.58472442626953,41.213199615478516,48.90243148803711,82.57286834716797,162.73277282714844,58.49866485595703,277.32769775390625,389.8935546875,376.4401550292969,143.8699951171875,218.4252166748047,120.70860290527344,394.42266845703125
2024-11-19,226.6352996826172,411.2928771972656,146.6165771484375,185.2527618408203,54.56657791137695,234.7177276611328,44.396575927734375,558.764404296875,126.5522689819336,70.7043228149414,144.94265747070312,22.25758934020996,90.43663787841797,550.1041870117188,112.85453033447266,112.17985534667969,148.38565063476562,106.95109558105469,40.84361267089844,48.508602142333984,85.04769897460938,162.74229431152344,59.188995361328125,276.9752197265625,386.43572998046875,374.3546142578125,145.60000610351562,217.80479431152344,118.98455810546875,390.0936279296875
2024-11-20,227.35009765625,409.0285339355469,145.49960327148438,187.06704711914062,55.03558349609375,232.48728942871094,44.061763763427734,559.2930297851562,126.02592468261719,70.84876251220703,145.04684448242188,22.11570930480957,91.27973175048828,572.5087890625,111.69833374023438,113.7779769897461,149.99407958984375,107.27265167236328,41.2510986328125,48.90243148803711,85.6173095703125,162.8661651611328,59.5672607421875,277.1466979980469,379.9761657714844,373.5419006347656,146.0800018310547,216.34454345703125,117.9930191040039,394.8419189453125
2024-11-21,226.87356567382812,407.2629089355469,146.27748107910156,188.714599609375,55.09300231933594,236.33021545410156,44.44441223144531,572.92138671875,129.18397521972656,72.05235290527344,147.31097412109375,22.28419303894043,93.5467300415039,569.6390380859375,112.97978210449219,115.30043029785156,150.27301025390625,105.82569122314453,41.753353118896484,49.50758361816406,86.80560302734375,164.6388702392578,60.29541778564453,274.8221435546875,389.903076171875,381.463134765625,143.41000366210938,215.7909393310547,117.34986114501953,426.60791015625
2024-11-22,228.21383666992188,411.3367919921875,141.5701141357422,188.57730102539062,56.04057312011719,239.98968505859375,44.96098327636719,579.3319702148438,128.89688110351562,73.14041137695312,146.9983673095703,22.74530792236328,92.90973663330078,563.3276977539062,113.4615249633789,115.16804504394531,150.95169067382812,105.683837890625,41.91445541381836,49.88220977783203,88.81886291503906,168.0031280517578,60.44672775268555,276.5465087890625,398.9749755859375,389.1983947753906,149.2899932861328,218.67335510253906,120.43168640136719,435.4903259277344
2024-11-25,231.19224548339844,413.1025085449219,135.656005859375,184.3603515625,56.222434997558594,241.66976928710938,45.43929672241211,579.5723266601562,127.91120147705078,74.04551696777344,147.5762481689453,23.2064208984375,94.76456451416016,577.5902709960938,113.8180160522461,113.44700622558594,149.0922393798828,100.34054565429688,41.45958709716797,48.450965881347656,87.89572143554688,169.0609588623047,60.88173294067383,282.1769104003906,407.2109680175781,397.18817138671875,153.10000610351562,220.09547424316406,122.86139678955078,451.1295166015625
2024-11-26,233.36643981933594,422.17755126953125,136.55360412597656,186.6943817138672,57.036006927490234,241.36077880859375,45.678443908691406,581.9461669921875,125.63355255126953,74.47881317138672,147.55714416503906,22.851715087890625,95.19546508789062,578.5054931640625,113.65422058105469,111.55575561523438,151.10975646972656,100.9836196899414,41.2037239074707,47.88423156738281,89.67327117919922,170.8908233642578,61.04249954223633,282.3102722167969,408.0184631347656,399.32269287109375,150.75999450683594,219.90460205078125,120.5567398071289,449.520751953125
2024-11-27,233.2373809814453,417.24542236328125,134.9778289794922,179.1724853515625,56.748863220214844,241.18695068359375,45.697574615478516,581.8788452148438,125.56656646728516,74.34400939941406,148.39749145507812,22.904922485351562,96.60063934326172,580.0214233398438,114.60808563232422,111.26261138916016,150.71926879882812,101.56050872802734,41.374298095703125,48.335697174072266,90.23304748535156,170.9384765625,60.929012298583984,281.11944580078125,407.9420166015625,395.27886962890625,152.39999389648438,219.17922973632812,121.19989013671875,454.3568420410156
2024-11-29,235.6201171875,417.7090759277344,137.88003540039062,181.2711639404297,56.67229080200195,241.119384765625,45.448856353759766,584.896728515625,125.9493637084961,73.34261322021484,148.0250701904297,23.24188995361328,95.21419525146484,581.7565307617188,114.43465423583984,111.5462875366211,150.55191040039062,102.45893859863281,41.6396369934082,48.58544921875,90.84194946289062,170.8431854248047,61.05764389038086,282.0054016113281,409.79461669921875,397.6385803222656,155.44000244140625,222.31935119628906,121.23563385009766,454.2593078613281
2024-12-02,237.86378479003906,425.1269836425781,138.259033203125,177.9073944091797,56.88286209106445,237.76890563964844,44.999244689941406,581.1685180664062,125.3943099975586,72.48564147949219,147.82452392578125,22.89605140686035,94.24931335449219,580.1549072265625,112.54620361328125,111.44226837158203,150.812255859375,100.37836456298828,41.345863342285156,48.4317512512207,90.97943115234375,171.2625274658203,60.647926330566406,280.2802429199219,407.7223815917969,394.1136779785156,156.5399932861328,219.47509765625,119.7170639038086,451.3830871582031
2024-12-03,240.9017791748047,425.34393310546875,139.88465881347656,179.3588104248047,56.930721282958984,236.38815307617188,44.788795471191406,581.5259399414062,124.82970428466797,71.38796997070312,145.4944610595703,22.665498733520508,95.41094207763672,577.0182495117188,112.04518127441406,111.27204895019531,150.54261779785156,100.29325866699219,41.36482238769531,48.41254425048828,91.83383178710938,167.18345642089844,60.52406692504883,282.25457763671875,410.0047302246094,390.93145751953125,155.0,216.62130737304688,115.86703491210938,447.7755126953125
2024-12-04,241.25917053222656,431.4794921875,144.7515869140625,184.55648803710938,57.06471252441406,235.01702880859375,44.35831069946289,578.2709350585938,124.39903259277344,70.34805297851562,143.68963623046875,22.372867584228516,94.96127319335938,582.319091796875,111.73686981201172,108.06637573242188,147.19558715820312,97.89112091064453,40.75925064086914,46.97169494628906,92.75698852539062,166.88803100585938,59.27584457397461,282.820068359375,408.63916015625,391.1762390136719,158.27999877929688,219.32240295410156,115.03628540039062,444.8601989746094
2024-12-05,241.28895568847656,436.6088562011719,144.68179321289062,182.64414978027344,57.447574615478516,237.02540588378906,44.96098327636719,576.4260864257812,124.71485900878906,70.92578125,142.78245544433594,22.789642333984375,97.00345611572266,551.9822998046875,111.37073516845703,108.5391845703125,148.13461303710938,98.77066040039062,40.072608947753906,46.56825637817383,93.59175109863281,167.76483154296875,59.952362060546875,287.0179443359375,407.3213195800781,386.7407531738281,156.6699981689453,215.98182678222656,113.97328186035156,436.9235534667969
2024-12-06,241.09039306640625,437.5459899902344,142.068603515625,187.98892211914062,57.323143005371094,238.84068298339844,44.970603942871094,579.2078247070312,124.37033081054688,71.57091522216797,142.58187866210938,22.816247940063477,96.5725326538086,524.0004272460938,111.38037872314453,107.39498138427734,144.33201599121094,97.61688232421875,39.061744689941406,45.665321350097656,93.98457336425781,165.65863037109375,59.580753326416016,286.5483703613281,411.9337158203125,386.78973388671875,153.92999267578125,216.06773376464844,112.20459747314453,432.9065246582031
2024-12-09,244.97222900390625,439.9626770019531,138.4480743408203,186.77284240722656,56.42343521118164,235.41293334960938,44.162574768066406,573.837646484375,123.04969024658203,69.92439270019531,142.8588409423828,23.14434814453125,97.22827911376953,536.5376586914062,110.70592498779297,106.76141357421875,146.04269409179688,97.56012725830078,39.26200866699219,46.79878616333008,92.14810180664062,162.77085876464844,59.6474494934082,288.8389587402344,409.8423767089844,390.93145751953125,157.0399932861328,214.8365020751953,114.81295776367188,438.1813659667969
2024-12-10,245.98487854003906,437.3092041015625,134.71783447265625,174.3082733154297,56.20329284667969,234.4956512451172,44.008670806884766,565.0579833984375,121.33667755126953,69.37554931640625,142.50552368164062,22.674365997314453,94.61466979980469,540.9113159179688,111.28401947021484,106.54391479492188,145.96832275390625,96.80355834960938,38.975914001464844,46.36457443237305,92.85520935058594,164.19091796875,59.94283676147461,288.2064208984375,403.54925537109375,380.2882385253906,164.10000610351562,218.64471435546875,116.32260131835938,432.8675537109375
2024-12-11,244.71409606933594,442.892333984375,138.94677734375,175.13201904296875,56.07886505126953,235.142578125,44.32610321044922,572.3308715820312,122.10225677490234,68.94225311279297,140.0322265625,22.372867584228516,93.44368743896484,510.6113586425781,109.97366333007812,105.83468627929688,145.23385620117188,96.64278411865234,39.633934020996094,46.769840240478516,93.25784301757812,162.61839294433594,59.68556213378906,283.7881164550781,402.3938293457031,380.7581787109375,165.9600067138672,218.62564086914062,115.33999633789062,436.8357849121094
2024-12-12,246.17352294921875,443.45465087890625,136.98190307617188,171.93496704101562,56.32771682739258,233.21145629882812,44.32610321044922,571.413330078125,122.40849304199219,68.17194366455078,139.65025329589844,22.49701690673828,94.84886169433594,493.6047058105469,109.70388793945312,105.74012756347656,143.83924865722656,95.4322738647461,39.19525146484375,46.49966049194336,92.40343475341797,162.8280487060547,60.82896423339844,284.2960510253906,395.7474365234375,372.8369445800781,167.75,217.3180389404297,115.2149429321289,428.4994812011719
2024-12-13,246.34230041503906,441.1957092285156,133.89996337890625,170.04225158691406,56.107574462890625,231.6762237548828,43.931705474853516,565.4925537109375,121.9204330444336,67.8253173828125,140.0131378173828,22.6832332611084,95.55144500732422,498.1219177246094,109.24139404296875,104.81342315673828,143.0582733154297,95.53629302978516,38.35603713989258,45.96895217895508,92.7656478881836,163.0281982421875,60.14292526245117,284.26727294921875,398.19207763671875,372.5726318359375,169.64999389648438,217.25120544433594,115.01842498779297,429.4354553222656
2024-12-16,249.23129272460938,445.4570617675781,131.65582275390625,167.92393493652344,55.84914779663086,231.32861328125,43.73932647705078,566.3135375976562,123.48033142089844,69.30814361572266,137.3679656982422,22.39060401916504,94.48440551757812,477.0861511230469,108.50914764404297,102.57227325439453,138.86517333984375,94.16500854492188,38.03178787231445,44.96543502807617,93.3758773803711,163.1044464111328,59.59981155395508,285.3311462402344,392.2045593261719,371.0157775878906,173.1699981689453,225.24948120117188,114.83082580566406,427.4659118652344
2024-12-17,251.6537322998047,448.2880859375,130.05001831054688,166.4332733154297,56.01185989379883,230.150634765625,43.33530044555664,555.0613403320312,122.24581146240234,68.18157196044922,139.81259155273438,23.43697738647461,94.48440551757812,464.6636962890625,109.1546859741211,102.13729095458984,137.7030029296875,92.92611694335938,37.12581253051758,44.92683410644531,93.91722106933594,162.3324737548828,60.40972137451172,283.7688903808594,390.06549072265625,367.9608154296875,173.02999877929688,222.51022338867188,113.73209381103516,432.50677490234375
2024-12-18,246.2628631591797,431.4498596191406,128.57388305664062,162.21630859375,55.064292907714844,222.43582153320312,41.84429931640625,531.4652709960938,115.833984375,66.2076644897461,138.2273712158203,22.9581298828125,92.8602523803711,478.2537841796875,107.84432983398438,100.63374328613281,133.95614624023438,90.64693450927734,35.5999755859375,44.40578079223633,92.07667541503906,161.1411590576172,59.885658264160156,278.7851257324219,376.0755615234375,356.2992858886719,172.6199951171875,216.5258331298828,110.60562896728516,415.35626220703125
2024-12-19,247.99034118652344,431.09478759765625,130.33924865722656,165.5310516357422,55.16000747680664,224.93661499023438,41.72887420654297,535.07763671875,115.31720733642578,66.29432678222656,137.11012268066406,22.851715087890625,93.97450256347656,468.2335205078125,108.31643676757812,99.77323150634766,131.23202514648438,90.01329803466797,35.19943618774414,43.768924713134766,91.92903900146484,161.24600219726562,59.50452423095703,278.1621398925781,367.6720886230469,352.8527526855469,177.0399932861328,216.54495239257812,109.56049346923828,415.9704895019531
2024-12-20,252.656494140625,430.670654296875,134.34878540039062,166.38424682617188,56.01185989379883,229.4168243408203,42.488800048828125,546.774169921875,118.1307601928711,67.7290267944336,137.9600372314453,23.37490463256836,92.58641815185547,478.6461486816406,110.06037902832031,100.11366271972656,132.8125762939453,89.95657348632812,35.12314224243164,45.476844787597656,90.78730010986328,160.1690673828125,59.59981155395508,280.5102844238281,374.9105529785156,358.4044494628906,177.35000610351562,217.91932678222656,112.26712799072266,421.68408203125
2024-12-23,253.4308624267578,429.3389892578125,139.3058319091797,165.87429809570312,56.452144622802734,230.1796112060547,42.21946334838867,551.2943725585938,119.09732055664062,67.92159271240234,138.72396850585938,23.68526840209961,93.8328628540039,484.5893859863281,110.13745880126953,100.52027130126953,132.92416381835938,91.1481704711914,35.5332145690918,46.16193771362305,88.92706298828125,160.21670532226562,59.43783187866211,279.1781005859375,374.76727294921875,357.76800537109375,177.69000244140625,216.79312133789062,112.32965850830078,421.57684326171875
2024-12-24,256.3397521972656,433.363525390625,139.85440063476562,168.10044860839844,57.28486251831055,233.964599609375,42.69081115722656,562.8943481445312,121.5950698852539,68.9326171875,139.27781677246094,23.711870193481445,93.90839385986328,484.35968017578125,110.57102966308594,100.61482238769531,133.7330322265625,91.83855438232422,35.98143005371094,46.4321174621582,91.22037506103516,161.00772094726562,59.876129150390625,281.76580810546875,378.2910461425781,359.90252685546875,179.33999633789062,218.47293090820312,112.78522491455078,422.0253601074219
2024-12-26,257.1538391113281,432.16009521484375,139.56515502929688,168.365234375,57.4092903137207,234.76600646972656,42.85433578491211,561.3876953125,122.52333068847656,69.0963134765625,139.01998901367188,23.552255630493164,94.30500793457031,489.1927795410156,111.06240844726562,100.69992065429688,133.86318969726562,91.63048553466797,35.98143005371094,46.50931930541992,91.32862854003906,162.1704559326172,59.618865966796875,282.5421142578125,377.3361511230469,359.4619445800781,180.3800048828125,221.29808044433594,112.87454986572266,423.0003662109375
2024-12-27,253.74853515625,424.68304443359375,136.65274047851562,165.69776916503906,57.055145263671875,232.8638458251953,42.65232849121094,556.5100708007812,121.30796813964844,68.4704360961914,138.51388549804688,23.60546112060547,94.14447021484375,488.08258056640625,110.79263305664062,100.69048309326172,133.88177490234375,91.65885162353516,36.04818344116211,46.856685638427734,90.21644592285156,161.5700225830078,59.50452423095703,281.41119384765625,375.1588134765625,357.2490234375,180.72000122070312,219.05514526367188,112.65122985839844,419.3147888183594
2024-12-30,250.3829803466797,419.0604553222656,137.1315155029297,163.68736267089844,56.65314483642578,231.0775909423828,42.23870086669922,553.9698486328125,120.3414077758789,67.79641723632812,136.88092041015625,23.4281063079834,92.88858795166016,485.9866638183594,108.68257904052734,100.00963592529297,133.0171356201172,91.81962585449219,36.05773162841797,46.760189056396484,89.14360046386719,159.24456787109375,59.104339599609375,277.5583801269531,371.8834228515625,355.4376525878906,176.5500030517578,216.27769470214844,111.94554901123047,414.0302429199219
2024-12-31,248.6157989501953,415.77569580078125,133.93984985351562,163.42257690429688,56.6627197265625,231.4541473388672,42.27717590332031,553.0715942382812,120.31269073486328,67.63272094726562,138.10324096679688,23.525653839111328,93.9367446899414,484.1300048828125,108.98126220703125,101.7212142944336,134.66275024414062,93.78671264648438,36.56316375732422,47.6768684387207,88.92706298828125,159.77830505371094,59.323486328125,277.8362731933594,371.46319580078125,355.19287109375,177.0,215.6000518798828,112.64229583740234,414.6957702636719
2025-01-02,242.0931396484375,412.89532470703125,137.94937133789062,162.8243408203125,56.56699752807617,231.73416137695312,42.60423278808594,555.3414306640625,119.41313171386719,67.5845947265625,137.53028869628906,23.596595764160156,93.64401245117188,482.8380126953125,109.2992172241211,101.475341796875,136.40139770507812,94.64733123779297,36.62038803100586,48.062835693359375,88.58257293701172,158.18670654296875,58.92329788208008,280.34735107421875,370.9571228027344,352.26519775390625,171.8699951171875,215.24688720703125,110.65029907226562,409.2931213378906
2025-01-03,241.60665893554688,417.6005859375,144.0933074951172,163.10874938964844,56.72118377685547,234.90118408203125,43.10444259643555,560.3251953125,120.52322387695312,68.66300964355469,137.69265747070312,23.578859329223633,93.61567687988281,490.96331787109375,109.67498016357422,101.99543762207031,137.46127319335938,95.60249328613281,36.80157470703125,48.73828125,89.35029602050781,157.37664794921875,58.83754348754883,282.5229797363281,371.6446533203125,356.201416015625,169.89999389648438,216.20135498046875,110.5788345336914,413.24725341796875
2025-01-06,243.23484802246094,422.03948974609375,149.04039001464844,162.4909210205078,56.634464263916016,233.75596618652344,43.67198944091797,563.4739379882812,123.10710144042969,69.35629272460938,137.18650817871094,23.844884872436523,94.1633529663086,491.6045227050781,108.913818359375,101.8819580078125,136.9127197265625,94.56221008300781,36.96369552612305,48.98916244506836,89.99005889892578,153.059326171875,57.9418830871582,280.0310974121094,371.82611083984375,356.60284423828125,170.77999877929688,211.63906860351562,110.95399475097656,409.1169128417969
2025-01-07,240.46495056152344,416.6339111328125,139.77459716796875,158.90158081054688,56.78864669799805,236.00759887695312,44.32610321044922,560.3155517578125,121.42280578613281,68.9326171875,139.6407012939453,24.057708740234375,95.39091491699219,492.15960693359375,109.26068115234375,102.83705139160156,139.07899475097656,96.15101623535156,37.545433044433594,49.74180603027344,89.37982177734375,153.72647094726562,57.970458984375,277.30914306640625,366.9176940917969,355.4278259277344,172.50999450683594,210.57965087890625,111.6418228149414,404.4874267578125
2025-01-08,240.95140075683594,418.7940979003906,139.74468994140625,159.99012756347656,57.04883575439453,235.96881103515625,44.45114517211914,560.218994140625,122.36065673828125,68.91336059570312,135.8591766357422,23.818281173706055,94.2861099243164,501.9884033203125,110.07965850830078,101.11600494384766,139.73910522460938,96.10372161865234,37.01137924194336,49.39443588256836,90.3542251586914,154.4888916015625,58.79942321777344,274.97064208984375,369.75390625,353.5381164550781,171.75999450683594,210.14059448242188,113.23185729980469,401.28692626953125
2025-01-10,235.1435546875,413.2603454589844,135.55563354492188,151.88937377929688,56.605552673339844,232.80479431152344,43.39302444458008,540.8824462890625,118.14032745361328,67.36312866210938,135.6586151123047,23.694135665893555,93.71954345703125,498.3229064941406,108.21046447753906,100.7472152709961,142.37954711914062,96.38743591308594,36.83018493652344,49.50057601928711,91.53533935546875,151.1151123046875,58.18961715698242,270.5714416503906,372.3226623535156,343.6781311035156,172.0,208.25079345703125,110.12325286865234,399.8872985839844
2025-01-13,232.71121215820312,411.52423095703125,132.88259887695312,151.3191680908203,56.624820709228516,237.01698303222656,43.34492874145508,543.731689453125,118.65708923339844,67.9119644165039,137.9600372314453,23.765077590942383,95.35315704345703,517.8945922851562,109.058349609375,103.34769439697266,144.4342803955078,98.57205200195312,38.00318145751953,50.83216857910156,90.08849334716797,151.38194274902344,58.74226379394531,271.8365478515625,371.6446533203125,354.9382629394531,170.57000732421875,209.11935424804688,111.66863250732422,420.77386474609375
2025-01-14,231.5992889404297,410.02490234375,131.4164581298828,153.66879272460938,57.17411422729492,240.18096923828125,44.03752136230469,552.018798828125,119.25999450683594,68.54747009277344,138.2273712158203,23.41924285888672,94.09725952148438,520.3828735351562,108.89454650878906,103.75431823730469,145.8753662109375,99.186767578125,38.02225875854492,50.25321578979492,89.36014556884766,152.23971557617188,59.113861083984375,269.8717956542969,375.08245849609375,363.819091796875,167.02000427246094,208.54666137695312,112.41004180908203,423.1227722167969
2025-01-15,236.1562042236328,420.52032470703125,135.88478088378906,155.63499450683594,57.80049514770508,244.91722106933594,45.30727767944336,585.2347412109375,124.93495178222656,73.13078308105469,138.43748474121094,23.25075912475586,94.51274108886719,520.0765380859375,107.60636138916016,105.44699096679688,147.20489501953125,99.75418853759766,38.756568908691406,50.85147476196289,89.90147399902344,152.15391540527344,58.856597900390625,270.5618896484375,387.792724609375,367.06982421875,166.1999969482422,209.539306640625,113.86609649658203,419.7656555175781
2025-01-16,226.61544799804688,418.8138427734375,133.2217559814453,156.84422302246094,57.64630889892578,246.7806854248047,44.86478805541992,592.0634155273438,129.96871948242188,73.13078308105469,141.11131286621094,23.49018096923828,95.08875274658203,488.6568298339844,110.32801055908203,105.2673110961914,148.18109130859375,99.87712860107422,39.18571472167969,50.46549987792969,89.86210632324219,152.96400451660156,59.31395721435547,268.1083068847656,390.88671875,372.6117248535156,168.92999267578125,212.54580688476562,116.0724868774414,429.77825927734375
2025-01-17,228.3230743408203,423.2033996582031,137.3509521484375,158.30905151367188,58.041412353515625,251.5266571044922,44.75897979736328,604.5712890625,131.9401092529297,74.21883392333984,140.4046630859375,23.321699142456055,92.46366119384766,487.8624572753906,109.91152954101562,106.21294403076172,150.1242218017578,100.10411071777344,41.56032180786133,50.147071838378906,90.49201965332031,153.564453125,59.75226593017578,269.2680358886719,390.93450927734375,377.9676208496094,171.08999633789062,212.44082641601562,115.88489532470703,445.76123046875
2025-01-21,221.03590393066406,422.6806335449219,140.4628143310547,169.654052734375,58.81233596801758,255.28262329101562,44.8840217590332,613.0709228515625,131.3946533203125,74.96025085449219,141.47418212890625,23.623193740844727,90.87726593017578,502.4382629394531,113.11743927001953,105.40916442871094,147.1212158203125,98.61933135986328,41.71290588378906,48.77688217163086,91.61408233642578,154.12672424316406,59.47593688964844,270.8589782714844,399.5767822265625,391.48016357421875,175.55999755859375,214.8173828125,118.68978881835938,453.30743408203125
2025-01-22,222.21734619140625,440.1402587890625,146.6865692138672,181.10720825195312,59.39052963256836,255.09825134277344,44.047142028808594,611.1295776367188,130.1505584716797,74.6617660522461,138.72396850585938,23.06454086303711,90.34846496582031,497.39459228515625,114.07630920410156,103.57464599609375,145.4197998046875,97.46554565429688,39.700687408447266,48.43916320800781,91.76171112060547,157.00491333007812,58.86612319946289,269.6513671875,391.6220703125,390.74310302734375,174.8000030517578,212.92759704589844,118.4039306640625,449.97967529296875
2025-01-23,222.04859924316406,440.64324951171875,146.83616638183594,183.3191680908203,59.96873474121094,258.11663818359375,44.62430191040039,617.66845703125,131.8731231689453,74.55585479736328,140.0322265625,23.445842742919922,91.24552917480469,507.012939453125,119.34524536132812,104.16094207763672,145.04786682128906,98.34507751464844,40.0821533203125,48.574249267578125,92.33258056640625,158.3487091064453,58.62791061401367,272.60333251953125,395.71881103515625,399.3813171386719,178.5,215.38050842285156,119.35082244873047,464.63153076171875
2025-01-24,221.1749267578125,438.0293273925781,142.24813842773438,180.49769592285156,59.96873474121094,257.0393371582031,44.749351501464844,615.1571655273438,131.8922576904297,74.4499282836914,140.20413208007812,23.517959594726562,90.22571563720703,509.6351013183594,121.09832763671875,102.75194549560547,144.71319580078125,96.30232238769531,40.291954040527344,47.56108093261719,93.26762390136719,157.36781311035156,58.99952697753906,273.59051513671875,395.8238220214844,400.590087890625,176.05999755859375,211.41957092285156,118.83271026611328,468.5954284667969
2025-01-27,228.20391845703125,428.6583557128906,118.11123657226562,155.60549926757812,56.933197021484375,258.01959228515625,45.29765319824219,611.6608276367188,130.7725830078125,75.04692077636719,146.00059509277344,24.21204948425293,92.4825439453125,520.1722412109375,125.35994720458984,104.17984008789062,146.18215942382812,97.11563873291016,40.56851577758789,47.82160568237305,95.86604309082031,162.6798858642578,60.857547760009766,280.9032287597656,405.7265625,388.1585388183594,175.16000366210938,215.42823791503906,121.71798706054688,473.86114501953125
2025-01-28,236.5433807373047,441.1266784667969,128.6536865234375,161.22885131835938,57.270477294921875,259.2716064453125,45.05717468261719,616.0264892578125,132.58126831054688,74.9891357421875,143.6037139892578,24.112892150878906,92.01983642578125,519.1768798828125,123.38411712646484,102.1656494140625,145.23385620117188,95.87674713134766,39.40505599975586,47.281253814697266,95.75777435302734,159.3526611328125,59.41877365112305,279.0439147949219,399.958740234375,383.549560546875,177.77999877929688,210.64646911621094,120.96764373779297,469.7895202636719
2025-01-29,237.63546752929688,436.3227844238281,123.37747955322266,159.28233337402344,57.3861198425293,258.72808837890625,44.970603942871094,615.620849609375,132.74398803710938,75.4609603881836,144.33900451660156,23.995710372924805,92.8035888671875,514.9850463867188,123.83932495117188,102.76139831542969,144.75038146972656,96.04698181152344,39.042667388916016,47.117210388183594,95.96446228027344,159.3909912109375,59.86661148071289,278.0470886230469,394.7925109863281,386.43878173828125,173.66000366210938,210.98049926757812,119.50267028808594,467.9984130859375
2025-01-30,235.8782196044922,409.3540954589844,124.32499694824219,167.5010528564453,58.27268981933594,260.32952880859375,44.94173812866211,623.65673828125,133.92108154296875,75.89424133300781,145.9814910888672,24.25712013244629,93.43624877929688,522.13427734375,124.75946044921875,103.61247253417969,145.33612060546875,95.95240783691406,39.11895751953125,47.20405578613281,97.09635162353516,160.52244567871094,61.0290641784668,278.2484130859375,395.8238220214844,368.5039367675781,179.52999877929688,213.85340881347656,102.63758850097656,469.7895202636719
2025-01-31,234.29969787597656,409.4231262207031,119.7569351196289,167.1864471435547,58.39795684814453,259.4268493652344,44.5377311706543,618.5376586914062,133.35751342773438,75.87498474121094,145.2939453125,23.905567169189453,93.31350708007812,519.1865234375,123.90713500976562,101.02143859863281,138.70712280273438,93.46517944335938,38.41325378417969,45.01368713378906,96.61406707763672,159.16090393066406,60.485939025878906,276.69580078125,393.4173583984375,365.0251159667969,176.52000427246094,213.52890014648438,102.03909301757812,466.4324035644531
2025-02-03,226.36724853515625,405.33941650390625,116.3558349609375,165.75112915039062,58.82197570800781,258.9512939453125,44.45114517211914,610.7818603515625,132.13406372070312,75.2394790649414,145.02655029296875,23.617115020751953,94.22944641113281,524.6320190429688,124.4107894897461,101.26730346679688,138.8465576171875,93.1341781616211,38.29881286621094,44.74350357055664,97.97232055664062,161.81690979003906,60.36207962036133,277.9896240234375,390.3424072265625,355.305908203125,175.8699951171875,212.278564453125,99.4128646850586,457.1244812011719
2025-02-04,231.12274169921875,406.7696838378906,118.34063720703125,165.05311584472656,59.1110725402832,260.0480041503906,44.93212127685547,612.5299682617188,131.75836181640625,76.5201187133789,146.57357788085938,23.31964874267578,85.6837387084961,522.0193481445312,125.04035186767578,103.98126220703125,142.45391845703125,95.12017822265625,39.3096923828125,45.92070388793945,99.18296813964844,161.21286010742188,59.714149475097656,277.72125244140625,392.9494323730469,355.6990051269531,176.22999572753906,213.36663818359375,99.84162902832031,462.23358154296875
2025-02-05,230.7951202392578,407.6772155761719,124.50453186035156,168.75942993164062,60.2963752746582,262.4646911621094,45.31690216064453,623.4153442382812,133.8391876220703,77.0785903930664,147.719482421875,23.833454132080078,84.6733627319336,516.6216430664062,127.90725708007812,103.90560913085938,142.24009704589844,94.770263671875,39.18965530395508,45.69878005981445,100.84634399414062,162.056640625,60.14292526245117,276.82037353515625,395.17449951171875,352.65252685546875,181.83999633789062,212.22129821777344,99.95775604248047,457.7410888671875
2025-02-06,231.53970336914062,410.1728210449219,128.344482421875,169.43775939941406,60.00727844238281,268.7441101074219,45.92292022705078,635.749267578125,135.91041564941406,78.3977279663086,146.5926513671875,23.283588409423828,83.14363861083984,507.271240234375,124.18801879882812,102.5344467163086,141.2266845703125,94.51493072509766,38.45983123779297,45.33210754394531,101.23020935058594,161.93199157714844,60.371604919433594,282.12042236328125,395.4991760253906,359.1385803222656,184.8000030517578,200.2620849609375,101.3602066040039,455.0985107421875
2025-02-07,225.989990234375,404.1852722167969,129.50144958496094,171.51211547851562,60.00727844238281,267.6764831542969,45.595863342285156,633.5084838867188,134.8507080078125,78.05906677246094,146.22023010253906,23.202463150024414,82.41653442382812,504.3905944824219,125.01129913330078,102.96942901611328,141.89608764648438,93.02068328857422,38.565460205078125,45.139122009277344,99.55696868896484,161.05941772460938,60.82896423339844,282.06292724609375,389.0150451660156,357.5956726074219,181.49000549316406,196.157958984375,101.03861999511719,455.7053527832031
2025-02-10,226.25833129882812,406.6217041015625,133.2217559814453,175.89675903320312,60.52765655517578,263.0567321777344,44.893646240234375,628.3219604492188,132.278564453125,76.53987884521484,147.28976440429688,23.31964874267578,81.58557891845703,510.458251953125,127.18083190917969,104.93634796142578,144.82476806640625,94.07988739013672,39.57377243041992,46.68300247192383,101.29911041259766,160.6375274658203,61.5054817199707,295.59576416015625,395.3367919921875,356.947021484375,180.5500030517578,199.02130126953125,101.97657775878906,459.9922790527344
2025-02-11,231.1979522705078,405.852294921875,132.45375061035156,174.1959686279297,60.16146469116211,266.8903503417969,45.00908279418945,625.1441650390625,132.740966796875,77.06239318847656,149.09458923339844,23.013166427612305,81.7177963256836,510.9845886230469,127.3067626953125,105.59828186035156,146.37742614746094,96.1888427734375,40.12114334106445,46.904930114746094,100.8561782836914,162.45936584472656,64.41162109375,297.31134033203125,397.5999755859375,355.97418212890625,180.44000244140625,197.51327514648438,102.30707550048828,464.2204284667969
2025-02-12,235.42196655273438,403.4849548339844,130.79808044433594,169.30996704101562,60.25782775878906,267.3368225097656,44.45114517211914,626.8440551757812,132.08587646484375,76.6850357055664,148.2637939453125,22.959077835083008,80.89624786376953,504.7447204589844,126.38663482666016,102.42117309570312,144.015869140625,93.05851745605469,39.80424118041992,46.15229415893555,101.97823333740234,162.6031951904297,65.4692611694336,294.8099060058594,388.7954406738281,345.9601745605469,186.25,195.67120361328125,102.06587982177734,466.4324035644531
2025-02-13,240.05348205566406,404.96453857421875,134.937255859375,170.9222412109375,61.52022933959961,268.1811828613281,44.56658935546875,626.7957153320312,131.82577514648438,76.2979736328125,150.16412353515625,23.112321853637695,79.71591186523438,508.3623046875,127.645751953125,103.16537475585938,144.92703247070312,91.63995361328125,40.40922546386719,46.200538635253906,103.39556121826172,163.9839324951172,66.22200775146484,297.1292724609375,393.8470764160156,347.5914611816406,185.44000244140625,195.9193572998047,103.29861450195312,456.3121337890625
2025-02-14,243.10470581054688,402.8831787109375,138.4879913330078,171.21719360351562,62.51279830932617,268.4432373046875,45.172607421875,637.999755859375,133.85845947265625,77.39140319824219,149.11370849609375,23.013166427612305,78.38447570800781,501.0218200683594,126.50286102294922,103.27030944824219,146.02687072753906,91.7734146118164,40.09233474731445,46.37422561645508,102.4014663696289,156.1884307861328,65.62173461914062,295.72039794921875,391.0491027832031,347.2180480957031,184.4199981689453,193.51414489746094,103.81671905517578,470.0146484375
2025-02-18,242.9755096435547,404.07684326171875,139.0365447998047,176.7618865966797,62.24296951293945,271.7043151855469,44.75897979736328,649.242431640625,135.55398559570312,78.1655044555664,149.19068908691406,23.040206909179688,78.64888000488281,479.2203369140625,126.08637237548828,105.08308410644531,146.79771423339844,92.90795135498047,40.95659637451172,47.126861572265625,102.14556121826172,158.62391662597656,65.7932357788086,292.15509033203125,385.1379699707031,347.88629150390625,184.97000122070312,198.5631561279297,104.57780456542969,490.901123046875
2025-02-19,243.37306213378906,409.1370849609375,138.86697387695312,178.45281982421875,62.48388671875,271.02490234375,44.258758544921875,645.3403930664062,135.5347137451172,77.7494125366211,151.98219299316406,23.337677001953125,80.83016204833984,489.0874938964844,127.97506713867188,105.23573303222656,147.80357360839844,94.92914581298828,40.50526428222656,49.20145034790039,102.3620834350586,159.6403350830078,66.76512908935547,289.3852844238281,377.6130676269531,346.9035339355469,186.14999389648438,201.2069854736328,104.197265625,498.4472961425781
2025-02-20,244.3271942138672,411.3017272949219,139.74468994140625,173.02609252929688,62.320072174072266,258.94158935546875,43.5757942199707,620.334228515625,129.41737365722656,76.0850830078125,153.70521545410156,23.34668731689453,82.79425811767578,480.8377685546875,128.98236083984375,106.85768127441406,149.27005004882812,97.24589538574219,40.9085807800293,50.26286315917969,95.67902374267578,160.33070373535156,66.73654174804688,290.4490966796875,376.858642578125,343.1200256347656,180.8800048828125,201.72238159179688,105.64696502685547,485.2537841796875
2025-02-21,244.0489044189453,403.47357177734375,134.07949829101562,164.9744873046875,61.65514373779297,256.45703125,43.10444259643555,604.2429809570312,126.86449432373047,74.99166107177734,156.2271728515625,23.707256317138672,84.5128402709961,446.38421630859375,130.6773223876953,105.60783386230469,147.51214599609375,93.3751220703125,40.08272933959961,48.65143966674805,93.28730010986328,163.2264404296875,67.98475646972656,292.1358642578125,367.939453125,334.1673889160156,177.14999389648438,202.28550720214844,105.40232849121094,479.5672607421875
2025-02-24,245.58944702148438,399.3124084472656,129.94033813476562,167.088134765625,60.942039489746094,253.64239501953125,42.767765045166016,604.7644653320312,125.20751190185547,74.72071838378906,157.61329650878906,24.02275276184082,86.1842041015625,441.69464111328125,130.70639038085938,106.16119384765625,148.4239959716797,94.21409606933594,39.88106918334961,48.111083984375,92.19477081298828,163.52366638183594,67.2605972290039,294.78118896484375,365.1892395019531,333.0667724609375,179.91000366210938,200.34799194335938,105.24829864501953,474.2525634765625
2025-02-25,245.52978515625,393.283203125,126.29981994628906,165.69212341308594,61.934600830078125,249.81845092773438,42.26755142211914,593.9178466796875,124.85106658935547,73.54020690917969,159.87538146972656,24.103878021240234,86.33528900146484,450.1741027832031,131.54905700683594,104.69190216064453,147.04214477539062,92.5551986694336,39.381710052490234,47.175113677978516,96.15147399902344,165.546875,68.11814880371094,297.8002014160156,375.5694580078125,336.447265625,178.27000427246094,202.34278869628906,107.0151138305664,477.22796630859375
2025-02-26,238.89064025878906,395.09197998046875,130.9376983642578,169.5557403564453,61.75151062011719,251.1675567626953,42.26755142211914,596.6802368164062,126.24795532226562,73.97564697265625,156.97799682617188,23.815425872802734,84.3995361328125,443.6757507324219,131.6846160888672,104.4343032836914,145.83888244628906,91.64947509765625,38.98798751831055,46.84703826904297,94.6849365234375,164.25242614746094,67.46070861816406,291.618408203125,372.8861083984375,336.66351318359375,173.0399932861328,201.70327758789062,105.90972137451172,468.3507995605469
2025-02-27,235.84934997558594,387.9754943847656,119.83673095703125,161.9759979248047,61.4913215637207,251.41983032226562,42.440696716308594,587.2438354492188,124.5042724609375,74.14015197753906,157.6036834716797,23.526973724365234,85.53266143798828,448.4322814941406,131.59744262695312,105.0926284790039,147.2771453857422,92.83168029785156,39.285682678222656,46.94353103637695,95.26565551757812,164.8948516845703,67.52740478515625,297.06219482421875,372.685546875,334.1280822753906,173.8300018310547,202.60049438476562,106.58020782470703,470.3376159667969
2025-02-28,240.361572265625,392.38372802734375,124.59429168701172,163.25404357910156,61.780426025390625,256.8549499511719,44.34534454345703,604.0262451171875,128.23245239257812,75.78512573242188,158.84539794921875,23.824438095092773,87.10960388183594,454.55731201171875,133.670166015625,106.21845245361328,149.11024475097656,94.52871704101562,40.00590515136719,47.126861572265625,97.05697631835938,166.6879425048828,67.85135650634766,295.5095520019531,378.7303161621094,338.0098571777344,174.6300048828125,204.27967834472656,107.84869384765625,470.57257080078125
2025-03-03,236.57485961914062,383.9823913574219,113.76260375976562,159.28233337402344,61.173309326171875,252.94366455078125,43.825889587402344,587.4961547851562,124.39830780029297,74.53687286376953,161.02084350585938,23.66218376159668,87.9594497680664,446.9871520996094,135.8106689453125,102.81236267089844,143.9117889404297,88.31260681152344,38.238956451416016,44.82069396972656,96.05304718017578,168.3659210205078,68.90900421142578,293.32135009765625,372.1316833496094,326.3055114746094,170.05999755859375,203.44488525390625,108.05709075927734,455.9304504394531
2025-03-04,234.48773193359375,384.1009521484375,115.68757629394531,154.8092041015625,60.9613037109375,242.87905883789062,41.045894622802734,564.0841064453125,117.25981903076172,70.92760467529297,159.23043823242188,23.211475372314453,87.40234375,454.22235107421875,133.25369262695312,102.60245513916016,142.8871307373047,86.41536712646484,37.52834701538086,44.89788818359375,93.47431182861328,166.05506896972656,66.87947082519531,294.74798583984375,364.4825744628906,321.1069030761719,158.89999389648438,199.58746337890625,105.8191146850586,448.6388244628906
2025-03-05,234.29888916015625,396.3669738769531,116.9941635131836,158.830078125,61.6358642578125,244.12136840820312,40.68035125732422,575.6638793945312,119.21543884277344,71.759765625,158.94166564941406,23.38274574279785,87.99723052978516,455.5335693359375,133.37957763671875,100.598876953125,141.76846313476562,84.73739624023438,37.86444854736328,43.91366958618164,94.4684066772461,167.42625427246094,66.774658203125,296.36749267578125,368.94219970703125,332.6441345214844,163.16000366210938,201.14195251464844,107.83963775634766,457.56494140625
2025-03-06,233.8914031982422,392.2849426269531,110.2817153930664,148.3895263671875,61.10585403442383,239.27833557128906,39.8819465637207,551.0093994140625,114.99593353271484,70.29863739013672,159.6251220703125,23.65317153930664,88.76209259033203,466.7691955566406,130.83229064941406,102.67877197265625,143.78016662597656,84.47044372558594,38.18134307861328,44.106651306152344,93.14949798583984,167.47418212890625,67.1367416381836,299.18218994140625,364.5303039550781,335.1206359863281,158.42999267578125,202.71559143066406,109.18061065673828,472.5789794921875
2025-03-07,237.60853576660156,388.7464599609375,112.39618682861328,152.53822326660156,61.61659240722656,235.14381408691406,40.075557708740234,543.244140625,114.91886138916016,68.75041961669922,160.45291137695312,24.094865798950195,89.37586975097656,472.28179931640625,132.82754516601562,104.0145034790039,146.9669189453125,86.40583038330078,39.72742462158203,45.58298873901367,90.2754898071289,168.71112060546875,68.06097412109375,309.7086181640625,359.8224182128906,344.2501525878906,154.17999267578125,205.84376525878906,110.1954116821289,489.00238037109375
2025-03-10,226.08938598632812,375.74908447265625,106.70106506347656,146.2758331298828,59.804908752441406,225.38014221191406,38.5557746887207,516.0562133789062,107.59735107421875,64.61862182617188,161.42514038085938,24.013736724853516,89.92354583740234,461.5555114746094,133.0406036376953,106.66687774658203,148.1232147216797,88.57002258300781,39.506553649902344,45.93213653564453,86.4369125366211,169.0083770751953,68.08003234863281,305.8141784667969,357.76934814453125,339.2480773925781,148.14999389648438,205.17205810546875,109.28934478759766,478.3927307128906
2025-03-11,219.48997497558594,376.03570556640625,108.47642517089844,141.74374389648438,58.46541213989258,222.39085388183594,38.342811584472656,515.8329467773438,107.93452453613281,65.1024398803711,159.65399169921875,23.42781639099121,89.45140838623047,467.1493225097656,128.48838806152344,104.1480712890625,144.8424072265625,90.96304321289062,38.488643646240234,44.88469314575195,86.06291198730469,165.99754333496094,67.68937683105469,295.70233154296875,351.5717468261719,333.9020080566406,154.05999755859375,200.15359497070312,105.42951202392578,465.3948974609375
2025-03-12,215.653564453125,378.8229675292969,115.4488525390625,148.3403778076172,58.2630500793457,221.18734741210938,38.63322067260742,519.9873657226562,109.82270812988281,66.69904327392578,156.75660705566406,23.175418853759766,88.1483154296875,462.4109191894531,126.1832275390625,104.11945343017578,143.5169677734375,93.1939697265625,38.45983123779297,44.71011734008789,83.8581771850586,161.44296264648438,66.6412582397461,288.6076354980469,348.2962951660156,332.2903747558594,158.8000030517578,198.0041961669922,104.43284606933594,461.3526916503906
2025-03-13,208.39817810058594,374.3751525878906,115.28924560546875,145.16494750976562,57.50175476074219,218.55718994140625,38.40089416503906,509.4072265625,107.58771514892578,66.24424743652344,156.891357421875,23.076265335083008,89.43252563476562,462.8049621582031,125.80550384521484,103.68057250976562,144.4005889892578,91.70668029785156,38.3445930480957,44.0797233581543,83.16920471191406,161.65391540527344,66.33635711669922,286.7761535644531,333.70831298828125,327.5536193847656,159.32000732421875,198.3304443359375,104.4056625366211,457.1636657714844
2025-03-14,212.18490600585938,384.0515441894531,121.36392211914062,146.7477569580078,58.30160140991211,225.59365844726562,39.58186340332031,525.5199584960938,111.11360168457031,68.5569076538086,156.71807861328125,23.18443489074707,89.30033111572266,469.6578674316406,122.72550201416016,106.76228332519531,147.60617065429688,94.3380355834961,39.468135833740234,45.12715530395508,84.00581359863281,161.05941772460938,66.38435363769531,289.02215576171875,337.6099548339844,333.7743225097656,161.80999755859375,200.99801635742188,105.79194641113281,467.3524475097656
2025-03-17,212.69178771972656,384.1899719238281,119.22930145263672,151.4076385498047,58.677425384521484,227.03976440429688,40.11427307128906,535.15869140625,113.63760375976562,68.5472183227539,156.74696350097656,23.481901168823242,90.28133392333984,479.6248474121094,123.62625122070312,108.53688049316406,149.20423889160156,94.72892761230469,39.7850341796875,45.83514404296875,86.08258056640625,162.77578735351562,67.30582427978516,293.01287841796875,340.32000732421875,336.72247314453125,161.85000610351562,201.90960693359375,106.96981811523438,472.099365234375
2025-03-18,211.38980102539062,379.070068359375,115.1396255493164,146.92469787597656,58.108863830566406,228.0491180419922,40.31755447387695,535.5858154296875,113.7821044921875,68.80848693847656,158.10421752929688,23.71626853942871,90.21466827392578,484.2190856933594,122.3283920288086,108.4223861694336,151.1689453125,95.84439849853516,39.496944427490234,46.21339416503906,84.2420425415039,160.8101348876953,66.59550476074219,292.65625,335.93780517578125,330.8948669433594,161.57000732421875,201.25709533691406,107.69466400146484,470.9444885253906
2025-03-19,213.92422485351562,383.3201599121094,117.22435760498047,149.87399291992188,58.89906692504883,232.06719970703125,40.85963439941406,540.9825439453125,115.45834350585938,70.40508270263672,156.891357421875,23.626127243041992,89.54796600341797,483.64239501953125,123.41316223144531,110.11112213134766,154.2146759033203,96.60710906982422,39.44893264770508,46.514041900634766,84.97039031982422,161.63473510742188,66.49951934814453,295.8565979003906,339.6376953125,332.7718811035156,172.6199951171875,200.21116638183594,106.43524932861328,469.22186279296875
2025-03-20,212.79116821289062,382.3515625,118.23182678222656,150.1394805908203,58.417232513427734,231.9701385498047,41.121009826660156,546.1658325195312,116.05562591552734,70.17284393310547,156.92022705078125,23.60810089111328,90.22419738769531,491.42755126953125,122.79329681396484,110.57862091064453,154.89154052734375,97.54142761230469,39.6409912109375,46.514041900634766,84.45855712890625,160.65672302246094,66.91226959228516,295.9337158203125,341.6557922363281,330.4428405761719,172.8300018310547,202.36058044433594,105.99126434326172,466.8826599121094
2025-03-21,216.93568420410156,386.72027587890625,117.4039077758789,149.65773010253906,58.108863830566406,234.51296997070312,41.111324310302734,548.5535888671875,115.73771667480469,70.17284393310547,157.50741577148438,23.68922996520996,88.68123626708984,496.7618408203125,122.36714172363281,110.19698333740234,154.8727264404297,97.16960906982422,39.36250686645508,46.4946403503418,84.85828399658203,159.8320770263672,65.91400909423828,294.429931640625,337.4562072753906,329.98095703125,178.11000061035156,201.62171936035156,104.2878646850586,462.39013671875
2025-03-24,219.38064575195312,388.5191345214844,121.10458374023438,152.2531280517578,58.7545166015625,240.7535858154297,41.69212341308594,563.0745239257812,119.71636962890625,71.8758773803711,157.18014526367188,23.56302833557129,87.91929626464844,496.4254455566406,123.20977020263672,110.48322296142578,155.12655639648438,97.4270248413086,40.04431915283203,46.475250244140625,86.34858703613281,158.8348846435547,66.1827621459961,294.65167236328125,349.5840759277344,335.7692565917969,180.89999389648438,203.28175354003906,104.92211151123047,469.7601623535156
2025-03-25,222.38218688964844,390.5749816894531,120.38639831542969,151.32899475097656,58.7737922668457,243.73313903808594,41.895408630371094,568.7432250976562,120.61229705810547,71.8371810913086,154.99508666992188,23.031192779541016,83.69049072265625,493.4747619628906,121.65039825439453,111.23693084716797,155.9914093017578,97.770263671875,40.601287841796875,47.532386779785156,83.65420532226562,156.15008544921875,66.04838562011719,295.8565979003906,346.9125061035156,336.70281982421875,182.58999633789062,203.5408477783203,99.62164306640625,468.7520446777344
2025-03-26,220.1757354736328,385.4452209472656,113.47383117675781,145.30259704589844,59.55435562133789,243.63609313964844,41.45012283325195,557.075927734375,117.72223663330078,71.09209442138672,155.66888427734375,22.724712371826172,83.9190673828125,498.0593566894531,122.62864685058594,112.83979797363281,157.89968872070312,98.38995361328125,40.7357292175293,48.25007629394531,84.09833526611328,159.72662353515625,67.20983123779297,302.2764892578125,348.00799560546875,335.2188720703125,178.5500030517578,204.50039672851562,100.58206939697266,473.3424072265625
2025-03-27,222.4815673828125,386.048095703125,111.1496810913086,143.3166961669922,59.16889190673828,240.81179809570312,41.19844055175781,542.5162353515625,114.63949584960938,69.94061279296875,157.026123046875,22.5444278717041,83.43333435058594,495.67578125,127.21959686279297,112.47724914550781,156.6588134765625,98.02767181396484,40.42843246459961,48.017311096191406,84.51285552978516,161.76898193359375,67.90091705322266,301.4185791015625,348.58465576171875,333.44012451171875,179.11000061035156,205.50791931152344,100.58206939697266,469.5252990722656
2025-03-28,216.5679473876953,374.4048156738281,109.39411163330078,138.48968505859375,58.64850997924805,235.69703674316406,39.93034744262695,527.179931640625,111.10396575927734,68.40206909179688,157.58441162109375,22.724712371826172,84.98579406738281,495.9833068847656,126.70626831054688,112.32460021972656,156.1323699951172,97.59864044189453,40.21717071533203,47.357810974121094,84.03912353515625,161.11697387695312,67.54578399658203,296.0204162597656,344.1832275390625,323.9961242675781,173.30999755859375,201.8328094482422,99.35889434814453,455.4215087890625
2025-03-31,220.77207946777344,371.034423828125,108.10736083984375,137.44760131835938,59.46762466430664,238.0748748779297,40.39499282836914,530.2568359375,112.3948745727539,69.46647644042969,159.6347198486328,22.841894149780273,85.49058532714844,503.3936462402344,128.4787139892578,113.46949005126953,157.2604522705078,100.1251220703125,40.14034652709961,47.87183380126953,86.6446762084961,163.4086456298828,68.74562072753906,301.110107421875,352.19793701171875,324.10418701171875,170.5500030517578,203.18580627441406,99.65789794921875,460.9806213378906
2025-04-01,221.8256072998047,377.7554626464844,109.87291717529297,139.54159545898438,59.55435562133789,236.48318481445312,40.16267013549805,532.3534545898438,111.49894714355469,69.00200653076172,147.51580810546875,22.120763778686523,82.97615814208984,502.7881774902344,127.54891204833984,113.57445526123047,158.40728759765625,100.4778823852539,40.52446746826172,47.70695877075195,87.67111206054688,163.54287719726562,68.98558044433594,302.32470703125,351.26580810546875,324.86090087890625,168.1699981689453,204.81703186035156,98.9964599609375,469.9183654785156
2025-04-02,222.52133178710938,377.7060852050781,110.14221954345703,143.39537048339844,59.573631286621094,238.5795440673828,40.51115417480469,546.5734252929688,114.89958953857422,69.92124938964844,149.54685974121094,22.26498794555664,82.48088073730469,502.8651123046875,127.78134155273438,113.221435546875,156.48959350585938,101.15478515625,40.514862060546875,47.842742919921875,88.58897399902344,162.52647399902344,68.46725463867188,300.3486022949219,356.4264221191406,328.8803405761719,168.55999755859375,207.25430297851562,99.84815216064453,462.5029296875
2025-04-03,201.94786071777344,368.78082275390625,101.5439224243164,134.91119384765625,55.59623718261719,221.9541015625,36.02927780151367,496.2258605957031,103.9751205444336,63.54454803466797,153.83998107910156,21.89540672302246,82.28086853027344,519.4349365234375,127.49079132080078,107.26793670654297,146.76011657714844,90.81049346923828,37.65318298339844,42.576454162597656,86.12158966064453,165.29759216308594,70.24301147460938,306.79742431640625,342.03057861328125,300.4794006347656,150.91000366210938,198.32086181640625,90.71504974365234,439.4710693359375
2025-04-04,187.22842407226562,355.664794921875,94.07276153564453,126.10260009765625,52.90906524658203,205.3434295654297,33.28981018066406,456.99212646484375,96.17192840576172,59.006343841552734,147.5061798095703,20.70553970336914,77.59490203857422,504.6431884765625,120.52688598632812,99.54936981201172,134.68994140625,82.26810455322266,33.399070739746094,39.317752838134766,82.10468292236328,157.01303100585938,67.12342834472656,289.2919921875,340.09893798828125,283.1047668457031,136.58999633789062,183.26544189453125,88.53144073486328,422.19476318359375
2025-04-07,180.35072326660156,353.7077941894531,97.39437103271484,125.01134490966797,52.782955169677734,209.40577697753906,34.44174575805664,451.8476867675781,97.22200012207031,60.15782928466797,144.98422241210938,20.399057388305664,77.31869506835938,504.3067321777344,120.93367004394531,98.21366119384766,131.74755859375,81.677001953125,31.824188232421875,37.58171463012695,82.73633575439453,153.6378631591797,65.62606048583984,289.0799865722656,328.192138671875,275.2232360839844,138.86000061035156,179.87820434570312,86.58338928222656,415.80084228515625
2025-04-08,171.365966796875,350.4460754394531,96.05775451660156,122.39629364013672,51.59943389892578,211.7787322998047,33.90933609008789,448.6542663574219,96.63433837890625,60.07074737548828,144.3874053955078,19.686935424804688,75.19476318359375,531.5838012695312,120.05228424072266,96.14329528808594,128.72061157226562,78.80729675292969,30.681438446044922,35.02130889892578,80.72295379638672,151.87356567382812,65.67404174804688,289.02215576171875,322.1666564941406,269.2089538574219,139.38999938964844,175.46426391601562,83.28532409667969,405.6255798339844
2025-04-09,197.63438415527344,385.9591979980469,114.04239654541016,137.3296356201172,56.39171600341797,228.83859252929688,35.96152114868164,501.70025634765625,107.60697174072266,64.18319702148438,145.3211212158203,20.272857666015625,78.01397705078125,556.0157470703125,123.04512786865234,100.94234466552734,137.27505493164062,87.24481201171875,34.55142593383789,39.01709747314453,88.43104553222656,155.6418914794922,67.14263916015625,293.00323486328125,341.5308532714844,295.81146240234375,160.82000732421875,191.04742431640625,90.29826354980469,444.5194091796875
2025-04-10,189.2559356689453,376.92523193359375,107.29939270019531,131.56768798828125,54.897762298583984,221.7783203125,34.703102111816406,475.4248046875,102.67459869384766,61.067405700683594,143.12643432617188,19.461580276489258,73.8613510131836,571.2977294921875,120.58499145507812,95.34185791015625,126.88752746582031,79.40794372558594,31.24801254272461,35.370460510253906,89.42787170410156,156.83084106445312,67.92012023925781,295.7215881347656,339.8298645019531,284.16607666015625,155.52000427246094,185.568359375,87.48945617675781,436.2692565917969
2025-04-11,196.9386749267578,383.9428405761719,110.65095520019531,130.5810546875,55.615638732910156,230.65493774414062,34.79991149902344,479.9286193847656,104.15816497802734,60.486820220947266,146.0526885986328,19.750036239624023,75.413818359375,576.1707153320312,122.89014434814453,98.40447998046875,127.49856567382812,82.36344146728516,32.611629486083984,36.53427505493164,91.58930969238281,160.04302978515625,68.563232421875,298.7291259765625,340.06048583984375,288.38201904296875,156.83999633789062,190.51968383789062,87.96060943603516,450.9427795410156
2025-04-14,201.28196716308594,383.3102722167969,110.43150329589844,132.84043884277344,55.69324493408203,229.2096710205078,35.49686813354492,489.1886291503906,105.11189270019531,61.05772399902344,148.58428955078125,19.939334869384766,75.404296875,564.2430419921875,123.93617248535156,98.64299774169922,127.2071533203125,82.42064666748047,32.573219299316406,36.75734329223633,93.49413299560547,162.1717071533203,69.54229736328125,304.6767578125,343.270263671875,292.9713439941406,159.27999877929688,192.1509246826172,89.40125274658203,459.3305358886719
2025-04-15,200.904296875,381.2544250488281,111.9177474975586,132.14979553222656,55.48952865600586,227.6570281982422,36.7746467590332,492.9838562011719,106.39315795898438,62.45112228393555,147.87196350097656,20.227785110473633,74.66140747070312,560.907958984375,122.81719970703125,98.3663101196289,126.47390747070312,81.72468566894531,32.41957473754883,36.660362243652344,92.74404907226562,161.53884887695312,68.97598266601562,301.2161560058594,340.3007507324219,288.3623352050781,155.52000427246094,190.76914978027344,87.43510437011719,453.03485107421875
2025-04-16,193.0823974609375,367.2982177734375,104.22714233398438,128.02565002441406,54.092586517333984,224.21963500976562,36.13575744628906,484.4033203125,103.90768432617188,61.90924835205078,148.15110778808594,19.86722183227539,72.82319641113281,562.3015747070312,126.20337677001953,99.4062728881836,127.2447509765625,82.33485412597656,32.79408645629883,37.29076385498047,90.00031280517578,159.54443359375,68.80320739746094,297.9580383300781,332.49737548828125,285.1291809082031,156.47000122070312,185.4628143310547,85.35115051269531,444.35247802734375
2025-04-17,195.77584838867188,363.5126647949219,101.23468780517578,126.9009017944336,54.092586517333984,226.51449584960938,36.21319580078125,494.5368957519531,105.1793212890625,62.61561965942383,151.577880859375,19.95736312866211,74.28995513916016,436.4603271484375,127.44886779785156,102.01092529296875,129.60426330566406,84.8327407836914,33.715965270996094,38.51277542114258,92.00382995605469,163.61000061035156,70.07022857666016,300.07867431640625,341.2137145996094,289.1681823730469,161.89999389648438,188.64852905273438,87.37166595458984,444.00872802734375
2025-04-21,191.9791717529297,354.9531555175781,96.66622161865234,121.17842864990234,52.7441520690918,223.61419677734375,35.738868713378906,486.6454772949219,102.40485382080078,61.93827819824219,151.0484619140625,19.86722183227539,74.14708709716797,408.79888916015625,126.38825988769531,100.51300811767578,125.71245574951172,83.4693832397461,33.24542236328125,37.84357833862305,91.20439910888672,159.9214324951172,69.84944915771484,297.5916748046875,333.3719177246094,281.16973876953125,159.33999633789062,186.37440490722656,87.20858001708984,433.68609619140625
2025-04-22,198.5189666748047,362.5638427734375,98.64122772216797,125.53934478759766,53.39411544799805,230.0592498779297,37.09408187866211,504.7287292480469,106.33535766601562,64.08642578125,151.84742736816406,20.308914184570312,75.21381378173828,410.5770263671875,128.17861938476562,103.32756805419922,129.06845092773438,85.57637786865234,33.23582077026367,38.76493453979492,93.61256408691406,161.97653198242188,70.93411254882812,307.5782470703125,340.6082763671875,287.5191345214844,162.52000427246094,190.34695434570312,87.74315643310547,446.55255126953125
2025-04-23,203.34925842285156,370.0460205078125,102.45161437988281,129.6437530517578,53.96647644042969,235.22506713867188,37.51032638549805,513.7752075195312,108.19463348388672,65.74107360839844,149.56613159179688,20.182716369628906,74.9947509765625,411.3266906738281,126.33960723876953,102.44026184082031,128.485595703125,85.73844909667969,32.67885208129883,38.62915802001953,93.72113800048828,159.90211486816406,70.35820007324219,306.9999084472656,342.52069091796875,292.0614318847656,172.3699951171875,189.32981872558594,88.07840728759766,448.3008117675781
2025-04-24,207.09619140625,382.80621337890625,106.16226196289062,135.67205810546875,54.60673904418945,238.8967742919922,38.31377410888672,529.3638305664062,111.36407470703125,67.30863952636719,149.13296508789062,20.534271240234375,76.04243469238281,407.7608947753906,125.89202117919922,103.64241027832031,130.7323455810547,87.52129364013672,33.54310989379883,39.152870178222656,94.58964538574219,153.920166015625,69.6094970703125,304.82135009765625,345.6150817871094,303.01239013671875,176.25999450683594,192.62110900878906,89.62776184082031,456.2269592285156
2025-04-25,208.00064086914062,387.30340576171875,110.73075103759766,136.6389923095703,55.01417541503906,237.83238220214844,38.420257568359375,528.8687744140625,111.7590560913086,67.47315216064453,148.79605102539062,20.66046714782715,78.80448913574219,402.36895751953125,125.37630462646484,103.58516693115234,130.41270446777344,87.44501495361328,33.14939498901367,39.1431770324707,93.84941864013672,155.35775756835938,69.02397918701172,305.3226013183594,343.63543701171875,302.6075439453125,177.9499969482422,191.10501098632812,88.71263885498047,451.1097717285156
2025-04-28,208.85536193847656,386.6214294433594,108.45648193359375,138.2669219970703,55.140289306640625,237.51011657714844,38.50737380981445,530.3636474609375,111.58564758300781,67.182861328125,149.5372314453125,20.777650833129883,79.23309326171875,403.67608642578125,126.0379638671875,103.64241027832031,131.70057678222656,88.59862518310547,32.746070861816406,39.28865051269531,93.97773742675781,156.1585693359375,68.9087905883789,305.39007568359375,343.0011901855469,303.20989990234375,182.3000030517578,192.54432678222656,87.96966552734375,451.9937744140625
2025-04-29,209.91883850097656,389.4679870605469,108.74574279785156,138.9082489013672,55.625335693359375,238.87725830078125,38.710662841796875,532.8096313476562,111.95172882080078,68.7988052368164,150.0762939453125,21.444700241088867,80.6807861328125,393.3246765136719,126.9818115234375,103.38481140136719,130.94851684570312,87.5975570678711,32.755672454833984,39.133480072021484,94.78703308105469,156.55413818359375,69.4463119506836,303.163330078125,345.0000915527344,303.5456237792969,182.0,202.9363250732422,87.64349365234375,452.4259338378906
2025-04-30,211.20095825195312,390.673828125,108.64599609375,138.83917236328125,56.00367736816406,238.87725830078125,38.604183197021484,531.4798583984375,112.08281707763672,68.71170806884766,150.46133422851562,22.003578186035156,81.1474838256836,395.4487609863281,127.22505950927734,100.78015899658203,127.90277862548828,84.9662094116211,31.92981719970703,38.22181701660156,95.98124694824219,156.85325622558594,69.63829803466797,308.1277160644531,346.43194580078125,305.39215087890625,183.24000549316406,201.98635864257812,86.34782409667969,455.2938232421875
2025-05-01,212.0159454345703,420.464111328125,111.32923126220703,143.54544067382812,56.38200759887695,241.093994140625,38.88490295410156,537.5755004882812,113.38407897949219,69.48582458496094,148.68055725097656,21.570898056030273,79.29976654052734,385.1069641113281,127.3515625,100.92325592041016,128.09078979492188,86.42488861083984,32.400367736816406,39.22076416015625,96.13916778564453,154.35433959960938,68.42886352539062,302.3343505859375,344.32733154296875,310.02337646484375,182.88999938964844,202.21665954589844,85.71356964111328,471.4602966308594
2025-05-02,204.09466552734375,430.2294921875,114.21196746826172,148.7153778076172,57.55583572387695,246.58201599121094,39.75611114501953,549.4854736328125,116.7440414428711,71.41143035888672,150.27842712402344,21.814279556274414,79.22356414794922,384.3765563964844,129.2392578125,101.3335189819336,130.19650268554688,87.14947509765625,33.35105895996094,39.38563919067383,97.46168518066406,154.8753204345703,68.7744140625,300.7148742675781,350.3048095703125,319.6214599609375,185.4600067138672,205.4695281982422,87.34449005126953,473.0809020996094
2025-05-05,197.67416381835938,431.109130859375,113.53368377685547,147.2946319580078,57.54612731933594,246.63087463378906,39.80450439453125,543.1373291015625,116.14195251464844,71.45979309082031,149.20030212402344,21.516815185546875,78.89972686767578,389.076416015625,129.0251922607422,98.52851104736328,127.37635803222656,83.52657318115234,32.41957473754883,37.63990783691406,98.03412628173828,153.24476623535156,68.8224105834961,304.3393249511719,347.6236267089844,319.0586242675781,186.4600067138672,205.5846710205078,86.58338928222656,472.75677490234375
2025-05-06,197.2964630126953,428.2823791503906,113.25438690185547,145.7258758544922,57.449119567871094,243.3985595703125,39.53346633911133,533.2367553710938,114.90868377685547,71.1017837524414,148.69015502929688,20.624408721923828,75.28047943115234,379.1767272949219,129.4727783203125,99.90238952636719,127.4703598022461,83.54564666748047,32.24671936035156,38.095733642578125,97.26429748535156,153.65000915527344,68.84160614013672,305.3708190917969,345.3652648925781,316.8665466308594,185.9600067138672,201.4394073486328,84.9977798461914,466.8244934082031
2025-05-07,195.05029296875,428.3218688964844,116.7655258178711,147.37355041503906,57.78865432739258,243.5352783203125,39.620582580566406,535.7216796875,115.65641784667969,70.81147766113281,151.41427612304688,20.54328155517578,75.35668182373047,375.8608703613281,130.33880615234375,99.80699157714844,127.64897155761719,83.62191772460938,32.16989517211914,37.83387756347656,97.54064178466797,153.68858337402344,69.49430084228516,306.6625061035156,348.6038513183594,316.27398681640625,185.55999755859375,205.93014526367188,85.13369750976562,463.9761962890625
2025-05-08,196.28271484375,433.0859680175781,117.07474517822266,148.2911376953125,57.92446517944336,247.5194854736328,40.2691535949707,549.0972290039062,118.35604095458984,70.93728637695312,149.83563232421875,20.70553970336914,73.95660400390625,370.56500244140625,130.387451171875,101.19995880126953,128.82400512695312,84.68019104003906,32.957332611083984,40.190616607666016,96.15889739990234,153.0710906982422,68.31365966796875,302.189697265625,350.6315002441406,320.1843566894531,191.6999969482422,205.8629608154297,87.84281158447266,481.2525329589844
2025-05-09,197.3163604736328,433.6394348144531,116.3565673828125,148.3306121826172,57.98267364501953,247.13865661621094,40.45307540893555,550.4561157226562,118.18124389648438,70.4897232055664,148.4495086669922,20.46670150756836,72.35650634765625,365.84588623046875,129.64794921875,102.38301086425781,130.18710327148438,84.46090698242188,33.17820358276367,40.8889045715332,95.68896484375,152.11590576171875,67.68976593017578,302.3728942871094,348.5653991699219,321.53717041015625,194.85000610351562,204.41404724121094,86.88240051269531,483.81597900390625
2025-05-12,209.776123046875,444.04730224609375,122.69058990478516,155.11865234375,59.82584762573242,253.9450225830078,41.97284698486328,573.9846801757812,123.38627624511719,72.85397338867188,148.3725128173828,21.21077537536621,76.6043701171875,364.0293273925781,128.43165588378906,104.1480712890625,133.12942504882812,87.9693832397461,34.42659378051758,42.53765106201172,95.71864318847656,155.24197387695312,66.73948669433594,300.6763610839844,361.9041442871094,338.2548828125,198.52999877929688,210.4688262939453,91.70265197753906,486.78216552734375
2025-05-13,211.90582275390625,443.9287109375,129.60311889648438,160.10113525390625,59.932559967041016,256.8355712890625,42.8634147644043,586.088623046875,125.61006164550781,73.9339370727539,142.88580322265625,21.00868034362793,72.985107421875,299.2777404785156,125.57090759277344,104.4343032836914,133.81568908691406,89.78083038330078,34.676265716552734,43.051673889160156,94.85791778564453,153.14828491210938,66.19236755371094,297.5627746582031,359.03070068359375,348.11962890625,203.4199981689453,209.39413452148438,90.43415832519531,489.67950439453125
2025-05-14,211.30873107910156,447.6846008300781,134.99954223632812,160.77206420898438,59.45722198486328,259.4038391113281,43.3087043762207,593.6500854492188,127.25120544433594,74.2160873413086,140.8836212158203,20.227861404418945,69.97541809082031,296.03875732421875,125.09410858154297,103.49930572509766,133.17645263671875,88.25540924072266,34.580238342285156,42.49885940551758,95.79779815673828,152.46327209472656,66.38435363769531,296.4156799316406,358.271484375,345.2757873535156,204.72000122070312,208.39617919921875,90.28919219970703,488.6286315917969
2025-05-15,210.43296813964844,448.6946105957031,134.4907989501953,157.26951599121094,62.338401794433594,261.2103576660156,42.9602165222168,597.8239135742188,128.67869567871094,73.54476165771484,144.0120086669922,20.760656356811523,71.24215698242188,263.6869812011719,129.75497436523438,104.548828125,133.7310791015625,88.62722778320312,34.3017578125,42.06242752075195,95.32290649414062,156.69886779785156,68.73601531982422,303.1440734863281,363.8645935058594,345.4238586425781,206.24000549316406,213.2995147705078,90.9234390258789,507.1130676269531
2025-05-16,210.24386596679688,449.82342529296875,135.0593719482422,158.34494018554688,61.7175407409668,261.2787170410156,43.26029968261719,600.8621215820312,128.3582305908203,74.11880493164062,145.66763305664062,20.971935272216797,72.44221496582031,280.5644836425781,131.16587829589844,104.1733169555664,133.58067321777344,88.1219253540039,34.349761962890625,41.74237823486328,97.19276428222656,157.5382843017578,69.11036682128906,307.1251525878906,365.9306945800781,349.1465759277344,205.82000732421875,214.9583740234375,91.80232238769531,522.002685546875
2025-05-19,207.77581787109375,454.37841796875,135.22898864746094,157.5063018798828,62.00857162475586,258.6616516113281,43.33774185180664,594.3295288085938,127.05699157714844,74.00203704833984,146.78424072265625,21.128101348876953,73.55657196044922,303.61248779296875,131.8956756591797,102.51717376708984,131.7728271484375,86.92967224121094,33.715965270996094,41.03438186645508,97.07404327392578,158.9759063720703,69.04317474365234,309.6507263183594,364.5853271484375,348.1492919921875,205.25,216.94515991210938,91.27735900878906,520.3821411132812
2025-05-20,205.8650360107422,453.685302734375,134.04196166992188,158.16732788085938,61.523521423339844,259.4428405761719,43.26029968261719,588.71923828125,125.39642333984375,73.4766616821289,147.9104766845703,21.60578155517578,74.26138305664062,309.081298828125,131.5550994873047,101.05359649658203,130.61199951171875,86.23738098144531,33.19741439819336,40.636749267578125,96.75746154785156,159.81529235839844,68.81282043457031,308.2723083496094,362.3461608886719,345.1078796386719,207.6699981689453,217.06088256835938,89.84066009521484,516.944580078125
2025-05-21,201.1179656982422,448.1401062011719,131.4684600830078,155.0791778564453,61.31010437011719,254.91180419921875,41.86636734008789,576.04248046875,121.67716217041016,71.20970153808594,147.44839477539062,21.164846420288086,73.3184585571289,291.2042541503906,129.46304321289062,99.81149291992188,128.98492431640625,83.79515838623047,32.525203704833984,39.88996505737305,95.40206146240234,159.6126708984375,68.96638488769531,305.0333557128906,356.37835693359375,338.21539306640625,203.2100067138672,213.98428344726562,88.27499389648438,505.4825744628906
2025-05-22,200.3914794921875,450.40765380859375,132.495849609375,155.2074432373047,61.4653205871582,254.55050659179688,41.9244499206543,580.6724243164062,122.60940551757812,71.40428924560547,146.8997802734375,21.164846420288086,74.13755798339844,285.13946533203125,127.954833984375,99.14710998535156,128.72802734375,82.81441497802734,32.409969329833984,39.84147262573242,94.90738677978516,159.2267303466797,68.28487396240234,302.98016357421875,351.85198974609375,340.8617858886719,203.41000366210938,215.68173217773438,89.3064956665039,506.4550476074219
2025-05-23,194.33079528808594,445.7734680175781,130.95970153808594,153.88534545898438,61.22279739379883,254.58950805664062,41.817970275878906,580.9733276367188,122.42488861083984,70.85944366455078,147.21742248535156,21.42205810546875,73.8899154663086,284.0822448730469,127.76026153564453,99.20487976074219,129.91738891601562,81.9106216430664,32.32353973388672,40.04513931274414,95.3130111694336,160.02755737304688,68.88959503173828,303.2308349609375,348.5653991699219,339.08441162109375,202.36000061035156,214.1385955810547,87.83293914794922,500.9646301269531
2025-05-27,199.24705505371094,456.18060302734375,135.1591339111328,159.7459716796875,61.84365463256836,259.06201171875,42.80533981323242,597.658935546875,125.47412109375,71.98804473876953,148.7804412841797,21.68845558166504,73.89945220947266,283.5343933105469,129.35604858398438,99.67668151855469,131.1448211669922,82.25675201416016,32.582820892333984,40.36518859863281,96.53980255126953,161.86074829101562,68.89920043945312,303.59710693359375,355.9554748535156,347.1025695800781,201.02999877929688,218.4111328125,89.84066009521484,500.5423278808594
2025-05-28,199.45602416992188,452.8831787109375,134.47084045410156,161.6600341796875,61.445919036865234,257.30426025390625,42.650455474853516,590.582763671875,123.82325744628906,71.73509216308594,147.98435974121094,21.2934513092041,72.54698944091797,286.5234680175781,128.46084594726562,98.31904602050781,129.42262268066406,81.32408905029297,32.24671936035156,39.8802604675293,96.20342254638672,161.47482299804688,68.29447937011719,301.56317138671875,353.706787109375,345.1078796386719,201.5,216.62689208984375,89.09466552734375,498.9315490722656
2025-05-29,198.98825073242188,454.1902770996094,138.83984375,160.72271728515625,61.164588928222656,258.16357421875,42.82469940185547,587.1077880859375,124.45447540283203,72.4939956665039,149.100830078125,21.541475296020508,72.76605224609375,286.58123779296875,129.2684783935547,98.87751007080078,131.22096252441406,82.30482482910156,32.342742919921875,40.21001052856445,96.0649185180664,162.6326141357422,68.62083435058594,300.61846923828125,353.92779541015625,347.3790588378906,208.17999267578125,217.186279296875,90.34718322753906,494.4725341796875
2025-05-30,199.88394165039062,455.85382080078125,134.79006958007812,163.31756591796875,61.15488815307617,257.80230712890625,42.71821594238281,585.732421875,124.3282241821289,72.75667572021484,150.6832733154297,21.578218460083008,73.18512725830078,290.17584228515625,129.97877502441406,98.50199127197266,130.0696258544922,82.06444549560547,31.737760543823242,39.550514221191406,97.66764831542969,163.9158477783203,69.20635223388672,302.5367736816406,353.92779541015625,343.66619873046875,207.32000732421875,218.6136932373047,89.83143615722656,497.2323913574219
2025-06-02,200.7298583984375,457.4480895996094,137.03440856933594,164.3436737060547,61.94066619873047,258.44677734375,42.66981506347656,584.0448608398438,124.6875228881836,72.69829559326172,150.8677215576172,21.550661087036133,72.62317657470703,292.8765869140625,129.96905517578125,99.22413635253906,131.1543426513672,83.3817138671875,32.01624298095703,40.190616607666016,98.70645141601562,161.88003540039062,69.11036682128906,303.118408203125,353.61065673828125,340.34832763671875,211.47000122070312,217.50453186035156,89.6656723022461,498.78424072265625
2025-06-03,202.29229736328125,458.43829345703125,140.86476135253906,166.87933349609375,62.43541717529297,260.01898193359375,43.221580505371094,589.029541015625,124.95942687988281,73.60313415527344,149.9163360595703,21.449615478515625,73.4708480834961,289.51263427734375,130.1052703857422,99.94630432128906,132.7814178466797,84.52590942382812,32.755672454833984,41.40292739868164,98.91421508789062,160.9827423095703,68.30406951904297,302.8373107910156,358.5309753417969,345.01898193359375,213.42999267578125,218.71011352539062,90.32876586914062,503.9996032714844
2025-06-04,201.84446716308594,459.3294677734375,141.56297302246094,165.85324096679688,62.46451950073242,258.0171203613281,42.94085693359375,584.5228271484375,124.45447540283203,73.34043884277344,148.7512969970703,21.486358642578125,74.54710388183594,288.7052917480469,129.37548828125,98.50199127197266,130.70713806152344,82.64136505126953,32.189170837402344,40.64644241333008,98.29093170166016,160.11439514160156,68.50564575195312,302.0423583984375,357.8775329589844,344.94989013671875,211.97999572753906,219.365966796875,90.7616195678711,498.72528076171875
2025-06-05,199.6649932861328,463.1021423339844,139.6378631591797,168.85260009765625,62.687644958496094,255.80043029785156,42.9602165222168,591.0293579101562,126.84335327148438,72.87342834472656,149.1785125732422,21.23833656311035,73.92803192138672,284.3417663574219,130.32908630371094,98.0494384765625,130.2599334716797,82.06444549560547,32.03422927856445,40.55915832519531,96.9157485961914,157.07518005371094,68.06410217285156,299.5315856933594,357.0845947265625,344.58453369140625,209.02000427246094,218.6136932373047,89.21439361572266,501.642333984375
2025-06-06,202.9391632080078,465.7757263183594,141.36349487304688,171.694091796875,64.08457946777344,259.49169921875,43.787872314453125,598.9502563476562,128.00863647460938,74.2647476196289,150.50851440429688,21.449615478515625,75.21381378173828,291.43487548828125,129.97877502441406,100.39884185791016,133.40939331054688,83.86245727539062,32.799251556396484,41.25745391845703,96.43096923828125,158.25225830078125,68.4864501953125,297.9610595703125,355.198974609375,348.9194641113281,210.8000030517578,220.648681640625,90.48533630371094,510.7175598144531
2025-06-09,200.48106384277344,468.1225280761719,142.27120971679688,174.7822723388672,63.92935562133789,260.47796630859375,43.69049835205078,598.4820556640625,128.13487243652344,74.3912124633789,150.70269775390625,22.019155502319336,75.55669403076172,291.4060974121094,129.80360412597656,101.0728530883789,133.93270874023438,84.65090942382812,33.04134750366211,41.93634796142578,96.41117095947266,156.84359741210938,68.88959503173828,295.4599914550781,353.13934326171875,353.5802917480469,217.50999450683594,219.0573272705078,91.46156311035156,512.3773803710938
2025-06-10,201.69517517089844,466.3104553222656,143.59786987304688,175.10784912109375,63.2017936706543,262.2942810058594,43.90471649169922,599.7989501953125,128.00863647460938,73.40853881835938,151.88711547851562,22.322298049926758,77.48060607910156,291.98272705078125,130.5139617919922,103.23933410644531,136.39707946777344,87.67002868652344,34.39708709716797,42.8238410949707,96.28257751464844,157.11376953125,69.4463119506836,291.2430114746094,355.75982666015625,354.07403564453125,215.72999572753906,218.21823120117188,94.36262512207031,506.6219787597656
2025-06-11,197.8238983154297,467.9938049316406,142.4805908203125,174.02256774902344,62.27050018310547,261.8548583984375,43.55418014526367,608.87109375,127.99893188476562,72.90261840820312,150.7318115234375,22.487646102905273,76.49959564208984,298.4896240234375,131.63294982910156,105.2517318725586,137.75772094726562,89.7564926147461,34.56171417236328,43.7308349609375,94.77877044677734,156.409423828125,69.17755889892578,292.4935607910156,348.555908203125,358.58673095703125,214.0,217.79388427734375,93.16535949707031,511.5524597167969
2025-06-12,198.24188232421875,474.1826477050781,144.64527893066406,197.188720703125,63.153289794921875,261.9427185058594,43.44707489013672,609.7879638671875,128.10574340820312,72.00751495361328,152.09100341796875,22.818347930908203,77.9282455444336,306.1210021972656,132.77139282226562,105.65613555908203,137.9385223388672,91.04490661621094,34.50361633300781,43.65281677246094,93.81912231445312,157.44178771972656,69.34072875976562,293.8895568847656,351.1667175292969,356.43408203125,203.75,218.0157012939453,92.94432067871094,507.64337158203125
2025-06-13,195.50511169433594,470.3109436035156,141.62269592285156,212.34344482421875,62.173484802246094,258.73004150390625,42.931007385253906,598.5015869140625,125.74601745605469,70.40216064453125,152.51815795898438,22.542768478393555,77.82347869873047,301.34417724609375,131.9637908935547,107.95740509033203,138.83291625976562,93.22752380371094,35.152427673339844,45.3010139465332,93.43328094482422,154.64378356933594,68.65437316894531,292.677734375,342.9474182128906,352.5730895996094,200.32000732421875,216.31826782226562,92.09703063964844,500.5030517578125
2025-06-16,197.4656219482422,474.45001220703125,144.33602905273438,208.2784881591797,63.551029205322266,264.0129699707031,43.24258804321289,612.4608154296875,127.11524200439453,71.1707763671875,150.6929931640625,22.414159774780273,77.8812026977539,297.8014831542969,130.39718627929688,108.30403900146484,138.94711303710938,91.34297943115234,34.774757385253906,44.208709716796875,93.28487396240234,155.2227020263672,68.17103576660156,287.2296142578125,341.88372802734375,357.8955078125,201.6999969482422,216.12538146972656,93.10088348388672,515.0881958007812
2025-06-17,194.69900512695312,473.36077880859375,143.76742553710938,205.39752197265625,63.376407623291016,263.19268798828125,43.067317962646484,609.3294677734375,126.32865905761719,70.53837585449219,147.93582153320312,22.04671287536621,75.3031234741211,298.9726867675781,128.71383666992188,109.7676010131836,141.63034057617188,91.82373046875,34.939388275146484,44.84263610839844,93.24529266357422,152.9456787109375,67.30101776123047,283.371337890625,337.26165771484375,353.1952209472656,200.25999450683594,213.9071044921875,91.7931137084961,513.791748046875
2025-06-18,195.63449096679688,475.5392150878906,145.1240997314453,208.0515594482422,63.87116622924805,267.5284729003906,43.875511169433594,619.6697387695312,128.6884002685547,72.7177505493164,146.3339385986328,21.936479568481445,76.27471160888672,297.3562316894531,128.84033203125,108.98767852783203,141.00233459472656,90.18917083740234,34.71665954589844,44.22821807861328,94.07633972167969,152.46327209472656,66.90467071533203,280.7732849121094,335.56939697265625,355.2886047363281,197.67999267578125,213.98428344726562,91.36945343017578,515.6185913085938
2025-06-20,200.03321838378906,472.72705078125,143.49807739257812,202.42774963378906,64.33679962158203,268.5440368652344,44.3039436340332,625.0933837890625,128.8729248046875,73.35990905761719,145.42135620117188,22.019155502319336,76.05345153808594,292.33251953125,129.40469360351562,110.44161987304688,142.29635620117188,91.04490661621094,34.70697021484375,44.50129699707031,95.09537506103516,153.4859619140625,66.5469970703125,278.66961669921875,338.0738525390625,355.99957275390625,198.75,213.91677856445312,91.42471313476562,512.082763671875
2025-06-23,200.53082275390625,481.24285888671875,143.8173065185547,204.27276611328125,65.3651123046875,271.7372741699219,45.082908630371094,631.0244140625,130.12562561035156,74.92634582519531,146.90675354003906,22.07427406311035,77.11163330078125,291.045166015625,129.66738891601562,107.59151458740234,139.73683166503906,88.17962646484375,32.66367721557617,42.862850189208984,96.82671356201172,155.36740112304688,67.41702270507812,280.6666259765625,345.17144775390625,361.6380310058594,201.30999755859375,216.75230407714844,92.46542358398438,504.9129638671875
2025-06-24,199.3365936279297,485.3125915527344,147.53817749023438,212.3927764892578,65.85985565185547,274.6570739746094,45.433448791503906,645.881103515625,131.97067260742188,75.99657440185547,147.75135803222656,22.331483840942383,77.26554107666016,295.82684326171875,134.35745239257812,104.31774139404297,136.58740234375,85.94892883300781,32.44095230102539,41.42921447753906,96.955322265625,154.7209930419922,67.87135314941406,282.5570068359375,348.5172119140625,368.3428039550781,200.94000244140625,216.61724853515625,92.66802978515625,504.9325866699219
2025-06-25,200.59051513671875,487.45147705078125,153.93247985839844,207.90357971191406,66.15089416503906,277.391357421875,45.61845016479492,653.4508056640625,133.738037109375,76.93060302734375,147.8387451171875,22.285552978515625,76.64025115966797,292.3421630859375,133.69580078125,104.34663391113281,136.2829132080078,85.5739517211914,32.131065368652344,41.37069320678711,96.22322082519531,153.37985229492188,67.31068420410156,276.8180236816406,349.9096374511719,366.9208679199219,198.89999389648438,213.9071044921875,91.5168228149414,497.7038269042969
2025-06-26,200.03321838378906,492.58074951171875,154.64077758789062,209.97552490234375,66.88815307617188,281.97125244140625,46.21241760253906,670.3170776367188,135.7093505859375,77.79652404785156,147.57659912109375,22.267181396484375,75.83219909667969,292.9229431152344,130.06634521484375,105.90648651123047,137.43421936035156,87.39118957519531,32.760520935058594,42.09239196777344,94.99642181396484,153.05181884765625,67.15602111816406,276.8955993652344,351.4954833984375,377.0917663574219,202.5800018310547,218.33399963378906,92.64960479736328,499.4619445800781
2025-06-27,200.11282348632812,491.0856018066406,157.36410522460938,207.42999267578125,66.59712982177734,280.3697509765625,45.88135528564453,673.877685546875,136.62217712402344,77.34896087646484,147.96495056152344,22.22125244140625,76.0919418334961,299.20501708984375,130.75721740722656,105.31913757324219,136.8157501220703,86.69889831542969,32.9348258972168,41.546241760253906,96.23310089111328,154.23855590820312,67.98735809326172,282.6345520019531,356.56243896484375,379.8862609863281,214.5500030517578,220.7161865234375,93.18376922607422,504.1861877441406
2025-06-30,204.18316650390625,492.54119873046875,157.60350036621094,215.70787048339844,67.30529022216797,283.10400390625,46.07609558105469,690.4024047851562,136.78726196289062,77.95219421386719,148.29502868652344,22.267181396484375,76.149658203125,301.9734191894531,132.34326171875,103.79779815673828,136.244873046875,86.28546142578125,32.73146057128906,40.97084045410156,96.73766326904297,153.717529296875,68.39337158203125,283.235595703125,354.53179931640625,383.3423767089844,209.52999877929688,224.60296630859375,92.9627456665039,501.0036926269531
2025-07-01,206.82041931152344,487.2336120605469,152.9249725341797,216.033447265625,67.03366088867188,283.5923156738281,46.88427734375,689.14404296875,136.99119567871094,79.28512573242188,151.37257385253906,23.002073287963867,78.69888305664062,315.6893615722656,132.58651733398438,105.18431854248047,138.50941467285156,88.44884490966797,34.08720397949219,41.79981231689453,97.19276428222656,155.55072021484375,69.2827377319336,288.3929138183594,360.8364562988281,386.0184020996094,209.7899932861328,230.28363037109375,96.2137680053711,500.8756103515625
2025-07-02,211.41819763183594,486.2830505371094,156.86532592773438,226.90614318847656,66.5389175415039,285.1449890136719,47.42955780029297,698.3428955078125,138.7294464111328,80.13158416748047,151.02308654785156,23.2592830657959,79.25682067871094,297.7046813964844,130.49447631835938,106.92713928222656,140.80252075195312,90.80452728271484,34.774757385253906,42.84334945678711,96.56947326660156,155.5314178466797,68.54804229736328,285.6203918457031,359.5697326660156,393.4342346191406,212.02999877929688,230.75619506835938,97.19921112060547,512.6497192382812
2025-07-03,212.52284240722656,493.9571838378906,158.9501953125,234.14805603027344,67.70028686523438,290.4435729980469,47.643775939941406,705.94189453125,139.97242736816406,81.3380355834961,151.45994567871094,23.31439971923828,77.85234069824219,298.6629333496094,130.81558227539062,108.034423828125,141.17359924316406,90.07379150390625,34.52298355102539,42.71656036376953,97.31148529052734,155.17442321777344,68.973388671875,285.08721923828125,359.40533447265625,392.871337890625,215.9199981689453,231.8556671142578,95.900634765625,513.2999877929688
2025-07-07,208.940185546875,492.84814453125,157.85289001464844,229.15567016601562,67.2708740234375,286.4892578125,47.38087463378906,693.5044555664062,139.58399963378906,80.11212921142578,150.74154663085938,23.185794830322266,77.82349395751953,293.9780578613281,130.0955352783203,106.98490142822266,140.25064086914062,88.98728942871094,33.84511184692383,42.27769470214844,98.29093170166016,154.85604858398438,68.64472198486328,284.55401611328125,355.498779296875,386.6010437011719,218.6300048828125,230.843017578125,92.87984466552734,502.7772521972656
2025-07-08,208.99989318847656,491.7589111328125,159.60858154296875,231.36575317382812,66.93904876708984,277.47174072265625,45.91056823730469,680.1890869140625,137.04946899414062,79.38241577148438,151.24636840820312,23.534866333007812,78.2756118774414,297.8402099609375,129.7647247314453,109.95054626464844,145.80740356445312,92.1025619506836,35.38484191894531,44.61832046508789,96.05501556396484,152.3378143310547,67.90036010742188,282.75091552734375,355.3633728027344,389.3461608886719,218.52000427246094,231.27700805664062,94.28894805908203,501.4175109863281
2025-07-09,210.12445068359375,498.5815124511719,162.48153686523438,232.6582489013672,67.60267639160156,277.8446044921875,45.60871505737305,679.4866943359375,137.4573211669922,79.5770034790039,151.72207641601562,23.47974967956543,80.52661895751953,293.2037048339844,129.62847900390625,109.5750503540039,145.5980682373047,90.89105987548828,35.10401153564453,44.442779541015625,95.77800750732422,151.98086547851562,67.16567993164062,284.05963134765625,358.7864685058594,397.13720703125,226.60000610351562,230.2353973388672,94.07711791992188,501.8313293457031
2025-07-10,211.3883514404297,496.5713806152344,163.6985626220703,232.3517303466797,67.10496520996094,282.7802429199219,45.73529815673828,691.7388305664062,138.9527587890625,80.13158416748047,153.09097290039062,23.681846618652344,80.8248291015625,289.91265869140625,129.9982452392578,110.66307830810547,146.6923065185547,91.69873046875,35.49136734008789,44.71585464477539,93.84879302978516,152.91671752929688,67.44600677490234,289.2654113769531,360.9718322753906,403.2101135253906,226.08999633789062,228.35470581054688,94.7862548828125,511.5560607910156
2025-07-11,210.14434814453125,498.3933410644531,164.5165557861328,227.96177673339844,66.31446838378906,281.47515869140625,45.501609802246094,687.6710815429688,138.1662139892578,80.31643676757812,152.32400512695312,23.562423706054688,80.18993377685547,294.3555603027344,128.46084594726562,111.14452362060547,147.77700805664062,91.92949676513672,36.1305046081543,45.16447448730469,93.39369201660156,151.52737426757812,67.54268646240234,290.7389221191406,357.8485107421875,400.830322265625,226.83999633789062,227.54457092285156,93.26666259765625,504.8659973144531
2025-07-14,207.61656188964844,498.09625244140625,163.66864013671875,226.69618225097656,66.18759155273438,283.2806396484375,45.83266830444336,695.8164672851562,139.80734252929688,81.17263793945312,152.24635314941406,23.286840438842773,80.4881362915039,290.94830322265625,128.47055053710938,109.6905746459961,144.2945098876953,90.54491424560547,35.07496643066406,43.95514678955078,94.75898742675781,148.35305786132812,67.15602111816406,292.648681640625,357.8871765136719,400.6822204589844,230.50999450683594,229.59886169433594,92.2075424194336,500.1366271972656
2025-07-15,208.10421752929688,500.8688659667969,170.28240966796875,232.3121795654297,65.56298828125,281.1709899902344,44.936851501464844,685.2908325195312,137.4961700439453,76.72628021240234,150.6444549560547,22.60706901550293,78.4198989868164,282.3625793457031,128.51943969726562,108.71807861328125,143.38108825683594,88.98728942871094,33.96131896972656,41.63401794433594,94.37313842773438,147.31101989746094,67.04967498779297,290.457763671875,346.7959899902344,399.5663757324219,230.0,226.9369354248047,91.66416931152344,496.0576171875
2025-07-16,209.149169921875,500.6708068847656,170.9507598876953,238.5807342529297,65.74842071533203,280.45465087890625,44.820003509521484,691.4462280273438,135.74818420410156,77.74787902832031,159.9741668701172,22.60706901550293,79.29529571533203,283.1175842285156,128.7637939453125,108.06332397460938,142.64842224121094,87.98731994628906,33.496490478515625,41.575504302978516,94.13570404052734,148.32412719726562,66.9626693725586,289.7597961425781,345.5969543457031,407.7030944824219,229.89999389648438,228.46078491210938,91.75626373291016,500.2549133300781
2025-07-17,209.0098419189453,506.6913146972656,172.57676696777344,245.94677734375,66.65603637695312,284.4581298828125,45.78398513793945,688.5392456054688,136.82611083984375,77.55328369140625,158.22666931152344,22.57950782775879,78.4198989868164,278.8392028808594,117.7874984741211,107.51448059082031,144.03761291503906,89.23727416992188,33.57395935058594,42.47274398803711,94.07633972167969,150.1476287841797,68.23870849609375,291.1848449707031,347.18280029296875,412.8280029296875,231.0,229.89784240722656,91.63655090332031,491.7913818359375
2025-07-18,210.16424560546875,505.05743408203125,171.98822021484375,242.68397521972656,66.41205596923828,285.8023681640625,46.07609558105469,690.8999633789062,136.7581329345703,78.45812225341797,158.92567443847656,22.47846031188965,76.91922760009766,273.5928955078125,120.87609100341797,103.7688980102539,142.76260375976562,88.11231231689453,32.266639709472656,42.541011810302734,94.03677368164062,150.6693115234375,67.52335357666016,287.98577880859375,347.5308837890625,408.52264404296875,229.33999633789062,228.13287353515625,91.37866973876953,492.4613952636719
2025-07-21,211.4580078125,505.0673522949219,170.9607391357422,240.7954864501953,66.695068359375,285.5080261230469,46.23189163208008,688.6953735351562,136.40855407714844,78.10786437988281,159.56642150878906,22.285552978515625,76.2939453125,273.0992126464844,121.6091537475586,104.03850555419922,142.42005920410156,87.49695587158203,32.47968673706055,41.936344146728516,94.65016174316406,150.60130310058594,67.73602294921875,286.6964111328125,352.0176696777344,406.4116516113281,229.32000732421875,226.85980224609375,91.08397674560547,488.9340515136719
2025-07-22,213.36875915527344,500.32421875,166.6213836669922,235.4266815185547,66.5194091796875,285.9593811035156,46.5142707824707,683.2422485351562,135.99098205566406,80.15103912353516,163.03228759765625,23.093931198120117,78.50647735595703,275.9934387207031,122.88956451416016,104.51031494140625,142.76260375976562,89.4007339477539,33.264076232910156,42.48250198364258,94.82823944091797,153.79733276367188,67.33968353271484,290.02154541015625,358.7574768066406,413.4681091308594,228.47999572753906,228.17144775390625,93.14694213867188,498.24493408203125
2025-07-23,213.11996459960938,500.9183654785156,170.36221313476562,239.17396545410156,66.96834564208984,291.1893615722656,46.87453842163086,699.9329223632812,138.09823608398438,81.4353256225586,164.16818237304688,23.296030044555664,80.78636169433594,283.136962890625,122.9873046875,105.84870910644531,145.69322204589844,91.38143920898438,34.02909851074219,43.34072494506836,94.66004180908203,153.75845336914062,66.8563461303711,289.0036315917969,363.921142578125,423.7753601074219,233.8800048828125,230.76583862304688,95.34805297851562,507.5853271484375
2025-07-24,212.73184204101562,505.8793640136719,173.31500244140625,240.093505859375,66.64627838134766,290.9832458496094,47.11796951293945,701.55224609375,138.3798370361328,81.6007308959961,164.61476135253906,23.286840438842773,80.91140747070312,269.65325927734375,122.80158996582031,106.6767807006836,148.2717742919922,91.9391098022461,34.12594985961914,43.52602767944336,95.57024383544922,154.27333068847656,66.79832458496094,285.4750061035156,360.7687683105469,425.6881408691406,231.27000427246094,216.50152587890625,94.42707824707031,507.0828552246094
2025-07-25,212.85128784179688,508.6816711425781,173.0755615234375,242.35769653320312,67.03665161132812,293.014404296875,47.176395416259766,711.112060546875,138.87510681152344,82.0385513305664,163.39151000976562,23.165363311767578,81.48858642578125,272.0538330078125,123.68125915527344,106.30126190185547,147.32980346679688,91.2948989868164,34.34867477416992,43.60405349731445,96.43096923828125,153.7779083251953,66.86600494384766,289.34295654296875,362.9444580078125,429.8804016113281,233.05999755859375,216.27005004882812,95.37567901611328,509.76287841796875
2025-07-28,213.02044677734375,507.48345947265625,176.317626953125,244.91851806640625,66.28518676757812,292.6807861328125,46.96217346191406,705.9126586914062,138.4381103515625,80.82237243652344,161.37216186523438,22.71681785583496,80.8633041381836,273.079833984375,123.49555969238281,107.30265808105469,148.699951171875,93.28520965576172,34.861915588378906,44.42327117919922,96.56947326660156,152.62188720703125,65.82197570800781,290.0699768066406,364.7720947265625,429.07763671875,236.41000366210938,217.08018493652344,93.55215454101562,503.03338623046875
2025-07-29,210.25384521484375,507.55279541015625,175.08062744140625,247.1629180908203,66.32422637939453,291.464111328125,46.68954086303711,714.0385131835938,139.40921020507812,80.41374969482422,163.20704650878906,22.707473754882812,79.48768615722656,252.70437622070312,125.11804962158203,108.68917846679688,149.41358947753906,94.21786499023438,34.50361633300781,44.33549499511719,97.28180694580078,152.13616943359375,67.06900024414062,293.4145202636719,364.8784484863281,426.2134094238281,226.0800018310547,213.83961486816406,83.66093444824219,504.9546813964844
2025-07-30,208.04449462890625,508.2162170410156,178.83145141601562,247.7759246826172,66.63652038574219,294.0054626464844,46.69927215576172,712.8386840820312,140.74929809570312,79.56727600097656,162.38185119628906,22.24958610534668,78.64115905761719,257.51513671875,125.64585876464844,107.74557495117188,146.11187744140625,92.94868469238281,33.08976745605469,43.31147003173828,96.54969024658203,148.51272583007812,66.45999908447266,294.32574462890625,359.7921142578125,430.2470703125,225.83999633789062,214.2639617919922,80.29019927978516,500.392822265625
2025-07-31,206.5716094970703,528.2779541015625,177.43487548828125,250.91021728515625,66.44133758544922,290.6790466308594,46.027408599853516,705.8541259765625,139.30210876464844,78.4483871459961,159.9353485107422,21.7636661529541,75.14920806884766,241.56320190429688,123.33917236328125,107.49522399902344,144.2849884033203,91.66989135742188,32.73146057128906,42.85309982299805,96.93553924560547,146.17156982421875,65.62863159179688,290.8940124511719,355.373046875,434.1122741699219,221.83999633789062,214.4472198486328,79.3508071899414,516.6499633789062
2025-08-01,201.40660095214844,518.9798583984375,173.29502868652344,241.6655731201172,65.49467468261719,283.9380798339844,44.45973587036133,692.1777954101562,136.00680541992188,75.67550659179688,162.44979858398438,21.9505558013916,76.27471160888672,230.1510009765625,124.41432189941406,105.5694808959961,144.056640625,89.18920135498047,32.00517272949219,42.33620834350586,97.44009399414062,146.346435546875,66.56632995605469,293.6278076171875,361.3199157714844,424.8655090332031,221.89999389648438,209.97213745117188,77.82199096679688,493.60430908203125
2025-08-04,202.37193298339844,530.39697265625,179.55966186523438,249.6842041015625,66.84146118164062,288.7362365722656,44.64474105834961,708.2343139648438,138.2264862060547,75.48091888427734,166.05160522460938,21.987937927246094,76.82303619384766,233.2581329345703,126.99466705322266,103.38375854492188,143.71409606933594,89.27574157714844,31.84054946899414,41.79981231689453,98.52835845947266,146.45327758789062,66.66299438476562,294.9267883300781,368.2434997558594,429.8308410644531,222.33999633789062,212.94265747070312,78.30088806152344,503.0432434082031
2025-08-05,201.9439697265625,522.584228515625,177.82391357421875,252.78878784179688,65.89480590820312,285.9005126953125,44.362361907958984,703.2398071289062,137.34645080566406,75.85063171386719,165.76036071777344,23.12798500061035,77.7176742553711,242.95706176757812,127.73751068115234,103.25857543945312,145.61709594726562,89.61225891113281,32.44095230102539,42.01436996459961,98.25135040283203,146.21041870117188,66.75000762939453,289.6337585449219,372.6819152832031,430.3561096191406,224.86000061035156,213.20306396484375,79.92179870605469,501.0923767089844
2025-08-06,212.2243194580078,519.8016967773438,178.9810791015625,253.5402374267578,67.54412078857422,285.8808898925781,44.226043701171875,706.9760131835938,138.16781616210938,75.5101089477539,165.61473083496094,22.361722946166992,76.41899871826172,237.90432739257812,127.97207641601562,102.5556869506836,145.3697052001953,89.52572631835938,31.821184158325195,41.48773193359375,102.25817108154297,148.49330139160156,67.19467163085938,298.2519226074219,374.0260009765625,423.9042053222656,225.0399932861328,211.43809509277344,79.43368530273438,502.1368103027344
2025-08-07,218.9716796875,515.7418823242188,180.32778930664062,246.57955932617188,68.21752166748047,281.55364990234375,43.73918533325195,702.0985717773438,137.79623413085938,74.96526336669922,166.5272979736328,22.642061233520508,77.31364440917969,236.82989501953125,129.07655334472656,102.0164794921875,145.7312774658203,89.03536224365234,31.75339698791504,42.511756896972656,102.02074432373047,149.1053009033203,68.08403778076172,298.4942626953125,373.4168395996094,413.3987731933594,227.3300018310547,208.88230895996094,79.65471649169922,499.1809387207031
2025-08-08,228.2468719482422,516.9300537109375,182.2530517578125,247.23214721679688,70.06202697753906,283.3395080566406,44.8005256652832,703.5911254882812,140.0061492919922,76.18858337402344,168.27481079101562,22.96912384033203,77.62147521972656,242.8505859375,131.2463836669922,102.83492279052734,147.49154663085938,90.2949447631836,31.83086585998535,43.22370147705078,102.62423706054688,149.12472534179688,67.99702453613281,296.1095275878906,375.0412902832031,412.8041076660156,229.1199951171875,208.6219024658203,79.82049560546875,502.85601806640625
2025-08-11,226.34388732910156,516.6627807617188,181.61460876464844,249.83250427246094,68.968994140625,284.12445068359375,44.946590423583984,701.6107177734375,140.69064331054688,75.93412780761719,168.75054931640625,22.96912384033203,76.98656463623047,244.2831573486328,128.39236450195312,101.90093231201172,146.0072021484375,89.92955780029297,31.34667205810547,42.628787994384766,102.82210540771484,150.55274963378906,68.39337158203125,295.0528259277344,374.7319030761719,404.89532470703125,225.9600067138672,208.75692749023438,79.48894500732422,499.5159606933594
2025-08-12,228.80477905273438,524.0595703125,182.71192932128906,250.99920654296875,69.66189575195312,287.35272216796875,46.251365661621094,725.1591186523438,144.02503967285156,77.78379821777344,167.74085998535156,23.034536361694336,77.24629974365234,253.1883544921875,128.06005859375,102.18978118896484,146.94918823242188,90.9487533569336,31.898651123046875,43.05790328979492,102.51541900634766,150.6595916748047,68.35470581054688,292.4160461425781,382.9221496582031,409.028076171875,232.61000061035156,209.2969970703125,80.52043914794922,498.402587890625
2025-08-13,232.47125244140625,515.484375,181.14576721191406,241.4282684326172,68.70549774169922,285.0762634277344,45.99820327758789,726.4369506835938,144.48460388183594,76.22772216796875,169.33302307128906,23.5111141204834,79.56465148925781,263.1002502441406,126.47664642333984,103.60521697998047,148.309814453125,92.18910217285156,32.4893684387207,43.643062591552734,99.91344451904297,150.970458984375,68.11302947998047,295.74114990234375,393.73297119140625,410.00927734375,233.3699951171875,211.9299774169922,81.21115112304688,505.9793701171875
2025-08-14,231.92327880859375,517.3657836914062,181.57470703125,242.1995086669922,67.63197326660156,288.6381530761719,46.455841064453125,728.8854370117188,145.21800231933594,77.71528625488281,169.624267578125,23.46438980102539,79.61275482177734,262.79052734375,126.35936737060547,103.39338684082031,147.63426208496094,91.96794891357422,32.1697998046875,43.662567138671875,99.77493286132812,149.34815979003906,67.23335266113281,299.5024719238281,387.0995178222656,413.7753601074219,233.19000244140625,210.44471740722656,81.55192565917969,471.790283203125
2025-08-15,230.73764038085938,515.078369140625,180.00856018066406,245.48208618164062,64.60658264160156,285.0370178222656,45.70608139038086,712.8093872070312,141.42401123046875,75.45458984375,171.48828125,23.492422103881836,81.00759887695312,294.2684631347656,128.7735595703125,103.49057006835938,148.95684814453125,91.66027069091797,31.94707679748535,43.506526947021484,99.16507720947266,149.950439453125,67.59101867675781,299.48309326171875,386.1905517578125,404.1520080566406,235.25999450683594,210.1538848876953,81.4874496459961,481.6036071777344
2025-08-18,230.0402374267578,512.0383911132812,181.5647430419922,246.26318359375,65.3385238647461,286.0574951171875,46.66032409667969,713.0435791015625,141.5706787109375,75.7873306274414,171.10963439941406,23.42700958251953,81.01722717285156,298.6048889160156,127.3270034790039,103.71409606933594,147.78651428222656,91.12708282470703,32.24726867675781,43.116416931152344,99.85922241210938,151.27159118652344,66.82733154296875,299.2601318359375,381.6651306152344,408.958740234375,232.41000366210938,209.795166015625,81.17778778076172,483.8993225097656
2025-08-19,229.71145629882812,504.7801818847656,175.21034240722656,231.97601318359375,65.1530990600586,285.203857421875,46.81612014770508,703.6983642578125,140.87643432617188,75.87541198730469,172.6144561767578,23.660627365112305,81.70022583007812,294.4910583496094,128.2848663330078,104.39437103271484,146.237548828125,90.89442443847656,32.28600311279297,42.87260055541992,100.44430541992188,153.8750457763672,67.79402923583984,301.4219055175781,393.7522888183594,412.3779296875,225.0,210.12478637695312,82.3882827758789,482.23419189453125
2025-08-20,225.17819213867188,500.76983642578125,174.97091674804688,232.4110565185547,65.49467468261719,286.754150390625,47.07902145385742,703.0154418945312,140.92530822753906,76.4919662475586,173.62411499023438,23.716693878173828,81.44049072265625,290.2320556640625,129.44796752929688,105.47310638427734,147.41128540039062,91.98987579345703,32.30537796020508,43.1749382019043,101.713623046875,154.9533233642578,68.34503173828125,303.50616455078125,388.4726257324219,416.8377990722656,225.6199951171875,210.37686157226562,81.58129119873047,485.4659118652344
2025-08-21,224.072265625,500.1251525878906,174.5519256591797,230.53245544433594,65.4068374633789,285.9986267089844,46.99138641357422,698.4014892578125,140.8470916748047,76.16901397705078,173.7114715576172,24.053102493286133,82.80648803710938,293.62957763671875,129.0178985595703,106.15339660644531,149.65296936035156,91.88323974609375,32.741153717041016,43.457763671875,97.14210510253906,154.19561767578125,68.30638122558594,303.6419372558594,384.5660400390625,414.1618957519531,224.4600067138672,210.78404235839844,80.8399887084961,479.5936584472656
2025-08-22,226.92173767089844,503.09075927734375,177.55458068847656,233.706298828125,65.69963073730469,290.6790466308594,48.179317474365234,723.7056274414062,144.7388458251953,77.41189575195312,174.0609893798828,24.183927536010742,84.04743957519531,297.5691833496094,129.5945587158203,108.14564514160156,152.18325805664062,93.82211303710938,34.48424530029297,44.69635009765625,96.02154541015625,154.1373291015625,67.79402923583984,304.46588134765625,399.1576843261719,431.7832946777344,230.1199951171875,216.02891540527344,83.34541320800781,488.687744140625
2025-08-25,226.323974609375,500.14495849609375,179.37013244628906,232.75711059570312,65.52395629882812,289.3642578125,48.179317474365234,720.6815795898438,144.37705993652344,78.4786376953125,173.20664978027344,23.492422103881836,82.06578063964844,295.0912170410156,128.89083862304688,108.59268188476562,152.20249938964844,95.1793212890625,34.52298355102539,45.25225067138672,95.26788330078125,151.68931579589844,66.63400268554688,303.8551940917969,395.3961486816406,428.4433288574219,226.8699951171875,213.8766632080078,82.33197021484375,480.71685791015625
2025-08-26,228.46604919433594,497.9430847167969,181.3253173828125,231.57064819335938,66.7438735961914,292.96533203125,48.9290771484375,730.592529296875,145.6678009033203,79.77047729492188,172.600341796875,23.286840438842773,81.75794219970703,290.8031311035156,128.61717224121094,108.34972381591797,151.39434814453125,94.08386993408203,34.203407287597656,44.90114974975586,95.24805450439453,151.51446533203125,66.44066619873047,303.3705139160156,394.0810546875,427.41259765625,234.8300018310547,215.76715087890625,82.0692367553711,480.57891845703125
2025-08-27,229.6417236328125,502.6047668457031,181.15576171875,233.15260314941406,66.79267120361328,293.6620178222656,49.05565643310547,731.2948608398438,146.0687255859375,80.73934936523438,172.8937225341797,23.42700958251953,80.87293243408203,294.1426086425781,128.49012756347656,109.57424926757812,153.20306396484375,94.90789031982422,34.84254837036133,45.71061706542969,95.27780151367188,152.4761962890625,66.5373306274414,301.9066162109375,394.7579345703125,428.81005859375,235.6199951171875,214.4971466064453,82.44458770751953,485.820556640625
2025-08-28,231.70408630371094,505.4810791015625,179.72923278808594,237.61178588867188,67.75884246826172,295.4184265136719,49.16276931762695,732.806884765625,146.85098266601562,80.2304458618164,171.58323669433594,22.98781394958496,80.04563903808594,292.60357666015625,128.40213012695312,110.1573486328125,153.28004455566406,95.44107055664062,35.32674026489258,46.33478927612305,95.30754852294922,151.20359802246094,66.08299255371094,302.6725158691406,393.9940490722656,431.0300598144531,236.16000366210938,214.59410095214844,81.89094543457031,484.20477294921875
2025-08-29,231.28562927246094,502.5551452636719,173.75389099121094,223.58169555664062,67.42700958251953,295.7618713378906,49.406192779541016,730.8748779296875,147.1443328857422,80.42617797851562,173.2653350830078,23.137327194213867,80.92102813720703,299.9406433105469,129.66299438476562,111.07086181640625,154.51150512695312,95.94518280029297,35.675357818603516,46.43231201171875,96.1702880859375,152.5538787841797,66.6919937133789,303.9521179199219,393.33648681640625,415.3016357421875,234.67999267578125,212.80056762695312,82.05047607421875,471.59320068359375
2025-09-02,228.87454223632812,500.9979553222656,170.36221313476562,222.7610321044922,66.1680679321289,294.07415771484375,49.0946044921875,716.7526245117188,145.55047607421875,80.03471374511719,174.13571166992188,23.34290885925293,82.22931671142578,298.9049072265625,128.49012756347656,111.45960235595703,155.69488525390625,95.96456146240234,34.765079498291016,46.86143112182617,97.03302001953125,153.47674560546875,66.7596664428711,307.8420715332031,392.8916931152344,412.3382873535156,237.3800048828125,210.9585418701172,79.97669219970703,469.7605895996094
2025-09-03,237.59234619140625,501.22607421875,170.20260620117188,220.931884765625,66.04119110107422,293.8876953125,48.744075775146484,716.46826171875,145.237548828125,78.79181671142578,174.07704162597656,23.165363311767578,80.97874450683594,298.0144348144531,129.19384765625,108.75790405273438,152.06781005859375,91.75721740722656,34.164756774902344,45.154720306396484,98.60974884033203,153.651611328125,66.6919937133789,308.456298828125,394.2454528808594,411.41656494140625,232.3800048828125,207.4684295654297,80.03299713134766,462.6074523925781
2025-09-04,238.89752197265625,503.82470703125,171.2400665283203,220.48696899414062,66.3534927368164,298.1168212890625,49.28935241699219,734.4545288085938,147.19322204589844,80.0836410522461,174.82028198242188,22.931747436523438,80.85368347167969,300.4343566894531,129.8096160888672,109.23410034179688,151.71182250976562,92.84297943115234,35.15065383911133,45.457054138183594,100.08731079101562,154.64248657226562,65.97665405273438,309.04119873046875,400.3525085449219,416.4710998535156,230.75,208.593017578125,79.27291870117188,467.90826416015625
2025-09-05,238.80784606933594,490.9605407714844,166.61141967773438,230.17654418945312,65.28973388671875,288.85400390625,48.73125076293945,723.9707641601562,144.80731201171875,77.27489471435547,174.49755859375,23.249462127685547,81.48858642578125,305.28375244140625,129.9366912841797,106.15339660644531,147.83462524414062,90.10917663574219,34.965187072753906,44.77436447143555,99.67081451416016,155.44874572753906,65.6963119506836,306.49664306640625,407.41259765625,419.30560302734375,229.61000061035156,207.71080017089844,79.79840087890625,466.2923889160156
2025-09-08,237.00450134277344,494.13446044921875,167.89825439453125,235.79251098632812,65.27021026611328,287.4115905761719,48.42771911621094,727.5404663085938,145.49179077148438,77.4510498046875,174.2041778564453,22.94108772277832,80.89217376708984,309.9880676269531,129.21339416503906,106.75592041015625,148.16172790527344,88.6065444946289,34.9261360168457,44.25747299194336,101.42603302001953,154.46762084960938,65.1839599609375,304.9562683105469,408.3753356933594,419.00823974609375,230.9499969482422,208.19552612304688,79.12277221679688,474.42095947265625
2025-09-09,233.48751831054688,494.34271240234375,170.34225463867188,238.7883758544922,65.7191390991211,292.2588806152344,49.240394592285156,749.1847534179688,148.84576416015625,79.03648376464844,173.05996704101562,23.09060287475586,81.39239501953125,336.77142333984375,128.9690399169922,107.53339385986328,148.97952270507812,89.052490234375,34.9261360168457,44.02341842651367,101.43595123291016,154.90475463867188,65.5996322631836,304.6833190917969,403.9020080566406,414.3600769042969,229.52000427246094,207.66232299804688,79.19784545898438,468.5979309082031
2025-09-10,225.95533752441406,496.2867126464844,176.8961944580078,324.6299743652344,66.4901351928711,294.8984069824219,49.083736419677734,754.735595703125,150.70362854003906,78.58629608154297,171.91575622558594,22.959779739379883,80.8344497680664,335.6679382324219,126.43755340576172,109.33129119873047,151.8080291748047,91.43729400634766,35.29707336425781,45.405887603759766,99.5716552734375,152.8550262451172,65.56097412109375,298.268310546875,401.85009765625,419.1370849609375,227.52000427246094,205.23863220214844,78.68174743652344,464.4105224609375
2025-09-11,229.18341064453125,496.9215087890625,176.7465362548828,304.3906555175781,66.06072235107422,299.82415771484375,49.690799713134766,769.5934448242188,153.01132202148438,79.51602172851562,174.5660400390625,23.23077392578125,81.911865234375,342.2790832519531,129.65322875976562,108.98143005371094,152.25059509277344,91.25310516357422,35.170169830322266,45.12154769897461,101.79295349121094,154.09848022460938,65.36764526367188,300.6958923339844,411.7594909667969,427.5315246582031,219.99000549316406,208.73843383789062,79.43243408203125,469.44525146484375
2025-09-12,233.20852661132812,505.7389221191406,177.39501953125,288.8873291015625,64.92864990234375,301.1488342285156,49.52434158325195,765.0134887695312,152.92332458496094,79.72154235839844,174.13571166992188,22.30565643310547,79.66084289550781,341.2143249511719,130.70883178710938,109.00086212158203,151.15382385253906,89.60507202148438,34.72114944458008,44.778377532958984,102.62593841552734,153.38931274414062,64.77794647216797,297.7418518066406,411.0495910644531,427.6702575683594,215.94000244140625,205.00595092773438,79.15092468261719,463.5829162597656
2025-09-15,235.828857421875,511.1543884277344,177.32516479492188,298.735107421875,65.4068374633789,303.1014099121094,49.53413391113281,771.584228515625,153.16778564453125,79.672607421875,173.49024963378906,22.39910125732422,78.70880126953125,338.8668212890625,128.36305236816406,109.18550872802734,151.3462371826172,89.50812530517578,33.94023895263672,44.5822868347168,102.82426452636719,152.34988403320312,64.49546813964844,294.495361328125,411.0690002441406,432.0508728027344,215.75,205.27740478515625,78.84126281738281,462.2035217285156
2025-09-16,237.2735137939453,504.8859558105469,174.46202087402344,303.19427490234375,65.31900787353516,303.385986328125,49.60267639160156,770.3779296875,152.35617065429688,79.65303039550781,172.5709991455078,22.333688735961914,78.77680206298828,330.9671936035156,129.76072692871094,111.44988250732422,153.49169921875,91.65057373046875,34.39902877807617,46.82757568359375,102.5565185546875,153.5350341796875,64.5246810913086,295.6847839355469,409.8437194824219,436.7386474609375,215.02000427246094,204.51148986816406,79.94853210449219,461.7995910644531
2025-09-17,238.11044311523438,505.8579406738281,169.8829803466797,298.01336669921875,66.08999633789062,305.89794921875,50.32722854614258,778.900390625,153.9207305908203,80.71977233886719,173.294677734375,22.473859786987305,78.82537841796875,332.7497253417969,131.13890075683594,112.04270935058594,154.02085876464844,90.95258331298828,33.95977020263672,46.26870346069336,103.3994140625,155.74989318847656,65.30397033691406,297.3226013183594,405.51629638671875,446.6395263671875,214.6300048828125,205.21922302246094,78.99140930175781,462.21337890625
2025-09-18,237.00450134277344,504.3008117675781,175.81878662109375,293.27734375,67.02689361572266,307.35015869140625,51.041996002197266,788.7957153320312,155.71014404296875,81.7179946899414,170.32168579101562,22.567302703857422,79.20425415039062,326.13580322265625,131.5298614501953,110.72100830078125,152.81820678710938,90.62297821044922,33.91096115112305,46.435394287109375,102.73501586914062,152.82591247558594,64.73898315429688,293.5887145996094,405.9830627441406,462.7940979003906,215.66000366210938,203.78439331054688,79.80777740478516,469.11029052734375
2025-09-19,244.59646606445312,513.703369140625,176.24774169921875,305.181640625,66.56820678710938,308.8710632324219,51.15948486328125,789.4723510742188,156.36529541015625,82.83367919921875,172.3069610595703,22.455169677734375,79.18482208251953,327.9573059082031,132.9666290283203,109.64226531982422,150.28794860839844,89.11064910888672,33.60835647583008,45.19998550415039,101.47562408447266,151.5824432373047,64.70975494384766,294.7975769042969,404.24237060546875,462.3778991699219,215.64999389648438,202.979736328125,78.87879180908203,462.7158203125
2025-09-22,255.1374969482422,510.25189208984375,183.17117309570312,324.4519958496094,66.1192855834961,306.57501220703125,50.83637237548828,790.0216064453125,157.14756774902344,83.34258270263672,170.37057495117188,22.464513778686523,78.10648345947266,332.44775390625,133.5335235595703,108.86479949951172,150.13401794433594,89.19790649414062,33.11052703857422,44.86661911010742,101.9615249633789,148.6973114013672,64.49546813964844,295.39227294921875,400.65399169921875,467.88824462890625,212.08999633789062,202.6210174560547,79.038330078125,462.12469482421875
2025-09-23,253.49359130859375,505.0744323730469,178.0035400390625,310.2933654785156,65.91432189941406,306.8693542480469,50.620967864990234,790.7669677734375,157.19644165039062,82.56944274902344,172.68833923339844,22.548614501953125,77.67904663085938,338.6720275878906,132.82003784179688,110.74044036865234,151.4520721435547,90.61328125,33.666927337646484,45.513736724853516,101.66403198242188,148.14358520507812,64.9825210571289,295.5872497558594,399.593994140625,467.0557556152344,216.33999633789062,202.92156982421875,79.20723724365234,464.725830078125
2025-09-24,251.38140869140625,505.9869079589844,176.54702758789062,304.98388671875,65.69963073730469,307.5366516113281,50.620967864990234,777.1448974609375,154.3802947998047,82.31498718261719,172.79591369628906,22.51123809814453,77.3973159790039,342.6851501464844,130.86521911621094,111.33325958251953,153.14532470703125,92.70726776123047,33.784061431884766,45.97455978393555,101.87227630615234,148.0658721923828,64.729248046875,296.69866943359375,398.4853820800781,465.5988464355469,215.10000610351562,202.2332305908203,78.72866821289062,462.0360107421875
2025-09-25,255.92462158203125,502.8923645019531,177.2653045654297,288.0469055175781,66.21686553955078,307.5660400390625,50.7678337097168,779.429931640625,155.42657470703125,82.52050018310547,173.81298828125,22.0533504486084,75.38636016845703,336.59722900390625,130.29832458496094,112.3342514038086,154.62696838378906,93.8511962890625,33.76453399658203,46.07261276245117,102.18961334228516,147.80357360839844,64.27141571044922,294.71954345703125,396.2292785644531,459.5830383300781,213.52999877929688,201.36070251464844,77.49002838134766,459.8290100097656
2025-09-26,254.51980590820312,507.28619384765625,177.76409912109375,280.265625,65.60203552246094,310.12701416015625,51.12031936645508,787.0304565429688,156.5608673095703,83.1957778930664,175.74935913085938,22.202865600585938,76.31897735595703,335.1556396484375,130.53289794921875,113.9183349609375,154.08819580078125,95.47016143798828,34.67234420776367,46.54323959350586,102.29869079589844,148.14358520507812,63.96944046020508,297.5858459472656,398.79656982421875,461.60479736328125,221.25999450683594,201.83575439453125,78.55976104736328,457.15887451171875
2025-09-29,253.49359130859375,510.4005432128906,181.41537475585938,279.5735168457031,66.08999633789062,309.76397705078125,51.3259391784668,788.6094360351562,157.58758544921875,82.84345245361328,177.6172637939453,22.286964416503906,76.33840942382812,336.2271423339844,130.10284423828125,111.00284576416016,150.18211364746094,92.9205322265625,34.27212905883789,47.16094207763672,102.2193603515625,149.1441650390625,64.32986450195312,295.39227294921875,395.59716796875,467.40264892578125,217.0800018310547,202.89248657226562,79.29167938232422,458.6368103027344
2025-09-30,253.69287109375,513.7232666015625,186.13406372070312,278.0706481933594,66.77313995361328,309.50885009765625,50.51326370239258,780.9891967773438,155.4363555908203,82.03118133544922,181.33352661132812,23.810138702392578,81.5357894897461,336.3440246582031,130.91409301757812,109.57424926757812,149.40280151367188,91.69904327392578,33.54978561401367,46.32753372192383,102.19952392578125,149.26072692871094,64.60260772705078,296.26971435546875,394.0315246582031,472.8932189941406,215.8300018310547,204.07525634765625,78.3814697265625,452.10137939453125
2025-10-01,254.5098419189453,515.4689331054688,186.79248046875,285.7530822753906,67.09520721435547,304.8774719238281,49.622257232666016,770.3583374023438,153.41224670410156,79.1441421508789,181.9496307373047,25.4267635345459,87.55892944335938,339.26617431640625,130.45469665527344,108.83564758300781,148.71974182128906,92.5424575805664,34.25260543823242,46.788360595703125,101.10871124267578,148.80413818359375,65.05069732666016,292.98419189453125,386.08648681640625,476.53045654296875,215.1999969482422,203.76499938964844,79.17908477783203,446.6337890625
2025-10-02,256.1836853027344,511.53131103515625,188.43853759765625,285.5256652832031,66.6657943725586,301.7767639160156,49.426429748535156,764.3465576171875,151.85748291015625,78.78202819824219,181.8811798095703,25.30528450012207,86.95661926269531,344.5456237792969,129.9855499267578,108.15536499023438,147.55560302734375,90.5260238647461,33.29599380493164,43.36648941040039,100.85087585449219,147.70643615722656,64.3883056640625,292.36029052734375,384.1318664550781,486.1934814453125,217.42999267578125,204.56968688964844,80.29573059082031,456.6098937988281
2025-10-03,257.0703430175781,513.1281127929688,187.17156982421875,282.9154357910156,66.68544006347656,304.2102355957031,49.583091735839844,774.7421875,154.09671020507812,78.94840240478516,184.4825439453125,25.576278686523438,86.64573669433594,350.85760498046875,131.54940795898438,110.06988525390625,147.72879028320312,91.28219604492188,33.44240951538086,43.97439193725586,101.21778869628906,147.920166015625,64.92406463623047,293.4327087402344,384.18048095703125,493.4085388183594,216.3000030517578,202.6695098876953,81.43114471435547,457.657958984375
2025-10-06,255.74526977539062,524.256591796875,185.0965576171875,288.30401611328125,67.6574478149414,304.8511047363281,49.33831024169922,781.4109497070312,154.5856475830078,78.96797943115234,184.0131378173828,24.6978816986084,86.2668685913086,349.464599609375,130.71861267089844,110.9833984375,148.18096923828125,92.00926971435547,33.76453399658203,44.51365661621094,101.842529296875,146.11328125,64.3883056640625,288.6165771484375,378.6082763671875,490.9606018066406,219.72999572753906,202.6210174560547,81.28101348876953,452.1507873535156
2025-10-07,255.5360870361328,519.7039794921875,184.59771728515625,281.03680419921875,67.7359848022461,303.38201904296875,49.240394592285156,774.4185180664062,152.51263427734375,79.40836334228516,184.72705078125,24.548368453979492,85.11080932617188,354.2278137207031,130.01486206054688,111.04171752929688,149.0372314453125,92.31949615478516,33.588829040527344,44.44501876831055,102.37802124023438,148.18243408203125,65.06044006347656,288.8895568847656,376.15771484375,482.3679504394531,221.82000732421875,202.60162353515625,80.68045806884766,456.3034362792969
2025-10-08,257.1102294921875,520.56689453125,188.65802001953125,285.37738037109375,69.05162811279297,299.7732238769531,48.79978561401367,761.531982421875,152.19972229003906,78.02845764160156,185.5093994140625,23.997034072875977,83.9353256225586,360.3254699707031,131.23663330078125,110.8084716796875,147.91159057617188,90.88471984863281,33.15933609008789,44.16068649291992,102.04085540771484,146.3852996826172,64.40779876708984,287.0176696777344,373.2208251953125,497.64044189453125,225.32000732421875,203.44508361816406,80.93382263183594,455.5519714355469
2025-10-09,253.1050262451172,518.136962890625,192.1097412109375,294.12298583984375,68.6883544921875,301.252197265625,48.75083541870117,764.9154052734375,152.8059844970703,78.18504333496094,186.8687744140625,23.585872650146484,85.00395202636719,358.1533203125,130.29832458496094,109.72974395751953,145.8911895751953,89.13973236083984,32.33938217163086,43.65082931518555,100.9202880859375,146.2784423828125,64.65132141113281,286.4424743652344,367.288818359375,495.8961486816406,216.0,197.99661254882812,80.02360534667969,451.07305908203125
2025-10-10,244.36732482910156,506.790283203125,182.72222900390625,290.16119384765625,66.705078125,296.6772155761719,47.63462448120117,749.6162719726562,148.49374389648438,75.96349334716797,186.51670837402344,23.156017303466797,83.53701782226562,345.305419921875,129.57504272460938,107.61113739013672,143.2550811767578,84.96145629882812,30.963029861450195,41.32710647583008,100.98970794677734,145.4138641357422,65.30397033691406,289.562255859375,365.4022521972656,486.9169616699219,210.72999572753906,194.7779541015625,77.76216125488281,441.3144226074219
2025-10-13,246.74851989746094,509.8550720214844,187.8699188232422,305.06744384765625,66.2337875366211,303.6580810546875,47.84024429321289,771.6038818359375,151.69125366210938,77.23574829101562,186.69273376464844,23.10929298400879,83.25529479980469,349.35748291015625,128.4119110107422,109.07860565185547,146.17982482910156,86.06661987304688,31.499902725219727,41.59183120727539,101.26737213134766,143.27670288085938,65.07018280029297,292.5845031738281,368.9225769042969,500.2568664550781,215.55999755859375,196.71690368652344,78.05303955078125,434.1560974121094
2025-10-14,246.8581085205078,509.3790283203125,179.59971618652344,296.1435241699219,67.4119873046875,297.85052490234375,49.0445671081543,755.8928833007812,151.89659118652344,82.75537872314453,186.6438446044922,22.913055419921875,82.28382110595703,350.5945739746094,130.2592315673828,109.127197265625,146.61276245117188,85.47526550292969,31.792741775512695,41.45456314086914,106.31486511230469,144.89898681640625,65.76179504394531,296.92291259765625,377.0426330566406,522.7642211914062,214.3000030517578,202.24293518066406,78.86942291259766,442.8963928222656
2025-10-15,248.42233276367188,509.2401428222656,179.40017700195312,300.7193908691406,68.25635528564453,301.4100036621094,51.18886184692383,753.117431640625,159.0445556640625,84.61483764648438,186.95677185058594,22.791576385498047,81.71065521240234,351.78289794921875,127.08815002441406,108.46635437011719,146.3433837890625,85.05839538574219,31.792741775512695,41.06237030029297,108.11967468261719,143.20870971679688,65.34293365478516,297.5956115722656,377.6065979003906,529.2855834960938,214.0,196.3194122314453,78.90694427490234,443.400634765625
2025-10-16,246.53929138183594,507.4349670410156,181.37545776367188,310.0097961425781,67.83415985107422,294.3600769042969,49.38726806640625,743.4672241210938,156.47286987304688,82.20732116699219,187.88584899902344,22.642061233520508,81.52606964111328,347.41912841796875,125.30134582519531,107.523681640625,145.9585418701172,84.25377655029297,32.13439178466797,40.238773345947266,105.5810546875,145.32643127441406,65.8397216796875,297.673583984375,376.72174072265625,536.1339721679688,211.88999938964844,196.96896362304688,80.36141204833984,452.00250244140625
2025-10-17,251.36148071289062,509.3888854980469,182.78208923339844,288.5269775390625,68.85526275634766,293.3938293457031,50.20973587036133,736.2884521484375,155.1527862548828,81.50269317626953,188.96160888671875,22.903711318969727,82.37126159667969,347.3509216308594,126.19474029541016,109.07860565185547,147.276611328125,83.8369140625,31.8513126373291,40.10150909423828,106.83053588867188,147.0749969482422,66.66771697998047,300.3643798828125,381.1075134277344,522.3778076171875,212.94000244140625,196.765380859375,81.08395385742188,453.3273620605469
2025-10-20,261.27484130859375,512.57275390625,182.20347595214844,274.5319519042969,69.36581420898438,298.1265869140625,50.9538688659668,748.5963745117188,158.379638671875,84.18421173095703,189.45057678222656,23.071916580200195,83.85760498046875,355.02655029296875,127.14705657958984,109.52564239501953,148.62351989746094,84.39918518066406,32.63221740722656,40.228965759277344,106.15621185302734,147.6190185546875,66.66771697998047,300.0523986816406,378.180419921875,527.9537353515625,216.82000732421875,199.74168395996094,81.55313873291016,457.2229309082031
2025-10-21,261.8028869628906,513.4356079101562,180.72702026367188,272.5213623046875,69.43453979492188,292.93035888671875,50.44472122192383,744.340087890625,155.7003631591797,82.95111083984375,187.65115356445312,23.2214298248291,85.12052917480469,355.8934631347656,125.21299743652344,109.53536987304688,147.9596710205078,83.76905059814453,32.720069885253906,40.11131286621094,105.33314514160156,147.28871154785156,69.37572479248047,299.7696838378906,380.1350402832031,521.4633178710938,217.25999450683594,202.69857788085938,82.63225555419922,454.6324768066406
2025-10-22,257.4988098144531,516.2921142578125,179.84912109375,270.05517578125,69.3756332397461,289.99212646484375,50.03348922729492,730.2374267578125,154.61495971679688,82.08988952636719,188.68777465820312,23.09994888305664,85.11080932617188,352.11407470703125,125.61551666259766,111.47904205322266,149.67221069335938,84.73849487304688,34.067142486572266,40.91530227661133,106.2454605102539,147.85214233398438,68.97633361816406,302.333740234375,378.2582092285156,510.78857421875,216.58999633789062,200.30397033691406,81.71266174316406,457.1437683105469
2025-10-23,258.6246032714844,516.3118896484375,181.72462463378906,277.3944091796875,68.99271392822266,290.4161071777344,50.67971420288086,736.2982788085938,155.77857971191406,82.65751647949219,188.2281494140625,23.053226470947266,84.69307708740234,351.1011047363281,124.0348892211914,112.71327209472656,150.62466430664062,87.3268814086914,35.15065383911133,42.042850494384766,105.96780395507812,147.8618621826172,68.12887573242188,299.2724914550781,374.42669677734375,517.3385620117188,217.77000427246094,213.93482971191406,81.66574096679688,464.12420654296875
2025-10-24,261.85272216796875,519.3370971679688,185.8148193359375,280.62322998046875,69.3461685180664,296.2334899902344,51.472808837890625,768.7598266601562,160.22772216796875,84.56591033935547,186.20375061035156,23.137327194213867,84.9942398071289,353.097900390625,124.53558349609375,112.13988494873047,149.66258239746094,85.33953094482422,34.974952697753906,41.73889923095703,105.28355407714844,149.1697540283203,67.90483093261719,298.1220703125,376.0312805175781,519.5550537109375,221.35000610351562,209.54310607910156,81.84403228759766,467.4264831542969
2025-10-27,267.8206787109375,527.1824951171875,191.03233337402344,278.711669921875,70.09236145019531,299.89154052734375,51.91341781616211,774.751953125,162.33985900878906,85.15310668945312,186.10597229003906,23.146671295166016,85.48968505859375,356.4876403808594,124.85956573486328,112.67439270019531,149.3931884765625,85.9793701171875,35.29707336425781,41.47417068481445,103.5977554321289,148.4361114501953,68.24576568603516,302.2265319824219,374.66009521484375,523.86865234375,223.0,208.50576782226562,83.72075653076172,472.70623779296875
2025-10-28,268.00994873046875,537.6463623046875,200.5495147705078,278.1470947265625,71.30001068115234,301.0845947265625,51.766544342041016,776.8114624023438,161.54782104492188,85.04544830322266,182.8102264404297,22.894367218017578,84.54735565185547,358.29937744140625,124.29996490478516,111.79002380371094,148.28680419921875,84.13743591308594,35.00423049926758,40.03287887573242,102.30860900878906,148.0741424560547,68.34318542480469,298.71673583984375,375.1268615722656,521.284423828125,223.3300018310547,207.8659210205078,90.42066955566406,462.9080810546875
2025-10-29,268.7073974609375,537.130615234375,206.54515075683594,272.669921875,70.03345489501953,301.2325134277344,51.482601165771484,767.9556274414062,160.3939666748047,84.16464233398438,182.48751831054688,22.698129653930664,84.11019897460938,346.045654296875,122.15973663330078,113.17001342773438,149.22003173828125,85.38801574707031,35.951087951660156,39.787757873535156,101.60453796386719,145.53074645996094,66.58003997802734,294.7683410644531,367.62921142578125,581.9337768554688,213.5800018310547,206.3922882080078,91.39656829833984,468.14825439453125
2025-10-30,270.4011535644531,521.469482421875,202.40505981445312,254.4358367919922,71.58473205566406,305.1075134277344,51.9232063293457,774.9185791015625,161.59669494628906,84.15486907958984,184.88351440429688,22.698129653930664,83.8187484741211,335.8082580566406,122.3953628540039,111.45960235595703,147.69992065429688,85.44618225097656,35.453250885009766,39.90541076660156,101.37646484375,146.32313537597656,67.19373321533203,294.8463134765625,369.09759521484375,579.6080932617188,200.0800018310547,205.83648681640625,89.20079040527344,460.159423828125
2025-10-31,269.37493896484375,513.5844116210938,202.00604248046875,260.1011657714844,71.78109741210938,306.76397705078125,52.334442138671875,774.1439208984375,161.34091186523438,85.11395263671875,184.7074737548828,23.034536361694336,83.5273208618164,332.7010192871094,121.36451721191406,111.1388931274414,151.74070739746094,86.14417266845703,35.199459075927734,40.39564895629883,100.33522033691406,147.09591674804688,67.11579895019531,290.9466247558594,369.1365051269531,573.7537841796875,201.02000427246094,207.0914306640625,90.47696685791016,456.4220275878906
2025-11-03,268.0597839355469,512.810791015625,206.3855438232422,255.38665771484375,73.09674072265625,305.0187683105469,52.44214630126953,770.3681640625,160.99659729003906,85.4369125366211,182.15499877929688,23.043880462646484,80.13687133789062,325.132568359375,121.58049774169922,110.55580139160156,148.20021057128906,85.863037109375,36.13655090332031,40.12111282348633,100.74179077148438,144.79708862304688,66.20989227294922,288.93829345703125,367.9306640625,567.1243286132812,204.5500030517578,203.42953491210938,88.29058074951172,456.72857666015625
2025-11-04,269.0461730957031,510.1327819824219,198.21511840820312,245.79913330078125,71.00545501708984,304.920166015625,52.42256546020508,775.5757446289062,161.3507537841797,85.2705307006836,182.74179077148438,22.707473754882812,81.46778869628906,322.2492980957031,123.50474548339844,110.92509460449219,147.5748291015625,85.22321319580078,35.258026123046875,39.29751968383789,101.4161148071289,143.96559143066406,66.88201904296875,291.7070617675781,372.5303649902344,544.2540893554688,198.0500030517578,202.08206176757812,87.50235748291016,463.01678466796875
2025-11-05,269.14581298828125,503.02130126953125,194.74342346191406,247.91868591308594,70.78945922851562,307.31610107421875,51.35531234741211,777.7921752929688,162.5017852783203,85.09436798095703,181.90072631835938,22.997159957885742,81.982666015625,319.23944091796875,122.26773071289062,110.47805786132812,146.87252807617188,85.01962280273438,35.67776107788086,38.973960876464844,100.622802734375,142.61563110351562,66.73590087890625,298.00506591796875,363.54486083984375,565.693115234375,197.6199951171875,202.68894958496094,87.18331909179688,468.34600830078125
2025-11-06,268.7771301269531,493.04339599609375,187.63047790527344,241.47088623046875,69.74871826171875,309.03179931640625,52.17778015136719,772.388427734375,160.77032470703125,84.20379638671875,182.84934997558594,23.2214298248291,83.3330078125,313.2197265625,122.67024993896484,111.27496337890625,147.14190673828125,83.04198455810547,35.4922981262207,39.51321792602539,100.8310546875,142.94822692871094,67.27165222167969,290.9271545410156,358.90625,566.3192749023438,196.5,201.51632690429688,87.8307876586914,470.0169677734375
2025-11-07,267.4819030761719,492.76568603515625,187.70028686523438,236.9742431640625,69.7781753540039,309.8106689453125,52.089656829833984,771.17236328125,159.72750854492188,84.6465072631836,182.45819091796875,23.230937957763672,83.8187484741211,315.801025390625,124.05452728271484,113.9183349609375,149.14306640625,84.17622375488281,35.78514099121094,40.50350570678711,101.73343658447266,143.77972412109375,68.72306823730469,292.14581298828125,360.8900146484375,559.6797485351562,194.61000061035156,199.6236572265625,90.03593444824219,462.5125732421875
2025-11-10,268.6985778808594,501.87078857421875,198.57424926757812,238.5292510986328,70.77963256835938,312.4532165527344,52.30506896972656,781.8228759765625,162.3739013671875,84.70553588867188,184.25762939453125,23.192901611328125,84.27534484863281,313.2392272949219,123.59310150146484,114.89018249511719,149.74917602539062,85.53343200683594,36.029170989990234,40.98393630981445,101.56486511230469,142.3319549560547,68.69384002685547,291.5998229980469,360.228759765625,567.3827514648438,194.80999755859375,201.68089294433594,87.3240737915039,469.0381164550781
2025-11-11,274.5028076171875,504.5289001464844,192.69833374023438,233.8939666748047,70.40653991699219,311.2009582519531,52.510684967041016,794.6799926757812,163.80039978027344,84.79408264160156,189.55816650390625,24.257930755615234,88.35552978515625,318.95697021484375,124.68285369873047,116.40623474121094,150.31680297851562,87.91824340820312,36.71247100830078,41.032958984375,102.57634735107422,145.30575561523438,69.75562286376953,299.135986328125,363.933837890625,564.48046875,195.2100067138672,206.1450958251953,89.17264556884766,472.5579528808594
2025-11-12,272.7276611328125,506.9688415527344,193.3367919921875,224.82147216796875,72.61564636230469,315.9239196777344,52.98066711425781,822.7871704101562,167.16493225097656,84.86294555664062,190.1058349609375,24.600261688232422,88.84127044677734,330.2658386230469,126.46965026855469,114.7929916381836,147.50750732421875,86.3477554321289,35.20922088623047,41.11139678955078,102.57634735107422,144.78729248046875,69.65821838378906,299.2432556152344,360.9095153808594,569.53955078125,195.5,207.35885620117188,90.25176239013672,475.35601806640625
2025-11-13,272.2090759277344,499.1828918457031,186.41339111328125,215.49147033691406,75.97347259521484,305.1469421386719,51.766544342041016,789.9627685546875,162.9248046875,83.32820892333984,190.94686889648438,24.524187088012695,90.279052734375,323.89544677734375,126.90160369873047,115.44412231445312,149.6818084716797,86.68705749511719,35.44349670410156,41.19963836669922,101.68387603759766,144.73838806152344,69.2296142578125,299.8671875,357.93377685546875,550.187744140625,194.5800018310547,205.58963012695312,90.05470275878906,468.06915283203125
2025-11-14,271.6705322265625,506.0166320800781,189.71546936035156,220.7210235595703,76.58220672607422,299.3591003417969,51.5119743347168,775.6541748046875,161.20318603515625,83.67253875732422,191.6118621826172,23.83001708984375,90.26934051513672,313.5119323730469,128.2073516845703,116.94403076171875,151.6444854736328,88.57746124267578,36.05845642089844,41.925193786621094,101.62438201904297,144.45469665527344,69.3172836303711,299.3309631347656,352.3809814453125,550.6649169921875,194.52000427246094,205.962158203125,90.0640869140625,470.8573303222656
2025-11-17,266.7339782714844,503.3486328125,186.15402221679688,217.75958251953125,76.36621856689453,296.1644592285156,50.40555953979492,760.6002807617188,156.86468505859375,82.06893920898438,195.18145751953125,23.849035263061523,90.2110595703125,312.2066955566406,127.65756225585938,115.36569213867188,148.9506378173828,86.8064956665039,34.94566345214844,40.87608337402344,102.09043884277344,142.64498901367188,68.8497085571289,297.2543640136719,348.1702575683594,548.6968994140625,191.80999755859375,202.89920043945312,89.92089080810547,470.61016845703125
2025-11-18,266.7139892578125,489.7604064941406,180.92654418945312,218.38356018066406,75.96366119384766,295.2178955078125,50.56222152709961,761.3259887695312,157.238525390625,82.50182342529297,195.59219360351562,24.200876235961914,93.67920684814453,305.44671630859375,127.62812042236328,116.68914031982422,149.44679260253906,87.74578857421875,35.179935455322266,41.68988037109375,100.54346466064453,143.78952026367188,69.37572479248047,296.9521484375,327.2137451171875,543.5582885742188,189.6300048828125,198.10818481445312,88.62252807617188,468.50421142578125
2025-11-19,267.83099365234375,483.14483642578125,186.07420349121094,223.37542724609375,76.96512603759766,299.02386474609375,50.934288024902344,770.8290405273438,159.65863037109375,82.79695892333984,198.04685974121094,23.658851623535156,92.33858489990234,301.07318115234375,123.84835815429688,115.04218292236328,147.57894897460938,86.08245849609375,35.00423049926758,40.640769958496094,99.76998138427734,143.78952026367188,69.2685775756836,295.1485595703125,325.2882385253906,549.75048828125,185.6999969482422,197.1975860595703,88.22156524658203,469.4137878417969
2025-11-20,265.5272521972656,475.41387939453125,180.20823669433594,208.6772003173828,74.06874084472656,294.20233154296875,49.935577392578125,758.776123046875,156.12684631347656,81.06546783447266,198.5945281982422,23.202411651611328,92.2608642578125,303.45965576171875,121.70813751220703,114.71866607666016,146.2266845703125,85.58345031738281,34.3502197265625,40.405452728271484,106.21570587158203,144.96337890625,69.36598205566406,296.532958984375,323.22662353515625,542.8128662109375,179.3800048828125,194.68307495117188,86.7513656616211,470.95623779296875
2025-11-21,270.75299072265625,469.1436462402344,178.4524688720703,196.86114501953125,74.71675109863281,293.84735107421875,50.48388671875,759.0997924804688,155.60543823242188,81.76396942138672,199.40621948242188,23.81100082397461,94.97127532958984,311.67095947265625,125.77259826660156,114.7774887084961,145.90567016601562,85.48561096191406,35.326358795166016,40.63096237182617,104.44065856933594,147.63394165039062,71.06092071533203,301.5928039550781,333.8653564453125,547.0867919921875,179.6999969482422,196.62844848632812,90.36959075927734,481.7431335449219
2025-11-24,275.1710205078125,471.0118103027344,182.11370849609375,198.36663818359375,74.85419464111328,293.8276672363281,50.846168518066406,775.4580688476562,160.18988037109375,83.28887176513672,201.5088653564453,23.98216438293457,97.53596496582031,310.77484130859375,124.869384765625,113.68932342529297,145.68191528320312,85.6715087890625,34.857810974121094,40.621158599853516,103.19116973876953,143.77972412109375,70.71025085449219,297.2543640136719,327.31097412109375,556.2010498046875,179.1199951171875,195.22116088867188,89.31944274902344,481.7332763671875
2025-11-25,276.2181396484375,473.98297119140625,177.39501953125,195.14768981933594,74.93274688720703,298.75762939453125,51.38468551635742,786.8440551757812,162.74771118164062,83.72173309326172,203.39845275878906,24.457622528076172,102.64591979980469,317.8173522949219,125.71369934082031,112.25802612304688,144.49505615234375,84.75178527832031,35.043277740478516,40.6015510559082,106.10663604736328,145.25685119628906,70.72972869873047,302.66522216796875,341.40191650390625,563.1685180664062,182.44000244140625,197.66323852539062,90.2550277709961,492.5102844238281
2025-11-26,276.79656982421875,482.4393310546875,179.8291473388672,203.00193786621094,74.68728637695312,303.33270263671875,51.88404846191406,800.2700805664062,165.217041015625,84.17427825927734,204.27435302734375,24.44811248779297,101.6452865600586,321.1583557128906,126.19474029541016,112.5129165649414,145.4484405517578,85.2116470336914,34.80900192260742,40.61135482788086,108.18909454345703,145.02207946777344,70.99273681640625,304.5663146972656,345.68072509765625,570.2451782226562,186.9199981689453,196.59742736816406,91.33380126953125,464.569091796875
2025-11-28,278.0930480957031,488.9082946777344,176.57696533203125,200.02069091796875,75.5414810180664,308.696533203125,52.530269622802734,810.1065063476562,166.90914916992188,84.45957946777344,203.64450073242188,24.476642608642578,101.839599609375,321.2168273925781,126.54817199707031,113.64029693603516,147.02442932128906,86.77714538574219,35.37516784667969,41.18003463745117,109.58732604980469,144.9340362548828,71.22652435302734,304.0008544921875,347.0908203125,572.262939453125,189.0,198.87393188476562,91.4483642578125,459.249755859375
2025-12-01,282.33148193359375,483.6714782714844,179.48997497558594,199.02032470703125,74.6578369140625,304.59478759765625,52.12882614135742,795.2193603515625,165.7384490966797,84.01687622070312,202.08950805664062,24.02971076965332,98.9251708984375,314.826904296875,125.6744155883789,114.33634185791016,148.3961181640625,88.31328582763672,35.7265739440918,41.51339340209961,110.59880828857422,144.22972106933594,70.5791015625,297.73370361328125,347.489501953125,564.6096801757812,186.4600067138672,196.83543395996094,90.90420532226562,462.82891845703125
2025-12-02,285.4131164550781,486.91094970703125,181.02630615234375,199.17881774902344,75.47274780273438,303.5693359375,52.07986831665039,803.448974609375,166.34837341308594,84.9219741821289,202.16822814941406,23.915599822998047,98.14799499511719,316.1224670410156,124.0152587890625,113.11092376708984,146.1683349609375,87.36420440673828,35.4922981262207,41.160423278808594,111.4714584350586,142.6841278076172,69.323486328125,294.9385070800781,344.2803955078125,578.93212890625,205.3800048828125,199.8673095703125,91.24787902832031,463.85723876953125
2025-12-03,283.378662109375,474.7182922363281,179.1607666015625,205.74546813964844,76.33676147460938,307.75982666015625,52.961082458496094,824.5007934570312,170.90330505371094,87.90289306640625,202.0796661376953,24.314985275268555,99.35260772705078,330.8990173339844,123.0040512084961,115.48332977294922,147.471923828125,89.82984924316406,36.94347381591797,41.621246337890625,113.45476531982422,143.51560974121094,69.4608154296875,301.79412841796875,348.0535583496094,587.8973999023438,202.5399932861328,200.1984405517578,93.75868225097656,476.38427734375
2025-12-04,279.93804931640625,477.8087158203125,182.95188903808594,212.2824249267578,76.34658813476562,311.67425537109375,53.02962112426758,825.7425537109375,172.05435180664062,88.74897003173828,199.2747802734375,24.43860626220703,98.0119857788086,324.8403015136719,123.11204528808594,114.8363037109375,148.12371826171875,91.11160278320312,37.504268646240234,41.83694839477539,113.88117218017578,142.1950225830078,69.10768127441406,302.608154296875,343.7079162597656,595.5109252929688,201.8699951171875,198.91531372070312,90.46504974365234,477.5806579589844
2025-12-05,278.0232238769531,480.11407470703125,181.98416137695312,215.50137329101562,76.5527572631836,310.62908935546875,53.0985221862793,842.231201171875,173.6480712890625,88.37512969970703,198.73348999023438,24.752408981323242,96.8753662109375,322.3272705078125,122.79788208007812,114.24811553955078,145.9251251220703,91.6693115234375,37.838775634765625,41.60163497924805,114.14891815185547,140.3265838623047,68.66625213623047,305.2464904785156,347.0747985839844,599.5064697265625,201.88999938964844,197.98402404785156,90.570068359375,469.7499694824219
2025-12-08,277.1356506347656,487.92449951171875,185.11683654785156,218.43309020996094,77.42657470703125,310.79669189453125,53.04930877685547,854.1862182617188,173.962890625,88.60139465332031,198.4283905029297,24.505168914794922,96.1078872680664,317.3457336425781,119.8624267578125,113.6991195678711,144.67018127441406,90.87677001953125,37.62233352661133,40.552528381347656,112.61185455322266,135.32785034179688,68.91149139404297,303.83416748046875,342.47467041015625,592.876953125,206.27000427246094,198.66697692871094,91.21925354003906,461.08880615234375
2025-12-09,276.42755126953125,488.918212890625,184.53817749023438,219.41363525390625,78.06476593017578,296.3025207519531,52.69499206542969,863.93359375,175.93045043945312,87.45035552978516,196.794677734375,24.086763381958008,94.12608337402344,317.3261413574219,119.03775787353516,115.92448425292969,144.45616149902344,91.41490936279297,37.68136215209961,40.73881530761719,114.09932708740234,136.5897674560547,68.75453186035156,304.8149108886719,337.9332580566406,590.7499389648438,200.3699951171875,196.78367614746094,92.57489013671875,457.6381530761719
2025-12-10,278.0232238769531,475.5430603027344,183.35096740722656,220.87948608398438,78.79131317138672,305.7680969238281,53.226470947265625,876.4109497070312,176.79620361328125,89.22119903564453,203.2705078125,24.514678955078125,94.83527374267578,322.003662109375,120.31404113769531,117.1891098022461,147.29681396484375,94.71223449707031,39.285030364990234,41.172733306884766,112.23503875732422,136.775634765625,68.87225341796875,304.5599060058594,343.66876220703125,611.6124267578125,198.72000122070312,198.73941040039062,95.12387084960938,463.61004638671875
2025-12-11,277.2752380371094,480.4221496582031,180.50759887695312,196.95030212402344,77.8291244506836,312.9363098144531,53.698890686035156,897.8865966796875,177.3667755126953,91.09042358398438,206.68557739257812,24.5336971282959,96.18561553955078,330.2015686035156,121.03072357177734,117.1891098022461,146.6255645751953,94.6241683959961,39.688411712646484,40.630340576171875,114.55549621582031,137.69515991210938,67.79320526123047,303.7556457519531,349.8642578125,621.8101196289062,200.7100067138672,200.59165954589844,95.9258041381836,470.57061767578125
2025-12-12,277.52459716796875,475.5132751464844,174.6114044189453,188.15513610839844,76.38584899902344,314.0603332519531,54.26973342895508,875.1494140625,175.51727294921875,91.2576675415039,208.23072814941406,24.581241607666016,97.4388198852539,335.21246337890625,123.17094421386719,116.48326873779297,145.9154052734375,93.47940826416016,38.81278610229492,40.502132415771484,115.96154022216797,139.72987365722656,69.17634582519531,310.63092041015625,352.0076904296875,594.258544921875,204.3800048828125,200.3950653076172,96.34585571289062,479.3306579589844
2025-12-15,273.3658752441406,471.82666015625,175.87841796875,183.15338134765625,76.82766723632812,315.53936767578125,54.45674133300781,876.7559204101562,174.90733337402344,91.39540100097656,210.7797393798828,25.132774353027344,98.23243713378906,334.4868469238281,126.12602996826172,115.44412231445312,145.73056030273438,92.3248519897461,38.271671295166016,39.63430404663086,116.05097198486328,141.97000122070312,69.6177749633789,312.6022644042969,349.40423583984375,586.1779174804688,205.5,204.31686401367188,95.53437042236328,482.50445556640625
2025-12-16,273.8645324707031,473.38677978515625,177.3050994873047,186.8477325439453,76.14038848876953,311.13189697265625,53.9449462890625,866.4664916992188,173.6480712890625,90.69690704345703,205.98683166503906,24.27695083618164,96.28266906738281,327.7206115722656,124.54540252685547,112.42469024658203,142.76339721679688,88.8122787475586,37.002506256103516,38.38186264038086,114.68964385986328,142.04827880859375,69.02920532226562,308.45361328125,345.1858215332031,585.3529052734375,206.7100067138672,205.155029296875,95.57256317138672,479.96343994140625
2025-12-17,271.1020812988281,473.1184387207031,170.54092407226562,176.75509643554688,74.61856079101562,310.5699462890625,53.689048767089844,859.744873046875,171.9658203125,91.09042358398438,207.00051879882812,23.81100082397461,97.17427825927734,325.2004699707031,124.39813995361328,115.10101318359375,145.4581756591797,92.91191101074219,37.90764236450195,40.06822204589844,114.92813110351562,144.59165954589844,69.323486328125,312.56304931640625,349.1693420410156,558.4772338867188,206.3300018310547,206.84170532226562,96.38404083251953,475.5735168457031
2025-12-18,271.45111083984375,480.9289245605469,173.73345947265625,178.3101043701172,75.5512924194336,308.6176452636719,53.40362548828125,863.6575317382812,170.15565490722656,89.99840545654297,205.0124969482422,23.81100082397461,98.65374755859375,321.77813720703125,122.837158203125,114.24811553955078,143.67788696289062,90.24079895019531,37.51410675048828,39.1806640625,114.10338592529297,142.3515167236328,69.0193862915039,313.5045471191406,347.44671630859375,562.3932495117188,208.27000427246094,204.96876525878906,97.45328521728516,469.6906433105469
2025-12-19,272.9271545410156,482.856689453125,180.56748962402344,190.1360321044922,76.99457550048828,312.7686767578125,54.39768600463867,880.5897216796875,174.11045837402344,91.50363159179688,203.1031951904297,23.953636169433594,99.04564666748047,321.0720520019531,123.16112518310547,114.3951644897461,143.73623657226562,89.9570541381836,37.46491622924805,39.07217788696289,113.6363525390625,141.31459045410156,68.72511291503906,309.7678527832031,337.66900634765625,572.7201538085938,214.0800018310547,206.0345916748047,97.30052947998047,465.26123046875
2025-12-22,270.23443603515625,481.86297607421875,183.26116943359375,196.48480224609375,76.6902084350586,318.56634521484375,54.9980583190918,886.0300903320312,176.84539794921875,92.75305938720703,204.03817749023438,23.972654342651367,102.60224151611328,318.8558654785156,122.91569519042969,115.82645416259766,145.73056030273438,91.29749298095703,37.710880279541016,39.71319580078125,111.88748931884766,139.5831298828125,68.87225341796875,310.1405029296875,339.0295104980469,578.8724975585938,216.83999633789062,202.77505493164062,96.16446685791016,463.48150634765625
2025-12-23,271.62066650390625,483.7807922363281,188.76829528808594,193.4738311767578,76.60184478759766,321.3666076660156,55.086639404296875,888.7009887695312,176.589599609375,92.93997192382812,202.5225372314453,23.658851623535156,102.915771484375,318.50286865234375,122.26773071289062,117.07147216796875,146.4212646484375,90.73001098632812,37.58297348022461,39.54554748535156,110.1982421875,140.0624542236328,68.53873443603516,304.86395263671875,337.6396789550781,578.8824462890625,216.85000610351562,202.29904174804688,95.6489486694336,460.95037841796875
2025-12-24,273.06671142578125,484.94342041015625,188.169677734375,195.60328674316406,76.60184478759766,324.5612487792969,55.36221694946289,897.6401977539062,178.70472717285156,93.75653839111328,204.49087524414062,23.801490783691406,104.29724884033203,321.22894287109375,122.53280639648438,116.87540435791016,146.41156005859375,89.820068359375,37.356693267822266,39.446929931640625,110.90375518798828,141.34396362304688,68.77415466308594,307.30609130859375,339.9592590332031,580.21435546875,218.16000366210938,203.7787628173828,96.09764862060547,462.16650390625
2025-12-26,272.6578369140625,484.6354064941406,190.085205078125,196.09852600097656,76.73930358886719,323.3188781738281,55.28348159790039,893.9541015625,178.92117309570312,93.71719360351562,204.34324645996094,23.858545303344727,104.62057495117188,325.3965759277344,122.562255859375,116.76757049560547,145.944580078125,89.56568145751953,37.17959976196289,39.29900360107422,111.03292846679688,141.5885009765625,68.53873443603516,304.7070007324219,342.3474426269531,579.458984375,216.44000244140625,204.2340850830078,95.98307800292969,463.63970947265625
2025-12-29,273.0168762207031,484.02923583984375,187.7805938720703,193.51345825195312,76.37602996826172,319.2171325683594,54.47642135620117,879.3084716796875,177.0224609375,92.98916625976562,204.27435302734375,23.77296257019043,104.46382141113281,322.5625915527344,122.29718780517578,118.1596450805664,146.8882293701172,90.63216400146484,37.28782653808594,39.851261138916016,111.81792449951172,141.4221954345703,68.82321166992188,302.59832763671875,340.06695556640625,575.0956420898438,217.25,203.94435119628906,95.16206359863281,464.9349365234375
2025-12-30,272.33868408203125,484.4068603515625,187.1021728515625,195.32598876953125,76.00294494628906,318.8917541503906,54.407527923583984,871.660400390625,176.17640686035156,92.78256225585938,203.63465881347656,23.763450622558594,103.9151382446289,325.7201843261719,123.485107421875,118.610595703125,148.17236328125,92.0704574584961,37.92732238769531,40.886741638183594,111.21178436279297,140.9135284423828,68.73491668701172,302.10797119140625,338.9903564453125,573.8829956054688,218.5,203.18893432617188,95.12387084960938,464.6383056640625
2025-12-31,271.12200927734375,480.5711669921875,186.06460571289062,193.04794311523438,75.62983703613281,317.70855712890625,54.1319465637207,866.318603515625,174.6515350341797,91.69054412841797,203.6740264892578,23.67786979675293,103.13131713867188,323.70989990234375,123.0040512084961,117.97338104248047,148.2696533203125,91.59103393554688,37.76007080078125,40.55144119262695,110.70501708984375,140.1896514892578,68.57797241210938,299.7541198730469,336.78814697265625,569.3904418945312,217.1199951171875,201.87478637695312,94.69427490234375,461.9099426269531
2026-01-02,270.27435302734375,469.95849609375,188.4091339111328,193.84031677246094,75.05733489990234,320.9229431152344,55.06695556640625,901.1488037109375,178.95068359375,93.65814971923828,204.06768798828125,23.944129943847656,104.29724884033203,329.8779296875,121.92412567138672,120.23796081542969,151.6648406982422,94.6143798828125,39.5506706237793,41.79402542114258,112.04647827148438,138.70272827148438,67.80302429199219,297.4296875,338.4715881347656,594.7753295898438,227.77000427246094,202.6922607421875,96.44131469726562,463.1302490234375
2026-01-05,266.5345458984375,469.86907958984375,187.6808319091797,190.75010681152344,74.60328674316406,329.3630676269531,55.99211883544922,934.7568359375,183.51544189453125,94.81903839111328,201.0758056640625,23.93461799621582,105.2672348022461,335.38897705078125,124.14287567138672,122.89466094970703,159.39889526367188,97.06046295166016,43.092525482177734,40.6599235534668,111.99678802490234,137.31365966796875,66.6455078125,294.0950622558594,336.7783203125,612.3578491210938,228.1300048828125,208.0834503173828,97.37689971923828,462.4357604980469
2026-01-06,261.64776611328125,475.4933776855469,186.80288696289062,191.89903259277344,74.2578125,331.41326904296875,56.346435546875,941.6853637695312,184.70584106445312,94.8288803100586,201.54820251464844,24.18185806274414,106.66831970214844,342.20428466796875,125.44861602783203,118.66941833496094,152.28746032714844,95.01554870605469,42.925270080566406,41.162872314453125,113.6164779663086,136.86366271972656,66.54740142822266,296.9490966796875,341.86785888671875,619.3054809570312,229.83999633789062,212.06732177734375,100.45095825195312,482.15948486328125
2026-01-07,259.6233215332031,480.4221496582031,188.66851806640625,190.99771118164062,73.75439453125,323.8660888671875,54.761844635009766,927.44384765625,181.79380798339844,92.76288604736328,204.20547485351562,24.03921890258789,106.40377807617188,335.0751953125,124.72212219238281,116.15975952148438,150.98387145996094,91.9139175415039,41.68561935424805,40.42324447631836,112.00672912597656,135.0343780517578,66.25312805175781,298.3124084472656,341.64276123046875,592.8968505859375,228.1199951171875,206.448486328125,100.63235473632812,471.4642333984375
2026-01-08,258.33685302734375,475.0959167480469,184.60800170898438,187.83819580078125,73.00421905517578,326.63934326171875,55.2933235168457,921.3431396484375,181.68560791015625,94.05167388916016,202.49301147460938,24.048728942871094,108.74544525146484,340.1253967285156,123.8778076171875,120.49284362792969,154.923828125,96.59081268310547,43.712345123291016,42.632266998291016,112.3545150756836,138.44837951660156,68.04826354980469,302.941650390625,351.9196472167969,604.4363403320312,227.3800048828125,212.37777709960938,102.12163543701172,496.86297607421875
2026-01-09,258.6659240722656,476.258544921875,184.42843627929688,197.14321899414062,72.92524719238281,326.0450744628906,54.968528747558594,925.4332885742188,183.2990264892578,94.39600372314453,201.154541015625,24.229400634765625,108.29474639892578,337.31103515625,123.62255096435547,122.15940856933594,157.70616149902344,95.40691375732422,44.46990966796875,42.26738357543945,113.8052749633789,138.78099060058594,69.16653442382812,301.4116516113281,366.67919921875,613.86865234375,234.52999877929688,214.59219360351562,103.1622314453125,484.2429504394531
2026-01-12,259.54351806640625,474.1717529296875,184.5082550048828,203.26048278808594,73.05358123779297,321.38995361328125,54.31895065307617,935.850830078125,183.5449676513672,93.42204284667969,206.40017700195312,24.02971076965332,106.98184204101562,333.90826416015625,122.36591339111328,121.59081268310547,157.9298858642578,93.44026947021484,44.420719146728516,42.12931823730469,117.22350311279297,140.33636474609375,69.15673065185547,300.8525695800781,366.9728088378906,625.94482421875,239.80999755859375,215.85464477539062,103.13359832763672,486.88201904296875
2026-01-13,260.34136962890625,467.70281982421875,185.376220703125,200.88705444335938,74.49469757080078,307.9297790527344,53.67920684814453,924.6152954101562,179.79673767089844,92.04470825195312,210.2679443359375,23.915599822998047,106.07064819335938,327.4558410644531,122.03211212158203,124.05144500732422,159.4183349609375,94.37956237792969,45.15860366821289,42.71116256713867,119.59838104248047,141.09938049316406,69.88262176513672,303.49090576171875,371.6707763671875,632.6638793945312,244.5500030517578,217.59304809570312,101.74931335449219,495.593017578125
2026-01-14,259.25433349609375,456.4840087890625,182.7124481201172,192.2672576904297,73.44840240478516,304.9287414550781,51.6517219543457,919.21435546875,177.84884643554688,87.80452728271484,215.09039306640625,24.324495315551758,108.76504516601562,328.46588134765625,122.7193374633789,127.63945770263672,162.69679260253906,98.1758804321289,46.21131896972656,43.70719909667969,119.28041076660156,143.1634521484375,70.07881927490234,302.2060546875,367.96136474609375,634.8703002929688,242.61000061035156,220.44903564453125,102.53215789794922,508.0740966796875
2026-01-15,257.5090637207031,453.7811279296875,186.61331176757812,188.53335571289062,74.27754974365234,306.30548095703125,51.75998306274414,961.7811889648438,188.12939453125,87.51921844482422,216.09425354003906,24.619279861450195,108.72584533691406,332.3883361816406,121.89048767089844,126.59051513671875,161.6461181640625,96.7962875366211,45.817779541015625,42.573097229003906,118.44572448730469,141.48089599609375,69.1371078491211,302.6866455078125,371.1031799316406,643.2490844726562,247.74000549316406,222.49789428710938,103.69685363769531,510.9909973144531
2026-01-16,254.83636474609375,456.9609375,185.79522705078125,189.76473999023438,74.21832275390625,309.48480224609375,52.13398742675781,948.1212158203125,186.02410888671875,86.9486083984375,215.1986541748047,24.39105987548828,106.6291275024414,324.6022644042969,120.14398193359375,127.33556365966797,161.743408203125,96.07225036621094,45.975196838378906,42.109596252441406,118.94255828857422,141.38307189941406,69.09786987304688,301.51953125,372.0917053222656,642.9608764648438,247.67999267578125,227.01988220214844,102.06436157226562,510.35601806640625
2026-01-20,246.0303192138672,451.65460205078125,177.654296875,178.67221069335938,72.402099609375,299.8477478027344,51.27771759033203,929.7599487304688,179.14744567871094,85.2564697265625,214.75579833984375,24.267440795898438,107.23657989501953,331.86859130859375,119.53221130371094,127.89437103271484,160.8094940185547,93.45983123779297,45.6997184753418,41.65595626831055,117.95882415771484,143.79928588867188,70.3829116821289,297.0177307128906,367.1391906738281,626.6422729492188,249.0,222.5496368408203,101.71113586425781,504.6809997558594
2026-01-21,246.97775268554688,441.3102111816406,182.8920440673828,172.67410278320312,72.73770904541016,299.15447998046875,51.248191833496094,939.2608642578125,180.34765625,84.72521209716797,214.55894470214844,24.619279861450195,108.8630142211914,341.0079040527344,119.12765502929688,130.982421875,162.20062255859375,95.05467987060547,47.73628234863281,42.90839767456055,118.6047134399414,142.8797607421875,70.63795471191406,299.8129577636719,376.46673583984375,642.9609375,250.07000732421875,226.792236328125,103.56320190429688,525.3472290039062
2026-01-22,247.67584228515625,448.29595947265625,184.40847778320312,176.9442596435547,73.36943817138672,300.729248046875,51.622196197509766,940.8772583007812,180.08203125,86.6141128540039,215.03135681152344,24.818973541259766,106.9720458984375,347.5976257324219,107.16851043701172,131.01182556152344,162.13255310058594,94.79049682617188,48.52336120605469,42.553375244140625,117.08439636230469,146.6654815673828,70.50062561035156,300.1463928222656,372.93341064453125,645.9794921875,251.41000366210938,230.2794189453125,104.34603881835938,518.2733154296875
2026-01-23,247.36668395996094,463.0125732421875,187.23187255859375,175.9313507080078,73.6260757446289,294.8757019042969,50.90371322631836,905.623291015625,176.09771728515625,85.55160522460938,216.6552276611328,24.79963493347168,105.99226379394531,349.3529357910156,105.99430084228516,132.31565856933594,162.19091796875,96.22879791259766,48.356109619140625,43.490238189697266,116.98502349853516,147.92355346679688,71.49137878417969,303.30450439453125,375.61517333984375,624.271240234375,252.14999389648438,229.16188049316406,103.08586120605469,510.38580322265625
2026-01-26,254.7166748046875,467.3152770996094,186.03468322753906,181.1747283935547,76.01480102539062,298.16400146484375,51.19898223876953,918.416015625,178.93101501464844,86.62396240234375,217.98387145996094,25.022008895874023,105.22804260253906,344.822509765625,107.32637786865234,132.18820190429688,162.94972229003906,96.3266372680664,48.89722442626953,43.31272888183594,116.89559936523438,147.2733612060547,71.17747497558594,306.93341064453125,378.3165588378906,633.5363159179688,248.42999267578125,228.8514404296875,102.12163543701172,512.4791870117188
2026-01-27,257.56890869140625,477.5503234863281,188.07989501953125,173.68701171875,77.66321563720703,297.44097900390625,51.34661102294922,916.306884765625,179.69837951660156,87.27326965332031,220.88717651367188,25.621456146240234,105.7375259399414,277.2190856933594,106.83301544189453,134.1390838623047,164.45761108398438,97.71602630615234,49.841712951660156,43.934017181396484,116.20002746582031,146.14039611816406,72.14861297607422,308.0906982421875,372.2776184082031,636.51513671875,244.55999755859375,228.59274291992188,102.3412094116211,515.1083984375
2026-01-28,255.74388122558594,478.5937194824219,191.0728759765625,171.60159301757812,77.9395980834961,297.89654541015625,50.99229431152344,923.2946166992188,179.38356018066406,86.60427856445312,224.11524963378906,25.002674102783203,104.73815155029297,288.3196105957031,104.64248657226562,134.87432861328125,165.31370544433594,99.20323181152344,48.080631256103516,44.210147857666016,115.83236694335938,145.1552276611328,71.66793823242188,306.7862548828125,367.3251647949219,640.8687744140625,241.58999633789062,224.17425537109375,98.99984741210938,520.8826293945312
2026-01-29,257.578857421875,430.76715087890625,192.06057739257812,167.83787536621094,77.41645050048828,303.49261474609375,52.242252349853516,926.556884765625,179.44256591796875,89.17201232910156,223.69203186035156,25.234718322753906,106.14903259277344,286.6231689453125,104.68194580078125,137.7467041015625,166.53948974609375,100.58281707763672,47.667415618896484,44.791988372802734,116.66705322265625,147.67726135253906,72.03089904785156,309.4441833496094,363.9093322753906,662.7463989257812,234.0399932861328,235.14288330078125,101.1860580444336,525.9028930664062
2026-01-30,258.775634765625,427.577392578125,190.68380737304688,163.43858337402344,77.30786895751953,302.9676818847656,52.360355377197266,921.914794921875,180.82748413085938,89.0244369506836,223.65267944335938,25.563446044921875,108.04000091552734,281.3670654296875,107.84934997558594,138.61920166015625,172.09437561035156,101.98197937011719,47.598548889160156,44.76240158081055,118.3861083984375,149.51954650878906,73.38460540771484,308.9439697265625,366.6302490234375,654.89599609375,233.72000122070312,235.4326171875,101.40563201904297,523.84912109375
2026-02-02,269.2770690917969,420.70098876953125,185.1766815185547,158.94993591308594,79.59789276123047,305.1961975097656,53.17725372314453,932.6773071289062,183.1026611328125,90.77560424804688,227.09727478027344,25.776151657104492,111.07731628417969,280.0530700683594,107.95789337158203,135.67820739746094,169.3023223876953,99.59459686279297,47.27387237548828,43.19438552856445,123.27496337890625,150.91848754882812,73.89470672607422,312.4060974121094,370.0852355957031,688.3201904296875,233.02000427246094,235.47401428222656,105.27206420898438,528.065673828125
2026-02-03,268.7485046386719,408.61767578125,179.91897583007812,153.59732055664062,82.03596496582031,311.8420715332031,53.59062957763672,925.4431762695312,180.936279296875,90.81495666503906,229.41006469726562,24.91565704345703,113.49735260009766,278.6703796386719,107.57306671142578,140.9033966064453,173.20338439941406,102.6473159790039,48.95625305175781,44.63419723510742,126.9018783569336,153.01690673828125,75.42497253417969,313.3378601074219,373.0019226074219,700.2553100585938,233.14999389648438,238.9405059814453,106.78045654296875,540.7155151367188
2026-02-04,275.73944091796875,411.5788879394531,173.78335571289062,145.65280151367188,80.11117553710938,314.2389221191406,54.505950927734375,900.1237182617188,178.13681030273438,91.63151550292969,230.75839233398438,25.892173767089844,115.93701171875,270.570556640625,106.76394653320312,144.68746948242188,176.3067169189453,105.2695083618164,50.52056884765625,46.04442596435547,127.19003295898438,154.54391479492188,75.87620544433594,317.4669189453125,378.9723205566406,689.2268676757812,235.9499969482422,243.53494262695312,111.44882202148438,562.800537109375
2026-02-05,275.1610107421875,391.1882629394531,171.47874450683594,135.53347778320312,81.29566192626953,307.1968688964844,54.07289123535156,877.56396484375,173.94256591796875,90.51981353759766,234.02581787109375,25.611785888671875,117.32828521728516,263.3434143066406,107.63227081298828,143.20716857910156,174.36105346679688,102.71580505371094,48.710289001464844,44.466552734375,126.13674926757812,156.25811767578125,77.01410675048828,317.2609558105469,374.24493408203125,675.7674560546875,236.9499969482422,241.98277282714844,111.2674331665039,561.282470703125
2026-02-06,277.36505126953125,398.6111755371094,184.97715759277344,141.8295135498047,83.723876953125,319.3199462890625,55.63779830932617,915.3508911132812,178.0181121826172,92.9024429321289,236.19100952148438,26.317584991455078,119.46420288085938,271.2863464355469,109.35904693603516,146.1187744140625,175.94677734375,105.29886627197266,49.881072998046875,45.66968536376953,130.34991455078125,156.80979919433594,77.52420043945312,320.8702087402344,376.9658508300781,723.4779052734375,243.02999877929688,246.67031860351562,112.0216293334961,578.5258178710938
2026-02-09,274.13079833984375,410.99261474609375,189.59634399414062,155.50401306152344,85.6585464477539,319.0228271484375,55.519691467285156,930.00634765625,180.38232421875,93.53517150878906,234.8623809814453,26.153221130371094,115.27075958251953,270.3548278808594,109.59586334228516,148.23629760742188,177.6395263671875,106.3555679321289,49.723655700683594,46.01484298706055,128.20359802246094,154.99710083007812,76.4843978881836,319.3401794433594,372.9040222167969,739.3382568359375,244.7100067138672,248.1810760498047,112.57533264160156,581.0657348632812
2026-02-10,273.19244384765625,410.6646423339844,188.09983825683594,158.7811279296875,85.17487335205078,315.2392883300781,54.51579284667969,935.298828125,175.970458984375,90.86585235595703,234.5769805908203,26.694656372070312,114.78086853027344,267.9228820800781,110.789794921875,148.6088104248047,177.30874633789062,105.18144989013672,49.507205963134766,45.6302375793457,125.89826202392578,156.7211456298828,75.34649658203125,319.7030944824219,381.39959716796875,739.5873413085938,242.58999633789062,251.80282592773438,113.31997680664062,588.744873046875
2026-02-11,275.00921630859375,401.8207702636719,189.60633850097656,156.07005310058594,84.4345703125,307.8505859375,53.00009536743164,930.96240234375,174.77349853515625,87.93946838378906,237.0472412109375,26.81067657470703,116.89717864990234,273.5025634765625,112.08240509033203,152.50074768066406,180.77203369140625,108.81143951416016,51.02632141113281,46.586822509765625,127.9551773071289,157.62750244140625,77.1023941040039,316.9961242675781,382.37835693359375,772.0950317382812,236.25999450683594,251.1405487060547,114.56106567382812,607.8733520507812
2026-02-12,261.2637634277344,399.3067626953125,186.5035858154297,155.394775390625,74.03077697753906,299.74871826171875,51.69108581542969,891.5,166.24652099609375,85.3096923828125,240.6788330078125,26.559295654296875,116.82859802246094,278.856689453125,109.99055480957031,147.9611358642578,177.4449462890625,108.43962860107422,50.1158447265625,44.86102294921875,132.79434204101562,158.81956481933594,77.4947738647461,325.6955871582031,381.9281311035156,755.4476318359375,239.35000610351562,248.17074584960938,112.71853637695312,593.4078979492188
2026-02-13,255.32435607910156,398.7900085449219,182.38320922851562,159.02938842773438,75.85686492919922,299.6595458984375,51.72061538696289,892.08154296875,169.3031768798828,85.99185943603516,239.59622192382812,26.665651321411133,118.95471954345703,287.5057067871094,111.18449401855469,146.50057983398438,178.74856567382812,109.02668762207031,49.86842727661133,45.43299865722656,133.0427703857422,157.6964874267578,77.18087005615234,321.2821350097656,382.740478515625,771.2980346679688,242.9600067138672,249.77464294433594,113.83550262451172,598.1801147460938
2026-02-17,263.4099426269531,394.3581237792969,184.53817749023438,152.9021759033203,75.85686492919922,304.19580078125,51.90761947631836,902.82421875,169.68896484375,86.4070816040039,239.4781494140625,26.462614059448242,119.11148071289062,283.4852294921875,110.77006530761719,144.270263671875,177.36343383789062,106.433837890625,49.324119567871094,45.3047981262207,128.03466796875,157.18417358398438,78.04409790039062,321.32135009765625,374.9007263183594,761.8934326171875,244.0399932861328,251.08880615234375,111.81240844726562,596.1165161132812
2026-02-18,263.8791198730469,397.0808410644531,187.5411376953125,155.0869140625,77.169677734375,305.8300476074219,52.5178337097168,920.259033203125,174.68447875976562,87.55390167236328,241.1118621826172,26.462614059448242,119.19966888427734,282.6124572753906,111.7863998413086,148.7012939453125,180.62484741210938,108.97783660888672,51.05601119995117,46.458621978759766,125.81877136230469,154.53407287597656,77.97543334960938,321.586181640625,375.3704833984375,749.1513061523438,238.92999267578125,249.5262908935547,112.40288543701172,588.6060180664062
2026-02-19,260.11578369140625,396.8517761230469,187.46133422851562,155.454345703125,77.54476928710938,305.1070251464844,51.9371452331543,903.4254760742188,172.48843383789062,86.57514953613281,243.00148010253906,25.969520568847656,119.39561462402344,284.30889892578125,110.70099639892578,148.98748779296875,181.51876831054688,110.03291320800781,51.006526947021484,50.817501068115234,124.07984924316406,156.20884704589844,77.40648651123047,320.8211364746094,370.53546142578125,757.6793212890625,233.7100067138672,249.14341735839844,111.84144592285156,656.795654296875
2026-02-20,264.1086730957031,395.6267395019531,189.3768768310547,147.0530242919922,78.1764907836914,307.82086181640625,52.22256851196289,908.9347534179688,173.5172119140625,87.69230651855469,238.6514434814453,25.766483306884766,119.78753662109375,284.3775329589844,110.7207260131836,145.345947265625,180.68377685546875,108.98770904541016,50.32366943359375,51.12321853637695,122.21173858642578,158.39593505859375,78.31876373291016,322.900390625,374.12750244140625,756.8922119140625,232.02999877929688,252.45472717285156,112.99336242675781,657.2817993164062
2026-02-23,265.705810546875,382.9182434082031,191.10281372070312,140.32997131347656,76.73536682128906,294.82623291015625,50.263973236083984,879.4366455078125,165.00013732910156,84.18264770507812,241.9484100341797,26.16288948059082,121.31597900390625,276.8660583496094,113.75984954833984,148.78024291992188,181.646484375,108.34677124023438,50.709632873535156,51.7050666809082,125.01390075683594,162.72085571289062,79.0250473022461,328.1278991699219,368.979248046875,753.6344604492188,230.44000244140625,251.51307678222656,111.33808898925781,641.7548828125
2026-02-24,271.6552429199219,387.429931640625,192.39979553222656,145.12648010253906,77.13019561767578,294.459716796875,49.61438751220703,889.2529296875,166.9686279296875,83.60923767089844,243.66995239257812,26.240238189697266,121.42375946044922,268.6387634277344,113.05927276611328,147.29994201660156,182.0688934326172,109.04686737060547,51.313316345214844,51.2317008972168,125.94794464111328,162.8292236328125,79.18199920654297,326.6469421386719,376.31011962890625,765.3504028320312,233.38999938964844,252.0821990966797,111.67689514160156,639.472900390625
2026-02-25,273.74151611328125,398.9831237792969,195.10345458984375,146.8643341064453,78.0975341796875,300.4023742675781,50.87418746948242,908.0872192382812,171.85533142089844,85.77435302734375,242.57171630859375,26.191896438598633,119.98348236083984,278.69000244140625,113.23688507080078,147.10256958007812,180.96865844726562,108.47496795654297,51.12528610229492,50.23566436767578,124.95427703857422,160.9672393798828,78.93675994873047,326.60772705078125,367.5894470214844,763.7364501953125,230.36000061035156,250.6231689453125,110.20555114746094,618.70751953125
2026-02-26,272.4637756347656,400.0986022949219,184.45835876464844,149.26756286621094,77.09071350097656,303.20538330078125,51.47456359863281,915.5972290039062,175.5747833251953,85.319580078125,240.88973999023438,26.201562881469727,116.88739776611328,281.1023254394531,114.71697998046875,146.58938598632812,180.90972900390625,109.15532684326172,50.9570426940918,50.71888732910156,123.6326904296875,161.3218994140625,78.96619415283203,328.0984802246094,367.11962890625,750.1077270507812,229.41000366210938,249.2572479248047,112.89655303955078,614.5901489257812
2026-02-27,263.70941162109375,391.15484619140625,176.77635192871094,144.3916015625,78.43313598632812,297.4310607910156,49.04354476928711,847.1689453125,164.71324157714844,80.52467346191406,245.79718017578125,26.73332977294922,121.31597900390625,287.5841064453125,114.80577850341797,150.49740600585938,183.46383666992188,111.87682342529297,50.808597564697266,52.3460807800293,127.1403579711914,164.72073364257812,80.00598907470703,334.5029602050781,372.6300048828125,740.045654296875,227.52999877929688,253.31292724609375,112.24800109863281,624.7595825195312
2026-03-02,264.2484130859375,396.9413757324219,182.0540008544922,148.21490478515625,78.3936538696289,294.7172546386719,49.023860931396484,853.7377319335938,165.1979522705078,81.641845703125,245.92579650878906,26.356258392333984,118.95471954345703,289.21197509765625,112.60537719726562,152.19480895996094,186.2537078857422,116.59011840820312,50.739322662353516,53.46044921875,126.29573059082031,161.08546447753906,78.69152069091797,328.3829345703125,362.93060302734375,749.5000610351562,229.74000549316406,257.9405517578125,110.7573013305664,625.9203491210938
2026-03-03,263.2801818847656,402.2996826171875,179.62965393066406,147.97657775878906,77.9395980834961,297.3914489746094,49.18133544921875,854.609619140625,164.15928649902344,81.5924072265625,244.13497924804688,25.698802947998047,117.40667724609375,283.6028747558594,112.1021499633789,149.83619689941406,185.43836975097656,116.8662109375,48.07716751098633,52.93777847290039,127.1006088256836,157.35165405273438,77.82828521728516,327.6037902832031,359.12322998046875,719.4730224609375,224.1199951171875,253.5832977294922,109.60540008544922,614.3519287109375
2026-03-04,262.0523376464844,403.5645751953125,182.61268615722656,151.31326293945312,79.82492065429688,296.52978515625,49.50613021850586,859.2364501953125,165.77169799804688,82.97650909423828,242.70034790039062,25.737478256225586,117.84757232666016,286.299560546875,111.59891510009766,147.85260009765625,182.74671936035156,114.03626251220703,47.39430618286133,52.86874771118164,127.00123596191406,155.95272827148438,76.61192321777344,327.1796875,361.2667236328125,729.226318359375,227.30999755859375,255.7879180908203,106.9627914428711,609.2127075195312
2026-03-05,259.8263244628906,409.0224304199219,182.91197204589844,153.71649169921875,78.97602844238281,290.74554443359375,49.023860931396484,827.7401733398438,160.7959747314453,81.17718505859375,237.09043884277344,25.727807998657227,113.72270965576172,283.1714172363281,109.56625366210938,148.78024291992188,186.5484161376953,115.18994140625,46.90938186645508,52.50386428833008,122.52970886230469,151.70663452148438,75.56230926513672,322.9486999511719,353.9945983886719,703.4334106445312,222.05999755859375,247.89495849609375,100.73861694335938,586.0463256835938
2026-03-06,257.0013427734375,407.30938720703125,177.40489196777344,151.89918518066406,77.62373352050781,286.7144470214844,48.1429557800293,813.829833984375,158.54058837890625,79.50637817382812,237.85226440429688,26.153221130371094,113.44837188720703,280.9258117675781,108.10590362548828,149.22434997558594,186.58770751953125,115.43644714355469,46.414554595947266,53.44072341918945,123.01661682128906,151.3519744873047,75.5721206665039,323.5502624511719,350.3144836425781,678.3477783203125,231.11000061035156,244.68162536621094,99.08335876464844,585.133544921875
2026-03-09,259.41705322265625,407.757568359375,182.2235870361328,150.50889587402344,75.22513580322266,287.1502685546875,47.410518646240234,824.3418579101562,158.71864318847656,77.9344482421875,240.01907348632812,25.92117691040039,114.7416763305664,281.81524658203125,111.15489196777344,148.46444702148438,186.09652709960938,115.39700317382812,46.70155334472656,54.259254455566406,123.5531997680664,152.9183807373047,76.31764221191406,326.2525939941406,346.047119140625,702.1781005859375,225.0,247.07342529296875,96.7408218383789,594.7672119140625
2026-03-10,260.3653564453125,404.122314453125,184.33863830566406,148.36386108398438,76.69588470458984,285.97161865234375,48.06377410888672,826.1054077148438,159.01541137695312,77.41046905517578,241.12721252441406,26.25957489013672,114.72207641601562,279.01849365234375,109.082763671875,146.18479919433594,183.0021209716797,112.55719757080078,47.612030029296875,52.63425064086914,124.3282699584961,153.69667053222656,76.39611053466797,323.4319152832031,349.56085205078125,713.99365234375,217.75999450683594,250.21397399902344,97.689453125,588.060302734375
2026-03-11,260.34539794921875,403.245849609375,185.60574340820312,161.98870849609375,77.09071350097656,284.7731628417969,48.0241813659668,816.1482543945312,159.15390014648438,76.00659942626953,240.41482543945312,26.394933700561523,113.85987854003906,281.894287109375,108.7867431640625,149.5894775390625,188.40505981445312,115.39700317382812,47.67140579223633,55.071754455566406,122.70858001708984,151.04656982421875,76.15087127685547,320.73944091796875,343.38494873046875,704.937744140625,214.10000610351562,248.9972686767578,97.57329559326172,589.369873046875
2026-03-12,255.3043975830078,400.2380065917969,182.72235107421875,158.05618286132812,76.73536682128906,280.18743896484375,46.64838790893555,780.2431640625,152.70423889160156,74.39511108398438,239.4748992919922,25.969520568847656,113.5659408569336,273.79071044921875,106.70474243164062,151.5138702392578,193.49363708496094,118.58193969726562,44.098777770996094,57.87587356567383,124.53693389892578,148.26837158203125,76.13126373291016,319.45733642578125,333.9457702636719,698.0635986328125,204.75999450683594,242.7161865234375,94.7564468383789,581.2244873046875
2026-03-13,249.6744384765625,393.9534912109375,179.83892822265625,154.03427124023438,77.31774139404297,280.7321472167969,46.242576599121094,774.9822387695312,153.1988525390625,73.2581787109375,238.96041870117188,25.698802947998047,113.27201080322266,278.77142333984375,106.59620666503906,154.06985473632812,193.34629821777344,120.18919372558594,44.257118225097656,57.35072326660156,125.71939849853516,148.41615295410156,76.38805389404297,321.9722595214844,334.0443115234375,691.388671875,209.88999938964844,243.86009216308594,94.09821319580078,572.9599609375
2026-03-16,252.36964416503906,398.33575439453125,182.8021697998047,154.88832092285156,77.88037872314453,283.4261474609375,46.579105377197266,787.4261474609375,154.0198974609375,74.88943481445312,240.6127166748047,25.727807998657227,113.93331909179688,282.1314392089844,108.49072265625,155.165283203125,193.3659210205078,119.62714385986328,44.494632720947266,56.72648239135742,125.19275665283203,149.86434936523438,76.86214447021484,322.1596374511719,337.5421142578125,697.156982421875,213.47000122070312,243.87049865722656,94.28213500976562,567.9794311523438
2026-03-17,253.77711486816406,397.7979431152344,181.5150909423828,153.6171875,78.24559020996094,284.1492004394531,46.796852111816406,799.582763671875,156.12692260742188,75.36398315429688,235.5865478515625,26.539960861206055,114.36762237548828,284.18701171875,109.24063873291016,156.7245330810547,194.4759979248047,121.155517578125,45.652523040771484,57.20209503173828,124.28852081298828,149.2338409423828,76.62510681152344,321.814453125,336.4090270996094,699.36865234375,210.82000732421875,240.6571502685547,94.64028930664062,569.7454833984375
2026-03-18,249.49476623535156,390.20867919921875,179.98858642578125,151.83958435058594,76.59717559814453,284.99102783203125,46.3514518737793,798.0371704101562,157.21502685546875,75.3244400024414,234.76535034179688,26.414268493652344,113.015380859375,280.9850769042969,107.05010223388672,155.5205535888672,195.1046905517578,121.92463684082031,44.85091018676758,57.84614944458008,121.2081298828125,144.53457641601562,75.034912109375,311.3898010253906,326.0634460449219,691.0200805664062,205.99000549316406,239.0972900390625,93.74005889892578,566.5309448242188
2026-03-19,248.5165252685547,387.4498596191406,178.1527862548828,154.44143676757812,77.49542236328125,285.2188720703125,46.52960968017578,802.02001953125,156.8391571044922,75.52216339111328,235.0819549560547,26.501285552978516,112.71926879882812,277.1408386230469,105.7673568725586,156.08306884765625,197.88475036621094,124.26155853271484,47.32503128051758,59.03517532348633,120.3237533569336,142.69229125976562,74.6200942993164,305.32427978515625,323.3834533691406,686.0687255859375,201.17999267578125,238.1717529296875,93.4690170288086,563.1179809570312
2026-03-20,247.54823303222656,380.3287048339844,172.30613708496094,148.6419219970703,76.64653015136719,283.82232666015625,46.678077697753906,806.0128173828125,159.72764587402344,76.71841430664062,232.87557983398438,26.07587242126465,112.69953155517578,272.347900390625,104.06031799316406,157.5732421875,198.16961669921875,125.14900207519531,46.14734649658203,60.154842376708984,118.50957489013672,142.14060974121094,73.8299331665039,304.6043395996094,316.03314208984375,678.3278198242188,195.1199951171875,230.34120178222656,92.79142761230469,555.3296508789062
2026-03-23,251.04200744628906,381.4541931152344,175.23944091796875,153.2696075439453,77.8014144897461,287.14031982421875,47.034400939941406,823.5889282226562,162.54689025878906,77.39068603515625,232.925048828125,25.882503509521484,114.1800765991211,266.36907958984375,103.45841217041016,159.0140838623047,201.5882110595703,125.41523742675781,48.740230560302734,59.75849914550781,120.2022933959961,141.85491943359375,74.18550872802734,304.22955322265625,326.03387451171875,699.0697631835938,198.41000366210938,231.9114532470703,94.5434799194336,564.5565795898438
2026-03-24,251.1917266845703,371.2355651855469,174.80044555664062,146.06988525390625,79.81504821777344,289.6065368652344,47.64806365966797,827.9976806640625,164.08013916015625,78.70558166503906,232.77664184570312,26.066204071044922,114.86113739013672,269.0768737792969,102.67889404296875,163.20826721191406,203.14031982421875,127.54510498046875,49.987186431884766,60.68990707397461,121.5265884399414,141.03721618652344,73.75092315673828,303.60821533203125,326.04376220703125,713.9437866210938,196.4199981689453,230.4139862060547,95.2888412475586,578.4365844726562
2026-03-25,252.16998291015625,369.5424499511719,178.2725067138672,145.00730895996094,80.77250671386719,292.59771728515625,48.2518310546875,834.061279296875,163.86251831054688,79.34819793701172,237.3872528076172,26.37559700012207,117.82223510742188,267.3672180175781,103.43868255615234,161.11610412597656,201.5292510986328,127.13095092773438,51.3529052734375,61.28441619873047,122.5322494506836,141.78594970703125,74.32378387451172,307.4151611328125,327.6202087402344,716.3447265625,199.61000061035156,234.80242919921875,95.22107696533203,573.4461059570312
2026-03-26,252.43951416015625,364.4928894042969,170.8494873046875,141.819580078125,81.09825134277344,288.87359619140625,47.74704360961914,815.0386352539062,161.46864318847656,78.12227630615234,236.70458984375,26.655982971191406,117.387939453125,264.8966064453125,103.18212890625,163.25759887695312,204.12266540527344,131.3906707763672,51.768558502197266,63.77146530151367,121.6560287475586,140.30819702148438,73.77067565917969,304.6832580566406,323.6001892089844,700.55419921875,194.36000061035156,234.15768432617188,94.3789291381836,576.6209106445312
2026-03-27,248.35679626464844,355.3300476074219,167.13795471191406,138.69142150878906,78.8871841430664,280.13787841796875,46.49002456665039,795.4711303710938,156.68087768554688,76.31307983398438,237.90174865722656,26.143552780151367,118.07886505126953,255.97283935546875,102.60982513427734,168.7445831298828,207.42335510253906,131.93299865722656,52.94623947143555,64.72268676757812,122.36298370361328,140.59390258789062,74.77811431884766,301.6949157714844,316.919921875,692.7933959960938,190.52000427246094,232.02586364746094,91.76536560058594,562.1853637695312
2026-03-30,246.19065856933594,357.5111999511719,164.79331970214844,137.83738708496094,76.0444107055664,281.0589904785156,46.74736022949219,800.1375732421875,156.6610870361328,75.92750549316406,239.92013549804688,26.84935188293457,116.5687026977539,258.71026611328125,100.52783203125,169.21827697753906,206.99114990234375,131.0356903076172,50.99663162231445,65.63426971435547,122.97036743164062,142.57408142089844,75.33122253417969,304.28875732421875,318.7427062988281,664.92822265625,189.2100067138672,232.4002227783203,91.91055297851562,551.1329345703125
2026-03-31,253.33790588378906,368.67596435546875,174.0022735595703,146.08975219726562,76.5873031616211,291.3497314453125,48.2518310546875,838.1728515625,162.794189453125,78.70558166503906,241.84947204589844,27.149072647094727,118.73030853271484,267.40673828125,101.30734252929688,167.4320526123047,203.2483673095703,130.1581268310547,50.85807800292969,64.4056167602539,123.74702453613281,142.29823303222656,75.11393737792969,306.5177001953125,324.053466796875,705.8045043945312,199.02999877929688,235.05201721191406,95.23075866699219,560.5061645507812
2026-04-01,255.1746368408203,367.8791809082031,175.3491973876953,144.22279357910156,76.92291259765625,292.5580749511719,48.766517639160156,852.261474609375,164.3769073486328,79.65467071533203,241.53285217285156,27.603492736816406,119.27317810058594,270.7568664550781,101.02119445800781,158.66867065429688,193.92587280273438,126.58863830566406,49.51215744018555,61.66094207763672,124.20504760742188,141.95343017578125,75.14356231689453,303.0658264160156,324.713623046875,727.58251953125,207.32000732421875,237.3086395263672,94.77581024169922,567.8695068359375
2026-04-02,255.464111328125,371.9526672363281,176.98544311523438,145.36480712890625,78.42147064208984,291.7855224609375,48.87539291381836,855.0653076171875,164.0207977294922,79.68433380126953,240.46429443359375,27.38111686706543,119.30279541015625,273.9982604980469,101.50469970703125,158.57984924316406,195.45834350585938,128.6987762451172,48.928260803222656,62.3941764831543,125.25054931640625,140.997802734375,75.77568817138672,302.9178771972656,316.90020751953125,714.5315551757812,208.22000122070312,238.6085205078125,95.03716278076172,572.8546752929688
2026-04-06,258.39886474609375,371.3750305175781,177.23487854003906,144.53062438964844,79.83071899414062,294.125,49.54844665527344,858.0475463867188,164.75282287597656,80.92012786865234,238.41624450683594,26.90736198425293,119.28304290771484,278.0500183105469,100.94225311279297,161.2246551513672,195.35028076171875,129.8031463623047,49.26474380493164,62.3842658996582,126.24626159667969,140.6529998779297,76.26953125,305.5018615722656,321.84637451171875,718.5365600585938,212.3000030517578,237.31903076171875,94.04981231689453,572.2377319335938
2026-04-07,253.0484161376953,370.78741455078125,177.69383239746094,142.1770782470703,80.06890106201172,296.0662536621094,49.766197204589844,856.1650390625,166.61253356933594,80.8212661743164,235.8833770751953,26.201562881469727,117.7333984375,304.1098327636719,100.4784927368164,161.757568359375,197.98297119140625,129.93133544921875,49.82884216308594,62.36444854736328,121.9646987915039,139.2047882080078,74.97566223144531,300.6593322753906,314.082275390625,721.7245483398438,210.0,232.7746124267578,94.44668579101562,573.1432495117188
2026-04-08,258.4388122558594,372.8191223144531,181.66476440429688,142.66368103027344,83.06602478027344,306.5888366699219,51.349849700927734,897.380615234375,174.12063598632812,83.6982192993164,238.7427520751953,26.559295654296875,121.58283996582031,302.38043212890625,102.18553161621094,154.16854858398438,189.4856414794922,123.47272491455078,51.3430061340332,59.22343826293945,126.71424865722656,142.75140380859375,76.33867645263672,302.7896728515625,331.2165222167969,768.6878662109375,217.8000030517578,241.7490692138672,97.2344970703125,606.2979736328125
2026-04-09,260.0259704589844,371.5642395019531,183.49058532714844,137.38204956054688,82.5400390625,308.938232421875,52.171363830566406,895.3694458007812,176.237548828125,85.04275512695312,238.7526397705078,26.317584991455078,121.08932495117188,303.2994689941406,101.35668182373047,153.00404357910156,187.0002899169922,121.74714660644531,51.996177673339844,57.99477767944336,128.57623291015625,144.48532104492188,77.21771240234375,305.2947082519531,334.58624267578125,784.1197509765625,220.05999755859375,245.48236083984375,98.38640594482422,614.9349365234375
2026-04-10,260.0159912109375,369.37310791015625,188.1998291015625,137.6112518310547,81.59723663330078,308.4803161621094,52.00310134887695,899.4117431640625,175.72314453125,84.42980194091797,235.93284606933594,26.027530670166016,119.84565734863281,300.74981689453125,98.96880340576172,150.5072479248047,185.2222442626953,120.8399887084961,51.38259506225586,57.43989944458008,126.2263412475586,143.007568359375,76.5164566040039,301.4779052734375,332.37921142578125,787.6963500976562,217.6300048828125,244.42164611816406,98.4444808959961,601.9993896484375
2026-04-13,258.73828125,382.8186340332031,188.87826538085938,155.08047485351562,81.72624969482422,312.2732238769531,52.80482482910156,882.5588989257812,179.1853790283203,85.65571594238281,235.43814086914062,26.43360710144043,118.59212493896484,309.31781005859375,99.35363006591797,150.63555908203125,188.39523315429688,121.89505767822266,51.38259506225586,57.529075622558594,124.03578186035156,141.4509735107422,75.46951293945312,300.3240051269531,336.14300537109375,788.7622680664062,222.13999938964844,242.96575927734375,98.75423431396484,600.049072265625
2026-04-14,258.3689270019531,391.5233459472656,196.0618438720703,162.4348907470703,81.98428344726562,309.7247009277344,52.80482482910156,901.224853515625,181.36163330078125,80.77183532714844,237.5554656982422,26.211233139038086,118.40458679199219,310.4938049316406,99.70884704589844,147.28021240234375,183.71925354003906,117.1324462890625,50.9570426940918,54.87358474731445,124.51371765136719,142.2391357421875,74.96577453613281,299.0517272949219,337.6701965332031,791.2728881835938,223.77000427246094,242.54978942871094,99.91582489013672,593.0838012695312
2026-04-15,265.95538330078125,409.5602722167969,198.41647338867188,169.22128295898438,81.73617553710938,304.5579833984375,53.76491165161133,891.178466796875,189.5522918701172,79.37786102294922,236.14060974121094,26.2885799407959,116.37129974365234,310.3554382324219,100.84076690673828,147.05322265625,181.646484375,117.26062774658203,51.877418518066406,55.3194694519043,124.22496032714844,141.2539520263672,74.3830337524414,302.0499572753906,333.92608642578125,767.2830810546875,223.92999267578125,241.4578857421875,100.25462341308594,573.7800903320312
2026-04-16,262.9307861328125,418.56378173828125,197.8976593017578,177.72171020507812,83.85997009277344,308.5599670410156,52.96318817138672,891.683837890625,185.2987060546875,80.32694244384766,232.0543670654297,26.317584991455078,113.96292877197266,312.6778259277344,94.79389953613281,149.98422241210938,184.8292999267578,119.8736572265625,51.194557189941406,56.34995651245117,124.28469848632812,140.9879608154297,74.25464630126953,302.7403259277344,332.1919860839844,769.7637939453125,218.8800048828125,238.5357208251953,101.6969223022461,581.2926025390625
2026-04-17,269.7486267089844,421.0835876464844,201.2200469970703,174.4530792236328,85.59671020507812,308.8984375,53.359100341796875,917.3939819335938,186.7825164794922,80.4851303100586,231.6981964111328,26.646312713623047,117.526123046875,320.8110046386719,96.12440490722656,144.5169677734375,180.7427215576172,114.42082214355469,52.114933013916016,53.29812240600586,126.95321655273438,144.75131225585938,74.80774688720703,307.079833984375,344.2618408203125,791.67138671875,223.3800048828125,242.87217712402344,103.03275299072266,587.5315551757812
2026-04-20,272.5635681152344,416.38262939453125,201.59918212890625,176.96435546875,87.045654296875,315.5683898925781,53.3986930847168,933.0381469726562,188.6422119140625,81.03877258300781,228.2451934814453,26.60763931274414,115.58167266845703,319.6745300292969,95.32014465332031,145.7406768798828,180.01577758789062,114.8250961303711,51.659698486328125,53.9818115234375,127.37140655517578,142.34750366210938,74.55094909667969,302.7206115722656,345.8284606933594,796.921630859375,225.0800018310547,238.91009521484375,103.68130493164062,591.5713500976562
2026-04-21,265.69586181640625,422.4480285644531,199.42417907714844,180.54190063476562,89.02057647705078,311.5962829589844,52.93349838256836,917.9884643554688,187.2672119140625,80.62354278564453,223.76319885253906,26.404600143432617,111.10053253173828,341.9394836425781,92.0633773803711,146.41175842285156,182.69760131835938,118.58193969726562,52.223793029785156,55.81489562988281,129.04420471191406,140.20968627929688,73.7805404663086,297.6907043457031,338.8624267578125,798.9678344726562,219.16000366210938,231.08993530273438,102.90691375732422,584.3871459960938
2026-04-22,272.68341064453125,431.1726989746094,202.03819274902344,186.84996032714844,89.11982727050781,311.6161804199219,52.577171325683594,926.201904296875,188.9884490966797,79.66456604003906,223.70384216308594,25.911508560180664,111.42625427246094,349.3611145019531,91.05059814453125,147.5367889404297,183.03160095214844,120.8892822265625,53.78744125366211,56.52831268310547,129.42257690429688,140.7318115234375,73.71141052246094,295.9450378417969,334.5074157714844,807.3722534179688,231.27999877929688,228.7501220703125,101.92924499511719,577.1134033203125
2026-04-23,272.9429016113281,414.0719909667969,199.18470764160156,175.66885375976562,87.91898345947266,310.29217529296875,51.93381881713867,922.694580078125,186.6143341064453,79.5953598022461,228.20559692382812,25.785818099975586,113.13382720947266,350.388916015625,91.82508087158203,148.5532684326172,184.2890167236328,122.63459014892578,54.17340850830078,57.30118179321289,131.4637908935547,143.54940795898438,75.34110260009766,298.3712158203125,335.1577453613281,833.6934204101562,234.14999389648438,222.8953857421875,104.27177429199219,589.01416015625
2026-04-24,270.5771179199219,422.90618896484375,207.79502868652344,172.67926025390625,88.33580780029297,306.8974609375,51.51810836791992,918.3451538085938,186.0406036376953,78.51773834228516,225.08900451660156,26.10487937927246,110.4490966796875,350.7446594238281,90.48463439941406,146.9545440673828,181.94119262695312,120.06100463867188,55.56881332397461,56.59767150878906,129.3628387451172,147.08203125,75.68679809570312,295.2447814941406,330.9505310058594,829.2516479492188,232.44000244140625,221.67869567871094,103.59417724609375,559.8494873046875
2026-04-27,267.1332702636719,423.1053771972656,216.1160125732422,172.36036682128906,87.59148406982422,310.232421875,52.09218215942383,929.1444091796875,188.12782287597656,79.64479064941406,222.95187377929688,25.90184211730957,108.80075073242188,350.5173645019531,92.14281463623047,146.24400329589844,181.51876831054688,119.98212432861328,54.65833282470703,56.746299743652344,127.04281616210938,147.30039978027344,74.51144409179688,286.2205810546875,327.4132995605469,827.2553100585938,231.3300018310547,220.5139923095703,104.77513122558594,564.8744506835938
2026-04-28,270.2277526855469,427.5174865722656,212.68385314941406,165.3846435546875,86.20208740234375,310.0532531738281,52.12187576293945,917.9884643554688,188.30589294433594,80.57410430908203,225.37591552734375,25.60211753845215,108.60334014892578,362.45526123046875,93.19530487060547,148.58287048339844,185.0355987548828,122.58528137207031,55.07398986816406,58.07404708862305,127.04281616210938,148.064697265625,77.3856201171875,288.3706359863281,324.220947265625,816.3555908203125,230.72000122070312,221.4291229248047,100.61278533935547,561.0634155273438
2026-04-29,269.688720703125,422.746826171875,208.77279663085938,163.26202392578125,88.89156341552734,307.86309814453125,52.339630126953125,897.2319946289062,185.061279296875,80.58399963378906,224.9405975341797,25.38941192626953,109.51140594482422,366.3785400390625,90.68321990966797,152.63890075683594,188.8274688720703,126.46044921875,55.12346649169922,60.20438766479492,127.46102142333984,145.37478637695312,77.89922332763672,286.0923767089844,318.0628662109375,808.550048828125,224.11000061035156,218.6941375732422,103.19731140136719,557.2424926757812
2026-04-30,270.86663818359375,406.1341552734375,199.11488342285156,160.83047485351562,90.80695343017578,311.82525634765625,52.913700103759766,915.2341918945312,189.5465850830078,81.29581451416016,227.41409301757812,25.8148250579834,107.76435852050781,366.1216125488281,90.14704132080078,152.30335998535156,189.8982391357422,124.02491760253906,56.291255950927734,60.02603530883789,131.36419677734375,146.00010681152344,77.79058074951172,289.55413818359375,323.96478271484375,888.4617919921875,229.02999877929688,222.88499450683594,105.31720733642578,586.9444580078125
2026-05-01,279.6409912109375,412.76727294921875,197.99742126464844,171.23428344726562,91.154296875,311.06866455078125,52.69594955444336,915.1747436523438,189.12889099121094,79.8919448852539,224.7822723388672,25.457090377807617,110.70572662353516,364.4416198730469,88.82646179199219,150.74411010742188,187.2655487060547,121.47105407714844,56.33083724975586,58.17313003540039,131.03562927246094,146.16883850097656,77.61279296875,282.6996765136719,319.11712646484375,888.0225830078125,227.3800048828125,220.98194885253906,104.12657928466797,574.3970336914062
2026-05-04,276.3368225097656,411.9505615234375,198.02734375,179.66494750976562,91.92839050292969,306.270263671875,51.65667724609375,894.923583984375,186.980712890625,78.28046417236328,221.82395935058594,25.428085327148438,111.6434097290039,366.388427734375,86.92005920410156,151.67176818847656,188.8863983154297,123.16706085205078,55.054195404052734,59.71886444091797,129.7710723876953,142.3572998046875,77.22759246826172,280.194580078125,307.8256530761719,873.1602172851562,221.3000030517578,217.955810546875,93.22702026367188,575.5214233398438
2026-05-05,283.67376708984375,409.7196044921875,196.05186462402344,184.70741271972656,93.58574676513672,308.0124206542969,52.577171325683594,910.3992309570312,188.21392822265625,78.9823989868164,223.15966796875,25.5731143951416,111.6828842163086,359.5893859863281,86.55267333984375,152.8461456298828,189.24005126953125,121.59923553466797,55.42036056518555,58.79737091064453,130.22909545898438,143.82632446289062,77.51402282714844,281.2499084472656,310.78155517578125,902.9150390625,224.3800048828125,217.40464782714844,94.93067932128906,572.9342651367188
2026-05-06,286.99786376953125,412.2891845703125,207.3560333251953,193.35731506347656,90.94588470458984,313.4877624511719,53.052268981933594,928.6886596679688,192.29148864746094,79.50637817382812,222.23951721191406,25.650461196899414,112.08756256103516,362.9592590332031,85.6888427734375,146.7374267578125,181.89207458496094,117.24091339111328,54.58905792236328,54.61595916748047,129.52215576171875,146.80410766601562,78.25479125976562,280.194580078125,318.29931640625,925.213623046875,229.92999267578125,225.5159912109375,96.69242095947266,588.7056884765625
2026-05-07,286.927978515625,419.07171630859375,211.01766967773438,193.91537475585938,91.46195220947266,304.8964538574219,52.21095657348633,917.3147583007812,189.12889099121094,78.26069641113281,220.15185546875,25.60211753845215,110.84391021728516,365.3902893066406,86.39381408691406,144.65513610839844,179.2790069580078,113.27700805664062,52.451416015625,53.44675064086914,129.64163208007812,144.9777374267578,77.46463775634766,279.8000793457031,317.8953552246094,894.031494140625,231.02999877929688,224.6944580078125,96.89569854736328,577.6607055664062
2026-05-08,292.7974853515625,413.44451904296875,214.709228515625,195.27066040039062,95.83854675292969,300.74517822265625,50.78567123413086,927.8267211914062,192.03289794921875,75.20821380615234,218.9744873046875,25.238479614257812,109.93583679199219,375.5098571777344,83.72286224365234,142.67153930664062,178.41455078125,112.2811050415039,52.71862030029297,52.54507064819336,130.1184844970703,145.33506774902344,77.45475769042969,271.9593811035156,312.78167724609375,895.7882080078125,237.36000061035156,221.626708984375,97.5539321899414,571.989013671875
2026-05-11,292.42779541015625,410.99444580078125,218.93955993652344,193.16796875,97.9722671508789,298.6545715332031,50.0334358215332,936.1292114257812,190.05380249023438,73.15998077392578,219.08331298828125,25.36624526977539,109.83712768554688,379.9173889160156,81.97532653808594,147.7144317626953,181.4794921875,114.78440856933594,54.3614387512207,54.63577651977539,127.28527069091797,142.29774475097656,77.69181060791016,270.8251953125,306.8206481933594,925.0738525390625,238.2100067138672,227.85580444335938,96.79889678955078,585.8200073242188
2026-05-12,294.54595947265625,406.1241760253906,220.27650451660156,186.18228149414062,98.5379409790039,303.5126953125,50.261085510253906,937.15966796875,190.82952880859375,74.75084686279297,221.88333129882812,25.425214767456055,110.91300201416016,391.726806640625,83.75264739990234,148.65196228027344,182.66812133789062,117.08903503417969,55.0640869140625,55.75544357299805,130.0386962890625,142.8436737060547,79.0449447631836,271.0618896484375,305.89447021484375,910.4510498046875,236.8699951171875,227.26304626464844,95.2888412475586,586.2677612304688
2026-05-13,298.6124572753906,403.57452392578125,225.3149871826172,189.10211181640625,101.09840393066406,298.9034729003906,49.330692291259766,946.5916748046875,192.76885986328125,73.11026000976562,227.97804260253906,25.5136661529541,111.97898864746094,396.4407043457031,83.23633575439453,149.57962036132812,182.71725463867188,116.62214660644531,54.80678176879883,55.66626739501953,131.156005859375,141.18605041503906,79.27210998535156,271.9100646972656,298.1007995605469,900.6292114257812,240.60000610351562,226.65989685058594,95.29851531982422,577.7701416015625
2026-05-14,297.9530334472656,407.7774658203125,235.202392578125,194.9318389892578,114.65493774414062,298.56500244140625,49.3405876159668,960.006591796875,193.46502685546875,73.36878204345703,228.35401916503906,25.307275772094727,111.93952178955078,394.3950500488281,84.29875946044922,150.77371215820312,183.345947265625,118.18174743652344,55.172950744628906,56.32023239135742,132.14364624023438,141.65257263183594,79.45977783203125,271.1900939941406,299.8743591308594,918.5159912109375,229.2100067138672,226.4103240966797,95.26947784423828,571.7899780273438
2026-05-15,299.9713134765625,420.2170715332031,224.80616760253906,192.2810516357422,117.31462860107422,296.4743957519531,49.261409759521484,939.7058715820312,191.45606994628906,73.00088500976562,224.307373046875,24.89449691772461,109.93583679199219,389.2166748046875,83.8718032836914,156.90402221679688,187.72723388671875,121.59896087646484,54.80678176879883,59.07481002807617,131.1360626220703,140.52101135253906,79.82522583007812,272.5906066894531,293.1349182128906,886.6651611328125,220.49000549316406,222.97018432617188,95.76315307617188,559.0435180664062
2026-05-18,297.5833435058594,421.83056640625,221.81300354003906,185.96304321289062,117.97955322265625,299.3813171386719,50.17200469970703,937.6154174804688,191.63510131835938,73.94547271728516,226.4939422607422,24.89449691772461,111.10053253173828,386.5286865234375,87.28744506835938,159.45748901367188,192.65863037109375,123.71484375,56.5584602355957,59.15407943725586,133.02154541015625,141.33493041992188,80.2005386352539,278.5870056152344,295.4010925292969,862.3502807617188,220.61000061035156,227.1422576904297,94.03076934814453,561.6903076171875
2026-05-19,298.7123718261719,415.7352600097656,220.1068878173828,180.83090209960938,114.50606536865234,294.3738708496094,50.18190383911133,920.1582641601562,188.54212951660156,74.12444305419922,227.56248474121094,25.21882438659668,112.75875091552734,384.6609191894531,88.19099426269531,161.50424194335938,195.54345703125,124.28106689453125,56.18239212036133,60.144935607910156,133.87948608398438,140.2530059814453,80.91168212890625,276.93994140625,297.9924011230469,858.5573120117188,215.00999450683594,227.05860900878906,95.31037139892578,555.3021240234375
2026-05-20,301.98956298828125,419.36053466796875,222.9603729248047,187.50767517089844,113.48387145996094,300.625732421875,50.706485748291016,973.0449829101562,196.68728637695312,75.37724304199219,226.88970947265625,25.346590042114258,111.53483581542969,378.790771484375,87.75410461425781,155.27456665039062,189.6746826171875,121.54928588867188,56.687110900878906,58.331668853759766,130.53749084472656,141.3845672607422,80.5462417602539,276.4172058105469,306.0126953125,870.9442749023438,222.1999969482422,227.30955505371094,97.318359375,557.6802978515625
2026-05-21,304.7271728515625,418.3025207519531,219.0093994140625,189.11209106445312,117.30470275878906,301.6411437988281,50.96383285522461,979.0390625,199.4122772216797,75.48661804199219,229.27415466308594,25.50383949279785,114.37747955322266,377.98046875,87.14842987060547,154.2909393310547,189.35743713378906,119.75128173828125,56.65742492675781,58.29203796386719,121.05020141601562,142.3374481201172,80.17090606689453,280.2734680175781,309.1656494140625,864.3465576171875,219.61000061035156,234.01205444335938,96.70808410644531,528.714599609375
2026-05-22,308.55389404296875,417.7835388183594,214.83892822265625,191.41407775878906,119.49797821044922,305.0059814453125,51.27066421508789,987.52001953125,199.92942810058594,75.96388244628906,231.85650634765625,25.454696655273438,120.82282257080078,383.89996337890625,86.79098510742188,153.92332458496094,189.7738037109375,119.66187286376953,56.687110900878906,58.272216796875,119.98275756835938,143.3697509765625,80.47710418701172,278.3897399902344,308.4660949707031,878.2607421875,219.02000427246094,238.32005310058594,99.43460845947266,526.5255737304688
2026-05-26,308.0643005371094,415.248291015625,214.37001037597656,192.3906707763672,117.43373107910156,305.3643493652344,51.66657638549805,985.3304443359375,200.6554412841797,77.07748413085938,229.0503387451172,25.40555763244629,118.1677017211914,372.4265441894531,86.05622100830078,148.84619140625,183.11195373535156,115.79764556884766,57.37986755371094,56.93456268310547,118.28681945800781,141.9007110595703,79.46965026855469,275.4211120605469,305.97332763671875,906.86767578125,218.89999389648438,242.29344177246094,100.36970520019531,526.4957275390625
2026-05-27,310.5821533203125,411.8946228027344,212.1151580810547,190.2979736328125,118.7635726928711,297.93780517578125,50.577816009521484,987.2623291015625,200.50625610351562,75.675537109375,230.15489196777344,25.759366989135742,118.68095397949219,379.4924621582031,85.07323455810547,146.948486328125,180.82192993164062,114.3671875,55.915184020996094,56.369773864746094,118.25688934326172,146.39715576171875,80.6153793334961,277.0583190917969,313.17578125,908.2451171875,224.3000030517578,242.11569213867188,102.83047485351562,526.764404296875
2026-05-28,312.24072265625,426.18768310546875,213.76138305664062,202.99378967285156,117.74137878417969,295.3992614746094,50.251190185546875,999.0524291992188,202.67431640625,76.21245574951172,229.66729736328125,25.690570831298828,118.33549499511719,378.0298767089844,85.6888427734375,146.01454162597656,181.4464874267578,114.22811126708984,54.549468994140625,56.79584503173828,118.61603546142578,144.828857421875,79.42027282714844,274.14886474609375,316.48638916015625,886.0263061523438,228.77999877929688,243.63185119628906,104.99594116210938,536.3267211914062
2026-05-29,311.7911071777344,449.3940124511719,210.6584930419922,224.9972381591797,119.50789642333984,297.9676818847656,51.07270431518555,1016.0836181640625,206.8612823486328,77.09737396240234,224.22413635253906,25.729883193969727,117.18067169189453,375.8359680175781,84.9937973022461,144.32546997070312,180.8814239501953,113.22480773925781,53.98537063598633,56.11215591430664,115.47355651855469,142.4962615966797,78.0374984741211,275.3619384765625,312.47625732421875,874.2481689453125,231.14999389648438,248.71360778808594,105.01563262939453,539.490966796875
2026-06-01,306.0460510253906,459.6546936035156,223.8483428955078,247.28968811035156,120.41100311279297,295.2499084472656,50.98362731933594,1043.469482421875,209.85479736328125,76.72948455810547,222.41307067871094,25.18933868408203,113.67669677734375,375.3912658691406,87.15835571289062,148.41897583007812,184.22225952148438,114.814208984375,54.18330001831055,58.38121032714844,114.32630157470703,139.24057006835938,77.67205810546875,272.31439208984375,306.12109375,863.7576293945312,224.3000030517578,247.33338928222656,107.3090591430664,539.7396850585938
2026-06-02,314.92840576171875,440.48077392578125,222.3118438720703,243.73207092285156,127.03047943115234,299.6102600097656,51.9437141418457,1059.3914794921875,213.8030548095703,78.98652648925781,221.79611206054688,25.110713958740234,114.15047454833984,373.4740905761719,86.35409545898438,148.59780883789062,185.92738342285156,116.09566497802734,55.97456741333008,58.54965591430664,112.78997802734375,139.77658081054688,77.44489288330078,274.4095153808594,306.9388732910156,908.1253051757812,217.6999969482422,245.96360778808594,107.22047424316406,576.3770751953125
2026-06-03,309.9926452636719,426.53704833984375,214.26025390625,229.53146362304688,125.5418472290039,299.50079345703125,51.864532470703125,1035.9462890625,208.98956298828125,78.23086547851562,222.1444091796875,24.904325485229492,113.2127914428711,372.5649108886719,86.37395477294922,151.5487060546875,188.06869506835938,118.26122283935547,56.55654525756836,59.094627380371094,116.61083221435547,139.1512451171875,77.79058074951172,271.3612060546875,308.3675537109375,924.4650268554688,210.5800018310547,233.44740295410156,106.96455383300781,585.3721923828125
2026-06-04,310.9618225097656,427.2456970214844,218.4156036376953,235.5206298828125,129.0153350830078,309.4957580566406,53.6164436340332,1087.284912109375,217.07505798339844,81.15408325195312,227.05020141601562,25.248308181762695,118.70069885253906,391.80584716796875,90.13711547851562,151.0618438720703,186.720458984375,118.44002532958984,57.71055603027344,58.13349533081055,117.45880126953125,139.7368621826172,75.87445831298828,270.79522705078125,307.6826171875,938.738525390625,217.4199981689453,227.5709686279297,108.490234375,588.8150634765625
2026-06-05,307.0751647949219,415.8870849609375,204.87075805664062,212.93917846679688,120.71865844726562,310.9691162109375,53.5567512512207,1033.6177978515625,210.76976013183594,81.47225952148438,231.6276397705078,25.5922908782959,119.22382354736328,394.77056884765625,90.42505645751953,148.9554901123047,185.689453125,116.3638687133789,54.58676528930664,56.4094123840332,118.59607696533203,145.4541778564453,78.50171661376953,277.8649597167969,308.50653076171875,902.6055908203125,215.4499969482422,223.73350524902344,106.83660125732422,580.5463256835938
2026-06-08,301.2801818847656,410.9663391113281,208.40679931640625,211.0856475830078,123.20964813232422,309.7147521972656,53.357765197753906,1039.906982421875,211.07806396484375,80.49784851074219,231.0206298828125,25.17951202392578,117.97029113769531,401.78704833984375,89.85909271240234,150.77371215820312,187.60276794433594,118.1022720336914,56.258094787597656,56.95438003540039,119.54381561279297,144.0248565673828,78.56098175048828,275.8194885253906,307.4443664550781,913.9445190429688,215.9199981689453,221.46449279785156,106.00977325439453,570.8148193359375
2026-06-09,290.29962158203125,402.6520080566406,207.95730590820312,205.0964813232422,119.44834899902344,311.2976379394531,54.14375305175781,1026.980224609375,209.0989532470703,81.53191375732422,235.8368682861328,25.258136749267578,118.04925537109375,408.1413879394531,90.6037826538086,147.95199584960938,185.1442108154297,116.01618957519531,55.56170654296875,56.03288650512695,118.59607696533203,147.5684051513672,80.33881378173828,280.2579650878906,318.9793395996094,913.0062866210938,214.50999450683594,225.54244995117188,106.17711639404297,574.4666748046875
2026-06-10,291.3287353515625,396.61334228515625,200.19598388671875,200.56224060058594,117.9001693725586,307.75360107421875,54.263145446777344,996.409912109375,205.5286102294922,81.50208282470703,237.31956481933594,25.15985679626465,117.54586029052734,402.66656494140625,88.53851318359375,149.65098571777344,188.1579132080078,119.12545013427734,55.22346115112305,56.83918380737305,120.30199432373047,147.94558715820312,82.56111907958984,280.5260314941406,316.5870056152344,854.5746459960938,209.0,215.27435302734375,101.63946533203125,557.2723388671875
2026-06-11,295.375244140625,389.6065673828125,204.64100646972656,183.4617462158203,120.90721893310547,312.0840759277344,54.87999725341797,1030.592529296875,211.4957733154297,81.92962646484375,237.16033935546875,25.720056533813477,119.1942138671875,400.7790222167969,89.0151138305664,145.6568603515625,184.2123565673828,114.59566497802734,55.710933685302734,55.21663284301758,120.21221160888672,147.2408447265625,81.51417541503906,282.7601623535156,323.6251220703125,895.9678955078125,221.6300048828125,229.11849975585938,106.94486999511719,565.8197631835938
2026-06-12,290.879150390625,390.00579833984375,204.96066284179688,183.49163818359375,120.18274688720703,319.28167724609375,55.735633850097656,1057.5704345703125,212.8682098388672,83.25203704833984,239.6878662109375,25.759366989135742,117.50639343261719,403.714111328125,87.55552673339844,146.064208984375,185.60023498535156,116.2049331665039,55.89000701904297,56.28174591064453,120.75092315673828,148.50143432617188,81.60306549072266,282.7998962402344,325.98773193359375,908.8839111328125,219.0500030517578,230.36280822753906,106.40350341796875,574.6158447265625
2026-06-15,296.1645812988281,399.0088806152344,212.21253967285156,191.97213745117188,119.2597885131836,317.96759033203125,55.58639144897461,1070.925048828125,216.78663635253906,82.6654052734375,234.50344848632812,25.552978515625,114.22575378417969,408.52447509765625,88.04205322265625,140.01339721679688,178.8392333984375,111.51620483398438,53.43275451660156,54.21124267578125,120.53144836425781,149.3451385498047,80.43006896972656,284.10064697265625,327.4072570800781,932.20068359375,228.9499969482422,237.78677368164062,107.1220474243164,572.6157836914062
2026-06-16,298.9821472167969,393.0899963378906,207.1781768798828,187.6770782470703,118.66433715820312,329.6549377441406,56.55147171020508,1085.3543701171875,219.62103271484375,84.56450653076172,234.02578735351562,25.5922908782959,114.4941635131836,405.15521240234375,89.9782485961914,140.9473419189453,178.55174255371094,110.602294921875,52.796058654785156,53.42485046386719,120.7409439086914,151.360107421875,79.80380249023438,285.8978576660156,334.6240539550781,943.7093505859375,227.49000549316406,239.96168518066406,108.29336547851562,582.3870849609375
2026-06-17,295.6949768066406,378.1980285644531,204.42124938964844,182.8937225341797,116.44129943847656,331.9645080566406,56.2430419921875,1093.7830810546875,223.7284393310547,83.33157348632812,233.0506134033203,25.474353790283203,114.76258850097656,397.08489990234375,87.87326049804688,139.8345489501953,176.04364013671875,110.47315979003906,50.07020568847656,52.7977294921875,117.84786987304688,149.44439697265625,79.45587921142578,281.81689453125,325.0843811035156,954.14990234375,225.6300048828125,239.04153442382812,103.48011016845703,585.5513305664062
2026-06-18,297.7532043457031,378.6871032714844,210.4545135498047,183.6510772705078,118.63456726074219,323.761474609375,55.91471862792969,1091.2156982421875,221.94822692871094,81.73076629638672,227.2691192626953,24.776559829711914,113.20179748535156,398.50616455078125,87.78389739990234,136.92340087890625,172.1278076171875,107.02615356445312,47.841766357421875,51.58330154418945,116.90013885498047,149.26573181152344,78.91908264160156,276.6436462402344,331.8346252441406,983.9945678710938,222.72000122070312,239.45977783203125,103.21434783935547,586.3175048828125
2026-06-22,296.75408935546875,366.6497802734375,208.41677856445312,174.4630584716797,120.60948944091797,329.993408203125,57.07877731323242,1100.977783203125,225.8467559814453,83.36140441894531,230.15489196777344,24.64879608154297,114.80235290527344,404.191162109375,87.2080078125,137.57916259765625,173.54544067382812,108.97315979003906,47.70248794555664,51.762481689453125,116.90013885498047,146.58572387695312,79.0582504272461,268.1937255859375,324.23065185546875,1020.3870849609375,220.8300018310547,238.5187225341797,105.55699920654297,595.6212158203125
2026-06-23,294.04638671875,373.23736572265625,199.81640625,164.58740234375,120.23236846923828,332.6414794921875,57.61603927612305,1089.10595703125,224.79257202148438,83.64974975585938,237.9066619873047,24.294984817504883,118.8981704711914,406.74542236328125,89.88888549804688,138.83103942871094,174.4574737548828,109.24137878417969,47.54331588745117,51.99142837524414,119.1347885131836,149.74217224121094,79.8336181640625,269.7427062988281,322.0765380859375,982.41748046875,216.7100067138672,232.5167999267578,104.16912841796875,589.004150390625
2026-06-24,292.8274230957031,364.7733154296875,198.77757263183594,156.98385620117188,118.82312774658203,331.95458984375,57.43695068359375,1071.6614990234375,218.65634155273438,83.81878662109375,239.81723022460938,23.626678466796875,119.89230346679688,403.3165283203125,89.84916687011719,136.01925659179688,169.9666748046875,106.21158599853516,46.36940383911133,50.85663604736328,118.71578979492188,150.91342163085938,80.12190246582031,271.947021484375,340.3518371582031,992.6085815429688,220.25,237.7972412109375,104.47425842285156,597.7704467773438
2026-06-25,274.91290283203125,352.1670227050781,195.52122497558594,151.9314422607422,118.06887817382812,333.6170654296875,57.894615173339844,1059.89892578125,219.8298797607422,84.25627136230469,243.67820739746094,23.263038635253906,124.71383666992188,412.98699951171875,92.5796890258789,136.66506958007812,170.74984741210938,105.70497131347656,47.17522048950195,50.97608947753906,115.50347900390625,147.399658203125,79.9429702758789,262.6729431152344,342.4761962890625,1055.052734375,218.1199951171875,241.79153442382812,107.59451293945312,627.6316528320312
2026-06-26,283.53546142578125,372.2691955566406,192.31480407714844,148.0150604248047,112.90825653076172,327.57427978515625,57.5861930847168,1014.6406860351562,210.8692169189453,83.38129425048828,253.4102020263672,23.872379302978516,127.9050064086914,425.2713623046875,93.45346069335938,135.66156005859375,169.58004760742188,105.25794219970703,46.75739288330078,49.761661529541016,115.41370391845703,147.9158172607422,82.13985443115234,267.8561096191406,346.3079528808594,995.6229858398438,217.25,242.80580139160156,106.44287109375,610.198486328125
2026-06-29,281.4972229003906,367.8774719238281,194.7520751953125,147.2477264404297,116.80850219726562,327.91278076171875,57.5861930847168,1015.23779296875,210.5609130859375,83.03329467773438,257.2413024902344,23.951004028320312,128.62078857421875,417.2507629394531,92.0534439086914,135.18466186523438,167.012451171875,103.50960540771484,46.140594482421875,48.86577224731445,114.32630157470703,147.3500213623047,82.15974426269531,265.2943115234375,348.24371337890625,1031.27685546875,214.69000244140625,227.1185302734375,106.3149185180664,623.5220947265625
2026-06-30,289.11065673828125,372.319091796875,199.86634826660156,146.04193115234375,116.57032012939453,325.86199951171875,56.690757751464844,1006.4408569335938,207.8955841064453,82.16825866699219,252.7235870361328,23.66598892211914,127.74594116210938,413.0863952636719,90.09739685058594,135.8404083251953,164.32589721679688,103.27119445800781,46.25002670288086,48.348148345947266,112.989501953125,145.55343627929688,80.78792572021484,268.4022216796875,350.1000061035156,1062.92822265625,216.47000122070312,223.2301788330078,105.81291961669922,632.8199462890625
2026-07-01,294.1263427734375,383.5579528808594,197.35916137695312,142.00596618652344,116.12372589111328,332.5718078613281,58.06375503540039,1014.6406860351562,210.7001495361328,85.44942474365234,252.73353576660156,23.46942710876465,124.63431549072266,423.92962646484375,91.5271987915039,135.4032440185547,164.25650024414062,102.53610229492188,44.85725021362305,47.72102355957031,108.56010437011719,146.33758544921875,80.80780792236328,267.5284423828125,348.27349853515625,989.57421875,218.5800018310547,221.0866241455078,107.82090759277344,626.1358642578125
2026-07-02,308.3640441894531,389.7562561035156,194.61224365234375,139.78370666503906,111.8364486694336,332.9700012207031,58.43187713623047,1016.02392578125,212.75880432128906,85.0218734741211,261.74908447265625,23.90186309814453,128.7997283935547,422.7568359375,94.72439575195312,136.20802307128906,167.7361297607422,104.03610229492188,44.89704513549805,48.68659591674805,111.57289123535156,150.28810119628906,83.64089965820312,278.6493835449219,355.2818298339844,961.7459106445312,226.49000549316406,229.17236328125,108.92333221435547,619.791015625
2026-07-06,312.3905944824219,386.0133056640625,195.33143615722656,143.2615966796875,113.53984069824219,337.7200012207031,59.59593963623047,1050.1468505859375,220.88409423828125,86.95079803466797,258.0572509765625,23.312177658081055,126.0360336303711,415.4319152832031,94.95276641845703,135.5622100830078,166.64566040039062,102.89371490478516,45.48400115966797,48.58705139160156,110.38573455810547,148.2036590576172,82.46790313720703,277.5273742675781,348.0848693847656,968.1240234375,234.5399932861328,230.4884033203125,108.29336547851562,633.7277221679688
2026-07-07,310.3923034667969,388.109375,196.7098846435547,141.1090850830078,111.3582992553711,339.2200012207031,59.5561408996582,1037.896728515625,220.82440185546875,86.68234252929688,265.9284362792969,23.656160354614258,128.1038360595703,425.56951904296875,95.1612777709961,140.7784423828125,172.5045166015625,107.72151947021484,46.180381774902344,51.44394302368164,111.27361297607422,151.6181640625,83.55143737792969,280.2182312011719,342.6846618652344,938.3792114257812,231.67999267578125,224.3767547607422,110.20292663574219,602.1730346679688
2026-07-08,313.1199645996094,382.6197204589844,203.891845703125,140.00294494628906,113.38045501708984,330.6199951171875,58.004058837890625,1024.621826171875,216.87615966796875,85.07158660888672,262.1072998046875,23.636505126953125,125.25067138671875,422.995361328125,94.50595092773438,140.2220458984375,174.44757080078125,109.98641204833984,47.18517303466797,53.345218658447266,112.82987976074219,147.30039978027344,82.9052963256836,276.28619384765625,333.75048828125,946.324462890625,224.9499969482422,219.70077514648438,108.21463012695312,595.3193969726562
2026-07-09,315.947509765625,383.6377868652344,202.5533447265625,143.72000122070312,117.85311889648438,335.4700012207031,58.94923782348633,1050.823486328125,220.91392517089844,86.41388702392578,257.8283996582031,23.833066940307617,124.33607482910156,429.03814697265625,93.73147583007812,136.57565307617188,172.54417419433594,107.30429077148438,46.99615478515625,52.06110763549805,111.94200897216797,145.7618865966797,82.13985443115234,274.5386047363281,336.2520751953125,936.6524047851562,223.11000061035156,222.75161743164062,109.00206756591797,591.4885864257812
2026-07-10,315.0483093261719,384.37640380859375,210.72421264648438,140.63999938964844,120.8415298461914,336.4700012207031,59.367103576660156,1050.037353515625,221.06309509277344,86.66246032714844,255.7188262939453,23.75444221496582,122.81504821777344,422.0213623046875,93.26480865478516,137.9865264892578,174.87384033203125,108.31754302978516,47.513465881347656,52.648414611816406,113.62797546386719,145.95046997070312,82.99475860595703,272.6619567871094,340.78863525390625,950.6464233398438,222.27999877929688,225.74264526367188,110.70491790771484,585.462890625
2026-07-13,317.03656005859375,390.2553405761719,203.30250549316406,131.5399932861328,118.78948974609375,334.5299987792969,59.197967529296875,1040.8125,219.87960815429688,87.16954040527344,256.5049133300781,24.059110641479492,123.30217742919922,426.4640197753906,91.45769500732422,143.58029174804688,180.6236572265625,112.102294921875,47.115535736083984,54.55964660644531,114.50586700439453,147.27061462402344,83.75025177001953,270.68597412109375,334.6439208984375,929.7451782226562,215.50999450683594,221.5851287841797,111.11833190917969,584.245849609375
2026-07-14,314.58868408203125,384.20672607421875,211.5632781982422,127.94000244140625,116.63782501220703,342.8900146484375,60.31228256225586,1134.4439697265625,226.423583984375,84.80313110351562,252.60418701171875,23.833066940307617,120.07124328613281,422.587890625,88.33000183105469,144.15655517578125,180.18746948242188,111.12879180908203,47.29460525512695,54.32073974609375,113.4284439086914,144.99758911132812,82.58719635009766,267.0419006347656,335.2693176269531,931.6117553710938,217.11000061035156,222.0138397216797,111.8860855102539,583.0087890625
2026-07-15,327.2178039550781,394.8866271972656,212.26248168945312,132.49000549316406,111.33837127685547,346.9100036621094,61.27735900878906,1146.455078125,227.2987823486328,87.01045989990234,245.8076934814453,24.393266677856445,122.8846435546875,415.95867919921875,89.2699966430664,143.58029174804688,180.02886962890625,110.72150421142578,47.30455017089844,53.52439498901367,112.26124572753906,146.9530029296875,81.96092224121094,263.080078125,338.9422607421875,912.6069946289062,218.1199951171875,222.17335510253906,111.16754913330078,588.07666015625
2026-07-16,332.97283935546875,400.3463439941406,207.16818237304688,124.20999908447266,109.23652648925781,343.1499938964844,61.1778678894043,1090.1209716796875,217.17449951171875,87.5672607421875,248.7432098388672,24.707763671875,126.88105010986328,420.7889709472656,98.83000183105469,145.0110321044922,182.26930236816406,112.09236145019531,46.836978912353516,53.404945373535156,114.67546081542969,150.37742614746094,84.41627502441406,271.5299987792969,345.4740905761719,875.5457763671875,214.33999633789062,225.65292358398438,115.34100341796875,597.5440673828125
2026-07-17,333.452392578125,393.08001708984375,202.58331298828125,126.41000366210938,111.50772094726562,341.1000061035156,60.958984375,1060.0283203125,214.32022094726562,87.01045989990234,251.7981414794922,24.61931037902832,126.75181579589844,423.48236083984375,100.68000030517578,146.41195678710938,185.75885009765625,113.9499740600586,46.74744415283203,54.60941696166992,113.96715545654297,148.86868286132812,81.07620239257812,265.820556640625,336.39105224609375,878.6500244140625,214.02999877929688,224.3468475341797,115.87252807617188,595.8181762695312
2026-07-20,326.3085632324219,401.53411865234375,203.05279541015625,121.37999725341797,110.27250671386719,338.8699951171875,60.11329650878906,1049.8880615234375,209.78518676757812,85.83719635009766,247.59886169433594,24.32447052001953,123.67000579833984,418.97015380859375,101.66000366210938,147.40553283691406,188.06869506835938,114.91354370117188,46.15053939819336,54.93790817260742,111.9320297241211,148.02499389648438,81.63288879394531,265.7510986328125,330.60369873046875,864.2999877929688,209.47999572753906,225.50335693359375,111.37425231933594,584.60498046875
2026-07-21,327.45758056640625,397.00262451171875,207.0583038330078,127.05000305175781,111.74679565429688,345.2300109863281,60.909236907958984,1080.269287109375,215.2152862548828,87.23914337158203,249.3800811767578,24.51120376586914,125.51908874511719,433.6795959472656,99.66999816894531,150.73397827148438,189.41693115234375,116.72148895263672,46.34950637817383,56.24192428588867,110.12635803222656,147.00262451171875,81.48377990722656,262.0473937988281,329.1742248535156,889.969970703125,204.8000030517578,229.17236328125,114.5141830444336,585.4828491210938
2026-07-22,325.60919189453125,389.6065673828125,211.82298278808594,125.83999633789062,111.77667236328125,348.2099914550781,61.30720520019531,1092.84765625,217.3037872314453,85.92668151855469,254.3754425048828,24.393266677856445,126.72199249267578,428.67041015625,100.56999969482422,153.4563446044922,191.31039428710938,118.00293731689453,47.42393112182617,57.23735809326172,109.06888580322266,148.02499389648438,81.71240997314453,261.7098083496094,329.02532958984375,889.3099975585938,208.64999389648438,232.29299926757812,114.02202606201172,605.8842163085938
2026-07-23,321.3828430175781,380.8630065917969,208.5266571044922,120.04000091552734,112.32455444335938,349.8999938964844,60.968929290771484,1069.4820556640625,214.00196838378906,85.697998046875,257.99755859375,24.579999923706055,129.71432495117188,420.9678649902344,100.75,155.88064575195312,192.73794555664062,119.40359497070312,46.97625732421875,57.33689880371094,108.14111328125,145.88099670410156,80.68852233886719,260.9452209472656,322.3346252441406,894.5399780273438,209.22999572753906,245.5332794189453,112.30934143066406,608.5678100585938
2026-07-24,332.7330322265625,380.9828186035156,206.6088104248047,114.98999786376953,113.7291030883789,353.2099914550781,61.735023498535156,1056.057861328125,213.30580139160156,85.81730651855469,262.1072998046875,24.540000915527344,130.30087280273438,418.16510009765625,103.05999755859375,155.93032836914062,193.104736328125,119.46320343017578,52.1494140625,57.038272857666016,109.20855712890625,147.41000366210938,81.76211547851562,262.89141845703125,330.5441589355469,888.72998046875,209.52000427246094,242.42259216308594,112.98851013183594,626.66455078125
2026-07-27,336.61968994140625,388.368896484375,196.2903594970703,119.9000015258789,114.1275634765625,356.20001220703125,61.81461715698242,1043.1212158203125,213.38536071777344,86.7718276977539,264.6448059082031,24.670000076293945,129.99267578125,415.0841064453125,104.48999786376953,153.7742919921875,188.35618591308594,114.814208984375,51.264007568359375,54.67909622192383,111.47312927246094,148.6300048828125,83.57131958007812,268.75970458984375,333.6313781738281,873.280029296875,211.5,245.01483154296875,111.17738342285156,623.5321044921875
2026-07-28,339.78692626953125,392.61090087890625,196.789794921875,119.95999908447266,115.1336669921875,357.30999755859375,62.302127838134766,1028.3037109375,210.4216766357422,86.37411499023438,265.42095947265625,25.25,131.0464630126953,426.1658630371094,107.2699966430664,152.055419921875,185.95712280273438,113.34400939941406,49.722007751464844,53.68366622924805,112.82987976074219,148.8800048828125,87.74639892578125,271.09307861328125,341.9500732421875,840.8499755859375,221.55999755859375,246.31094360351562,103.87383270263672,638.3168334960938
2026-07-29,337.8985900878906,389.8061828613281,189.79762268066406,117.73999786376953,112.04563903808594,344.7099914550781,60.7599983215332,975.9700927734375,202.0179443359375,83.39124298095703,264.2268371582031,25.149999618530273,129.59503173828125,417.99615478515625,108.0,155.74154663085938,190.20008850097656,117.27777099609375,48.707271575927734,55.774070739746094,113.94721221923828,146.10000610351562,88.55160522460938,269.6036682128906,335.7954406738281,782.7100219726562,214.00999450683594,240.39866638183594,102.91905212402344,609.49560546875
2026-07-30,333.1426696777344,450.2524108886719,194.82199096679688,127.55999755859375,113.1214599609375,350.8500061035156,61.416648864746094,1019.8650512695312,208.91000366210938,84.94232940673828,254.56451416015625,24.90999984741211,129.0283660888672,418.8906555175781,105.61000061035156,155.96014404296875,190.6461944580078,118.24134826660156,48.65753173828125,55.69443893432617,110.83465576171875,143.9600067138672,87.96509552001953,266.5454406738281,330.91143798828125,809.1400146484375,220.89999389648438,241.18630981445312,103.61791229248047,598.0428466796875
2026-07-31,308.6438293457031,463.8468017578125,200.52561950683594,129.8699951171875,115.54207611083984,351.7900085449219,61.63553237915039,1013.4166870117188,210.4199981689453,85.95650482177734,255.09190368652344,25.010000228881836,129.4359588623047,411.8638916015625,105.69999694824219,154.4399871826172,195.12709045410156,119.68174743652344,49.334022521972656,56.809322357177734,110.93441772460938,144.49000549316406,87.0704345703125,268.72991943359375,329.5315856933594,814.8099975585938,216.13999938964844,242.32290649414062,102.58439636230469,591.2590942382812
2026-08-03,303.1585693359375,486.73370361328125,206.40904235839844,141.85000610351562,115.41258239746094,352.6400146484375,62.162841796875,1022.054443359375,211.22999572753906,87.38829040527344,253.1614227294922,25.030000686645508,127.02022552490234,412.8180236816406,107.12000274658203,154.0624237060547,191.5086669921875,118.37049102783203,49.05546951293945,55.21663284301758,110.44558715820312,144.97000122070312,86.34477233886719,263.35809326171875,337.5326232910156,830.030029296875,233.49000549316406,246.0317840576172,105.19281005859375,603.6195678710938
2026-08-04,309.1134033203125,491.884033203125,211.70310974121094,145.74000549316406,121.2698745727539,357.5199890136719,62.580711364746094,1047.8480224609375,217.0399932861328,87.88543701171875,253.67886352539062,25.40999984741211,127.2488784790039,405.0558166503906,105.45999908447266,152.96951293945312,188.75271606445312,117.1585693359375,50.547725677490234,54.8383674621582,111.28358459472656,148.00999450683594,86.04654693603516,266.4461364746094,345.6925048828125,876.5399780273438,237.16000366210938,248.0457305908203,107.39765167236328,615.9002685546875
2026-08-05,310.7320251464844,486.5440673828125,218.9749755859375,144.38999938964844,121.03079986572266,359.239990234375,62.928932189941406,1055.2119140625,218.27000427246094,88.66098022460938,256.3258056640625,25.809999465942383,127.57694244384766,410.2239990234375,105.70999908447266,150.6544952392578,184.7972412109375,114.27778625488281,49.65237045288086,53.564212799072266,112.07169342041016,146.8000030517578,86.31494903564453,272.0661926269531,350.5566711425781,871.0800170898438,240.19000244140625,247.3777313232422,106.00977325439453,610.5430908203125
2026-08-06,312.14080810546875,498.9207458496094,218.7452392578125,143.47000122070312,120.41319274902344,356.29998779296875,62.68020248413086,1027.54736328125,213.75,87.08999633789062,255.7188262939453,26.200000762939453,127.61669921875,401.49774169921875,107.95999908447266,153.84384155273438,187.59283447265625,115.98638916015625,51.273956298828125,55.784027099609375,111.8023452758789,146.97000122070312,86.33482360839844,274.31024169921875,346.963134765625,856.9600219726562,232.19000244140625,240.0198211669922,101.58039855957031,613.3763427734375
2026-08-07,313.05999755859375,499.0505065917969,223.70968627929688,147.02000427246094,120.96106719970703,357.5199890136719,62.849334716796875,1034.543212890625,216.3300018310547,87.25,257.96771240234375,26.760000228881836,127.82547760009766,404.58868408203125,107.80999755859375,152.055419921875,184.94593811035156,116.83075714111328,50.269168853759766,55.65462112426758,111.58287048339844,145.7899932861328,86.53364562988281,272.5428161621094,353.0185241699219,842.1900024414062,234.4199981689453,245.47344970703125,102.86000061035156,619.35205078125
2026-08-10,308.260009765625,505.109130859375,217.3068389892578,151.0500030517578,122.09666442871094,359.7900085449219,63.53583526611328,1029.468017578125,215.3300018310547,87.5199966430664,260.5251159667969,27.049999237060547,130.15174865722656,406.238525390625,108.62000274658203,158.76199340820312,193.2237091064453,122.21484375,52.92538833618164,58.38210678100586,112.39093780517578,146.44000244140625,86.3547134399414,271.78814697265625,348.21392822265625,837.5800170898438,232.7899932861328,242.2032470703125,103.07654571533203,607.82958984375
2026-08-11,304.9100036621094,502.86334228515625,217.25689697265625,145.47999572753906,119.96493530273438,362.0400085449219,63.67512512207031,1029.3685302734375,215.07000732421875,87.44999694824219,258.52496337890625,26.6200008392334,129.65467834472656,399.7286376953125,109.72000122070312,158.7719268798828,194.9585723876953,125.085693359375,53.40291213989258,58.79023361206055,112.989501953125,145.2100067138672,85.96702575683594,272.2151184082031,351.8868713378906,843.3699951171875,233.24000549316406,229.43157958984375,102.79109954833984,616.4789428710938
2026-08-12,302.25,491.5047302246094,223.8395233154297,153.27999877929688,123.40160369873047,365.17999267578125,64.48101043701172,1032.1549072265625,217.63999938964844,88.93000030517578,259.5797424316406,26.309999465942383,132.13999938964844,403.1078186035156,110.91000366210938,158.7222442626953,194.8990936279297,126.45655822753906,52.33843231201172,58.282562255859375,115.7329330444336,144.0800018310547,86.1956558227539,273.75421142578125,340.9176940917969,855.5999755859375,231.1999969482422,234.63595581054688,102.27925872802734,618.2946166992188
2026-08-13,305.260009765625,495.9463806152344,225.04818725585938,156.22000122070312,113.03181457519531,363.1099853515625,63.76466369628906,1037.5484619140625,218.3800048828125,88.11000061035156,260.79376220703125,26.799999237060547,134.75457763671875,396.6177978515625,111.2699966430664,157.58958435058594,195.98956298828125,123.6949691772461,51.79127502441406,57.43644714355469,115.4436264038086,144.25999450683594,86.90144348144531,270.3285217285156,339.2003479003906,854.5999755859375,230.3300018310547,233.29000854492188,103.88368225097656,610.9221801757812
2026-08-14,305.92999267578125,494.4691467285156,224.90834045410156,150.52000427246094,111.24872589111328,362.8399963378906,64.16263580322266,1034.3541259765625,217.36000061035156,88.81999969482422,259.072265625,26.790000915527344,135.04286193847656,399.2714538574219,111.25,159.07000732421875,198.26966857910156,125.93999481201172,53.49244689941406,58.09342956542969,114.99469757080078,144.5500030517578,87.18972778320312,270.9044189453125,336.381103515625,856.5700073242188,231.6699981689453,233.9600067138672,102.86000061035156,607.4005126953125
2026-08-17,305.5899963378906,479.44744873046875,224.7584991455078,146.64999389648438,112.4640121459961,360.9599914550781,63.56568145751953,1046.186279296875,218.2100067138672,87.54000091552734,261.0823669433594,26.8700008392334,135.17210388183594,393.1988525390625,110.37000274658203,161.4600067138672,200.94630432128906,127.55999755859375,53.58198165893555,58.77032470703125,114.05694580078125,143.1199951171875,86.46405792236328,263.6559753417969,335.4082946777344,881.6500244140625,225.9499969482422,229.4499969482422,102.0199966430664,598.4918212890625
2026-08-18,310.0299987792969,480.72503662109375,219.49440002441406,142.7899932861328,111.17899322509766,363.25,63.903961181640625,1035.39892578125,217.5500030517578,87.4000015258789,269.7794494628906,27.25,134.37680053710938,391.5191650390625,112.68000030517578,165.55999755859375,203.9600067138672,129.72000122070312,52.93533706665039,59.526851654052734,114.92486572265625,143.4499969482422,88.29314422607422,265.10565185546875,335.0211486816406,840.8699951171875,223.05999755859375,227.7100067138672,101.93000030517578,587.3184814453125
2026-08-19,316.8299865722656,483.3999938964844,217.31683349609375,143.80999755859375,110.12309265136719,357.260009765625,62.849334716796875,1016.6707763671875,214.22999572753906,85.94000244140625,272.06817626953125,28.239999771118164,151.30686950683594,386.2317199707031,114.43000030517578,164.77000427246094,205.75999450683594,130.5800018310547,53.27357864379883,59.815528869628906,114.02702331542969,144.3800048828125,89.8140640258789,265.5624084472656,341.78131103515625,816.1500244140625,222.1999969482422,221.72999572753906,102.86000061035156,579.2477416992188
2026-08-20,311.29998779296875,481.1499938964844,216.60763549804688,142.07000732421875,109.16678619384766,351.54998779296875,61.545989990234375,997.0667724609375,207.4499969482422,83.69999694824219,266.0578308105469,27.790000915527344,148.11570739746094,382.4947509765625,114.13999938964844,166.14999389648438,205.77000427246094,134.88999938964844,53.27357864379883,61.23899841308594,103.59199523925781,142.97000122070312,89.96318054199219,267.2305603027344,332.0430908203125,815.3900146484375,215.10000610351562,218.32000732421875,102.58000183105469,619.4617919921875
2026-08-21,309.3500061035156,483.239990234375,214.48001098632812,146.47000122070312,110.61119842529297,351.5799865722656,61.37685012817383,1034.21484375,214.1999969482422,83.83999633789062,268.9137268066406,28.06999969482422,151.65481567382812,387.7225341796875,116.63999938964844,165.11000061035156,205.27000427246094,134.8699951171875,53.59192657470703,61.02000045776367,103.69999694824219,144.67999267578125,90.55961608886719,269.0377197265625,333.1548767089844,827.9000244140625,214.1999969482422,215.89999389648438,102.01000213623047,645.9285888671875
2026-08-24,310.3399963378906,487.30999755859375,208.24697875976562,142.4499969482422,109.80432891845703,356.3900146484375,62.01360321044922,1031.2294921875,214.0800018310547,84.72000122070312,271.70001220703125,27.969999313354492,149.77590942382812,396.31964111328125,116.66999816894531,164.0500030517578,203.08999633789062,133.35000610351562,53.72126007080078,59.8354377746582,106.48999786376953,146.60000610351562,91.4443359375,270.6164855957031,334.9615783691406,811.02001953125,210.4600067138672,214.77000427246094,102.72000122070312,647.0958862304688
2026-08-25,309.8999938964844,491.7099914550781,212.81187438964844,144.75999450683594,110.68092346191406,356.69000244140625,62.113094329833984,1053.71923828125,216.77000427246094,84.79000091552734,273.1400146484375,28.56999969482422,155.53192138671875,394.16290283203125,116.12999725341797,160.63999938964844,199.88999938964844,131.83999633789062,53.014923095703125,58.1431999206543,105.37999725341797,145.39999389648438,91.0964126586914,266.20782470703125,335.4082946777344,811.2899780273438,211.0800018310547,215.67999267578125,105.13999938964844,629.1586303710938
2026-08-26,313.45001220703125,496.3699951171875,209.4256591796875,148.8699951171875,111.92609405517578,356.5,61.91410827636719,1035.3890380859375,214.0800018310547,85.2300033569336,270.0,28.299999237060547,152.20159912109375,398.5558776855469,114.0999984741211,158.19000244140625,200.2100067138672,130.61000061035156,53.32332229614258,58.35224151611328,104.33999633789062,145.0,89.54566955566406,265.04608154296875,332.40045166015625,821.9299926757812,212.08999633789062,220.6699981689453,105.6500015258789,633.0293579101562
2026-08-27,314.5799865722656,505.05999755859375,227.7251739501953,151.94000244140625,111.71691131591797,354.2200012207031,60.85948944091797,1035.7969970703125,214.86000061035156,84.97000122070312,265.7699890136719,28.020000457763672,148.6624755859375,392.63232421875,111.58999633789062,156.44000244140625,199.77000427246094,129.52000427246094,54.726043701171875,58.89972686767578,102.62999725341797,143.13999938964844,88.5317153930664,258.2245788574219,326.2060852050781,817.0,209.88999938964844,220.38999938964844,105.68000030517578,621.1776733398438
2026-08-28,319.70001220703125,513.530029296875,217.3068389892578,150.85000610351562,109.50547790527344,357.6199951171875,62.00365447998047,1028.9505615234375,214.77000427246094,86.69000244140625,268.0400085449219,27.959999084472656,147.47946166992188,390.5451965332031,112.47000122070312,156.7100067138672,201.86000061035156,130.35000610351562,57.03407287597656,58.830047607421875,103.08999633789062,143.77999877929688,89.12816619873047,263.12969970703125,327.7745361328125,800.25,209.82000732421875,217.42999267578125,105.33000183105469,628.8294677734375
2026-08-31,316.8500061035156,507.2900085449219,220.53323364257812,149.1199951171875,110.06331634521484,356.0199890136719,61.625579833984375,1020.9000244140625,213.32000732421875,86.38999938964844,265.8500061035156,28.459999084472656,146.89291381835938,387.02685546875,110.36000061035156,160.9499969482422,206.13999938964844,132.49000549316406,59.78976821899414,59.90511703491211,104.87000274658203,145.1199951171875,88.14402770996094,261.6800231933594,325.4317932128906,797.469970703125,207.77999877929688,213.52999877929688,104.2300033569336,653.3508911132812
2026-09-01,325.1300048828125,501.0199890136719,217.1969757080078,141.32000732421875,109.31621551513672,354.95001220703125,61.675331115722656,1002.5599975585938,211.0399932861328,87.04000091552734,271.19000244140625,28.549999237060547,148.98060607910156,393.8746643066406,108.93000030517578,164.5500030517578,211.0500030517578,136.19000244140625,56.85499954223633,60.671600341796875,105.91999816894531,146.2100067138672,87.4780044555664,261.1099853515625,317.4307556152344,779.1599731445312,205.66000366210938,209.97999572753906,102.66000366210938,674.4705200195312
2026-09-02,324.9599914550781,496.82000732421875,224.1591796875,145.75,109.03729248046875,356.2200012207031,62.282230377197266,1004.4199829101562,211.82000732421875,89.2699966430664,275.2099914550781,29.020000457763672,150.75015258789062,397.214111328125,110.47000122070312,164.14999389648438,211.77999877929688,137.1999969482422,58.130001068115234,60.63178253173828,106.08999633789062,147.63999938964844,87.71658325195312,260.95001220703125,316.17999267578125,792.280029296875,208.8699951171875,206.07000732421875,103.01000213623047,696.7074584960938
2026-09-03,328.2099914550781,510.1199951171875,228.1946563720703,154.0399932861328,108.19058227539062,362.05999755859375,62.71999740600586,1037.9300537109375,217.14999389648438,89.19000244140625,278.42999267578125,28.809999465942383,151.446044921875,398.4862976074219,108.79000091552734,162.2100067138672,211.32000732421875,135.72000122070312,57.40999984741211,60.333152770996094,108.41999816894531,146.9199981689453,88.283203125,259.6300048828125,318.07000732421875,800.1400146484375,210.50999450683594,207.6300048828125,103.5,692.7568359375
2026-09-04,319.9700012207031,499.70001220703125,230.10252380371094,158.77999877929688,108.7782974243164,358.6400146484375,62.68000030517578,1038.6099853515625,217.72000122070312,89.97000122070312,275.2300109863281,28.450000762939453,149.44784545898438,394.7095642089844,108.33000183105469,159.47000122070312,208.60000610351562,134.25999450683594,57.5099983215332,59.7657585144043,107.13999938964844,146.44000244140625,87.54759216308594,255.69000244140625,321.04998779296875,813.9400024414062,212.25,209.61000061035156,102.29000091552734,691.8790283203125
2026-09-08,316.2200012207031,493.95001220703125,225.47769165039062,162.52000427246094,108.7484130859375,353.510009765625,62.38999938964844,1036.530029296875,216.24000549316406,87.95999908447266,269.1199951171875,27.790000915527344,147.5888214111328,398.38690185546875,105.5199966430664,160.66000366210938,209.8000030517578,135.0399932861328,57.099998474121094,60.37297058105469,106.05000305175781,145.5800018310547,87.83586883544922,255.80999755859375,313.70001220703125,822.47998046875,210.72999572753906,208.24000549316406,100.4800033569336,679.1094360351562
2026-09-09,315.3399963378906,491.6499938964844,223.4199981689453,161.6300048828125,109.00740814208984,354.7099914550781,62.66999816894531,1028.780029296875,215.35000610351562,89.66999816894531,267.0799865722656,27.780000686645508,146.66427612304688,390.6545104980469,105.2300033569336,164.22999572753906,213.80999755859375,136.52999877929688,57.04999923706055,61.02000045776367,105.83000183105469,142.63999938964844,87.03067779541016,253.47999572753906,310.45001220703125,815.5599975585938,206.4199981689453,204.92999267578125,99.22000122070312,675.5978393554688
2026-09-10,326.57000732421875,492.44000244140625,218.36000061035156,152.94000244140625,107.02510070800781,353.55999755859375,62.560001373291016,1019.77001953125,212.66000366210938,89.44999694824219,266.3500061035156,27.649999618530273,143.86082458496094,385.90374755859375,103.36000061035156,165.22999572753906,212.75999450683594,137.0399932861328,56.0099983215332,61.15999984741211,105.7300033569336,142.97000122070312,87.30902099609375,253.0500030517578,305.69000244140625,805.0,204.8000030517578,202.17999267578125,99.97000122070312,676.3261108398438
2026-09-11,332.2699890136719,495.6300048828125,218.2899932861328,150.27999877929688,111.69698333740234,356.2300109863281,62.689998626708984,1029.1800537109375,214.3800048828125,90.29000091552734,265.5799865722656,27.719999313354492,143.08538818359375,376.7699890136719,101.94999694824219,165.99000549316406,214.05999755859375,137.35000610351562,56.060001373291016,61.459999084472656,107.1500015258789,145.27000427246094,87.76628875732422,252.52999877929688,308.739990234375,818.5700073242188,210.4499969482422,202.36000061035156,100.27999877929688,674.13134765625
2026-09-14,333.0799865722656,505.4100036621094,210.9600067138672,144.7899932861328,109.63497924804688,350.1300048828125,59.470001220703125,988.4500122070312,206.5800018310547,88.70999908447266,266.32000732421875,27.719999313354492,144.0,383.54998779296875,103.08999633789062,165.0800018310547,212.1699981689453,136.6699981689453,53.31999969482422,61.779998779296875,109.08000183105469,146.1300048828125,88.81999969482422,257.489990234375,310.8699951171875,784.0,210.27000427246094,201.3800048828125,102.45999908447266,679.8377075195312
2026-09-15,331.3399963378906,497.1199951171875,212.1699981689453,140.35000610351562,109.64494323730469,352.489990234375,59.52000045776367,976.6699829101562,206.27999877929688,89.72000122070312,267.20001220703125,27.549999237060547,143.7899932861328,375.92999267578125,102.02999877929688,169.32000732421875,217.77000427246094,141.22000122070312,54.20000076293945,63.52000045776367,108.08999633789062,146.6699981689453,88.70999908447266,252.77999877929688,305.4800109863281,783.5399780273438,209.69000244140625,203.44000244140625,102.3499984741211,682.4115600585938
2026-09-16,332.4100036621094,490.29998779296875,213.89999389648438,143.16000366210938,107.32393646240234,348.9200134277344,57.900001525878906,937.97998046875,202.4199981689453,87.05000305175781,267.2799987792969,27.459999084472656,144.91000366210938,375.260009765625,102.36000061035156,163.32000732421875,211.5399932861328,132.5399932861328,52.29999923706055,59.36000061035156,107.5,147.02000427246094,87.87000274658203,248.55999755859375,302.4700012207031,782.719970703125,201.9600067138672,207.66000366210938,98.7699966430664,667.876220703125
2026-09-17,337.0,497.75,219.33999633789062,150.58999633789062,109.81427764892578,349.30999755859375,58.18000030517578,951.469970703125,203.52000427246094,86.88999938964844,270.2200012207031,27.639999389648438,147.14999389648438,375.2099914550781,102.2300033569336,163.27000427246094,211.57000732421875,133.19000244140625,52.08000183105469,59.290000915527344,106.79000091552734,147.5500030517578,88.05999755859375,248.47999572753906,302.510009765625,798.5700073242188,197.0,206.49000549316406,100.16999816894531,683.997802734375
2026-09-18,336.1300048828125,493.7799987792969,222.27000427246094,147.61000061035156,109.08710479736328,349.6700134277344,57.72999954223633,942.0,202.5800018310547,86.12000274658203,269.989990234375,27.65999984741211,146.8699951171875,376.8999938964844,102.61000061035156,163.5399932861328,209.50999450683594,131.8300018310547,51.119998931884766,58.84000015258789,106.7300033569336,146.38999938964844,88.25,248.24000549316406,299.9800109863281,808.989990234375,198.1999969482422,206.4600067138672,99.05999755859375,682.3616943359375
2026-09-21,338.9800109863281,501.6099853515625,227.3800048828125,148.55999755859375,111.02957153320312,352.0400085449219,57.959999084472656,959.3900146484375,206.1199951171875,86.54000091552734,269.4700012207031,27.739999771118164,149.5,377.55999755859375,102.9800033569336,158.3000030517578,203.6699981689453,127.52999877929688,51.7599983215332,57.25,107.44000244140625,146.0800018310547,87.12000274658203,247.8800048828125,297.20001220703125,816.5,201.14999389648438,206.47999572753906,94.75,683.0999145507812
2026-09-22,339.75,498.0,228.8699951171875,149.1999969482422,106.02896118164062,340.0,56.20000076293945,949.489990234375,200.17999267578125,83.1500015258789,269.19000244140625,27.93000030517578,150.91000366210938,372.95001220703125,103.69000244140625,158.7100067138672,202.41000366210938,125.2699966430664,52.119998931884766,56.310001373291016,110.12000274658203,148.22000122070312,88.61000061035156,250.35000610351562,305.3500061035156,808.010009765625,197.72000122070312,211.85000610351562,95.87000274658203,701.4461669921875
2026-09-23,337.0199890136719,500.5899963378906,225.50999450683594,144.55999755859375,106.01899719238281,337.5299987792969,56.0,936.3599853515625,198.38999938964844,81.9000015258789,269.1700134277344,28.18000030517578,148.0800018310547,371.2900085449219,103.48999786376953,161.22999572753906,205.50999450683594,128.08999633789062,51.869998931884766,57.36000061035156,110.52999877929688,147.38999938964844,88.08999633789062,238.32000732421875,296.7200012207031,812.02001953125,199.92999267578125,212.57000732421875,95.81999969482422,707.791015625
2026-09-24,335.9200134277344,497.92999267578125,224.5800018310547,139.5399932861328,106.55691528320312,338.55999755859375,56.029998779296875,923.2899780273438,196.32000732421875,82.18000030517578,270.67999267578125,28.40999984741211,147.97999572753906,375.010009765625,101.06999969482422,162.13999938964844,205.64999389648438,129.33999633789062,51.43000030517578,58.04999923706055,107.58999633789062,145.67999267578125,88.0999984741211,237.02000427246094,292.17999267578125,805.25,196.8000030517578,211.7899932861328,92.05000305175781,693.28564453125
2026-09-25,341.07000732421875,516.1699829101562,225.07000732421875,137.10000610351562,106.28794860839844,343.05999755859375,56.70000076293945,935.4500122070312,196.30999755859375,82.97000122070312,271.2200012207031,28.670000076293945,148.77999877929688,376.5899963378906,101.29000091552734,160.58999633789062,204.4499969482422,127.30000305175781,51.540000915527344,56.86000061035156,107.9800033569336,146.22999572753906,87.80999755859375,236.5,293.20001220703125,821.5800170898438,198.07000732421875,212.5500030517578,93.95999908447266,688.8162841796875
2026-09-28,338.3999938964844,509.2200012207031,228.86000061035156,132.60000610351562,106.32779693603516,336.5899963378906,55.470001220703125,916.280029296875,193.63999938964844,80.80999755859375,271.95001220703125,28.719999313354492,148.69000244140625,377.8299865722656,100.9800033569336,162.52000427246094,206.3699951171875,126.04000091552734,51.4900016784668,56.099998474121094,108.7300033569336,149.02999877929688,87.18000030517578,233.60000610351562,289.8900146484375,819.9500122070312,184.38999938964844,211.52000427246094,94.25,687.9483642578125
2026-09-29,329.3999938964844,508.9599914550781,227.2100067138672,137.7899932861328,106.52703094482422,334.9800109863281,54.959999084472656,916.239990234375,192.75999450683594,80.4800033569336,267.57000732421875,28.719999313354492,149.27999877929688,374.94000244140625,100.94999694824219,161.35000610351562,204.3800048828125,125.44000244140625,49.869998931884766,54.939998626708984,106.80000305175781,148.32000732421875,86.83999633789062,233.97999572753906,288.0400085449219,826.6400146484375,187.67999267578125,210.1300048828125,93.93000030517578,678.8800048828125
2026-09-30,333.0199890136719,512.9000244140625,228.3800048828125,137.3000030517578,107.21436309814453,330.8299865722656,54.43000030517578,900.3599853515625,188.0800018310547,80.05000305175781,264.739990234375,28.520000457763672,145.30999755859375,367.0799865722656,98.83000183105469,162.75,204.2100067138672,125.1500015258789,48.720001220703125,55.31999969482422,103.91999816894531,145.27999877929688,86.08000183105469,230.94000244140625,284.489990234375,810.7899780273438,186.0500030517578,210.94000244140625,93.44000244140625,671.5499877929688
